ACATTCACGTCATCCCTAAGTGAAG: CATTCACGTCATCCCTAAGTGAAGG
TAATCTCGGTGGTCTCTCGACGGGC: AATCTCGGTGGTCTCTCGACGGGCA
TAAGACCTAAACAGAACAACGCCAT: AAGACCTAAACAGAACAACGCCATC
AGAATATCGCCCGAAGGCGGGATGG: GAATATCGCCCGAAGGCGGGATGGA
GCCGTATGAGCCTCATAAAATAGCC: CCGTATGAGCCTCATAAAATAGCCA
AGACATTGAACGTTATTACGCCCAG: GACATTGAACGTTATTACGCCCAGC
GCCATAGCCACCGGGCGTCACCTGA: CCATAGCCACCGGGCGTCACCTGAA
AAGGCAATCCAGCGCCCCGCTAGCT: AGGCAATCCAGCGCCCCGCTAGCTG
ATAAATTTAAGAAATGAGTTAGATG: TAAATTTAAGAAATGAGTTAGATGG
AAATGGCGGGCATTCTGTGCTCGCC: AATGGCGGGCATTCTGTGCTCGCCA
CGATAAAATGGCGGGCATTCTGTGC: GATAAAATGGCGGGCATTCTGTGCT
CACGGACTCCACGACGTATATGCTC: ACGGACTCCACGACGTATATGCTCG
TGATTTAGCTTGTGGGTCGTATATA: GATTTAGCTTGTGGGTCGTATATAC
ATTGTTTGTAATCATGCGGCTACTA: TTGTTTGTAATCATGCGGCTACTAT
CCATGCTACACACTAAGCGCATCAA: CATGCTACACACTAAGCGCATCAAC
GAGTGAGATGATGTGCTACTTAACG: AGTGAGATGATGTGCTACTTAACGG
TTAATTCTCTTTCCAGCTGTGACAG: TAATTCTCTTTCCAGCTGTGACAGT
TGTAGCGTTTGGTTCGGATAAAATC: GTAGCGTTTGGTTCGGATAAAATCG
TAAAGCTGTCACCAGTCTCTAGTCA: AAAGCTGTCACCAGTCTCTAGTCAC
TAATCACGAAGTCTGCGATTGATTT: AATCACGAAGTCTGCGATTGATTTT
GGGACTGGCTGAATCCTCATAACTT: GGACTGGCTGAATCCTCATAACTTG
TTAACAACTTTACGAATCCTGACAG: TAACAACTTTACGAATCCTGACAGA
CTCATAACTTGCGGACGGCATTGGG: TCATAACTTGCGGACGGCATTGGGA
AGTTGCTTCTATTCATGGAAAACCA: GTTGCTTCTATTCATGGAAAACCAA
TCACGCCGATTTGGTAGTTGCTTCT: CACGCCGATTTGGTAGTTGCTTCTA
AAACTCTCAGAGCCATGACGTTTGA: AACTCTCAGAGCCATGACGTTTGAA
TAAATCTGTTCTTATGAGATATATG: AAATCTGTTCTTATGAGATATATGT
CTAGCGCTCAAACATGGTACTTCTT: TAGCGCTCAAACATGGTACTTCTTG
TAACCCTACTAGACACGGATTTTGA: AACCCTACTAGACACGGATTTTGAA
ATCAGCCCCTTGTGTTTGACATTGA: TCAGCCCCTTGTGTTTGACATTGAC
GATAACACTGGATAGGCGTAAAGCT: ATAACACTGGATAGGCGTAAAGCTG
TTTCCAGCTGTGACAGTCGTAACGG: TTCCAGCTGTGACAGTCGTAACGGC
CAAATTGACCCACTGCTAAGCGACC: AAATTGACCCACTGCTAAGCGACCT
TGTTTGGTAGAATCATTGTCTCCCA: GTTTGGTAGAATCATTGTCTCCCAC
ACTACGTGCTTTGATACAGCTGGTC: CTACGTGCTTTGATACAGCTGGTCC
CTTATGAGATATATGTGTCATCTCG: TTATGAGATATATGTGTCATCTCGG
CTTTGTAAAAGAGGCGGCAAACGCA: TTTGTAAAAGAGGCGGCAAACGCAG
ACCGCTAAAGCATCAAGTCCCGAAC: CCGCTAAAGCATCAAGTCCCGAACT
CTCGGCCCTTACTTCAGTGGCAAAT: TCGGCCCTTACTTCAGTGGCAAATT
GATACAGCTGGTCCAGACTTTCTAG: ATACAGCTGGTCCAGACTTTCTAGA
ATTGATTTAGCTTGTGGGTCGTATA: TTGATTTAGCTTGTGGGTCGTATAT
TACGGTCGACACTCTGGCCAAGGCA: ACGGTCGACACTCTGGCCAAGGCAC
CTTCGGCCGAGACGGGTTTAAATTG: TTCGGCCGAGACGGGTTTAAATTGA
GGATTAGTGGGGGAGCCCATGAGAC: GATTAGTGGGGGAGCCCATGAGACC
GGAAATAAGGTACCTGACATAACCA: GAAATAAGGTACCTGACATAACCAA
AGAGCGACTACGTGCTTTGATACAG: GAGCGACTACGTGCTTTGATACAGC
CGGACCATTGCACCTCCGTGACCAA: GGACCATTGCACCTCCGTGACCAAA
TGCACAGACTGAAGTCATTCTGTGT: GCACAGACTGAAGTCATTCTGTGTC
CGCCCAGTGGAGGCACTTCGGCGCC: GCCCAGTGGAGGCACTTCGGCGCCG
TTTGTAGTACTCAGATAACACTGGA: TTGTAGTACTCAGATAACACTGGAT
CTCTAGATGTACTTATCGCATAATC: TCTAGATGTACTTATCGCATAATCA
CTAGAGCACAATCATATTTTCACGC: TAGAGCACAATCATATTTTCACGCT
ACCGTTAATATCTCCTGTACGGTCG: CCGTTAATATCTCCTGTACGGTCGA
TTAGTCGCTGATATGTCCTTGCGGC: TAGTCGCTGATATGTCCTTGCGGCC
CTAAGTGAAGGTAGCGTCGCCCTTG: TAAGTGAAGGTAGCGTCGCCCTTGT
CACAATCTTTAGTCGCTGATATGTC: ACAATCTTTAGTCGCTGATATGTCC
CTTGTCCCTTACCCATGTTGTCCGA: TTGTCCCTTACCCATGTTGTCCGAA
AACGTTCTCTCCCTACGTGCCTAGC: ACGTTCTCTCCCTACGTGCCTAGCT
TGAGATGATGTGCTACTTAACGGCA: GAGATGATGTGCTACTTAACGGCAA
AGTTTGCAGATAAGACGTTCCTCAA: GTTTGCAGATAAGACGTTCCTCAAG
GGTAAGGCAATCCAGCGCCCCGCTA: GTAAGGCAATCCAGCGCCCCGCTAG
GAAGTCATTCTGTGTCGGCCGGGCA: AAGTCATTCTGTGTCGGCCGGGCAT
CAACATCGTCAGAAGTGACTTAAGA: AACATCGTCAGAAGTGACTTAAGAA
CGCAAAACCTGGATTAGTGGGGGAG: GCAAAACCTGGATTAGTGGGGGAGC
AATCTGTTCTTATGAGATATATGTG: ATCTGTTCTTATGAGATATATGTGT
TGAACCTCCATTTAGCATCCGTCAG: GAACCTCCATTTAGCATCCGTCAGG
ATCGAGCGTTCCAAATGCCCGCTCG: TCGAGCGTTCCAAATGCCCGCTCGG
CCTCACTAAGCACTTTCATGAAGTA: CTCACTAAGCACTTTCATGAAGTAC
CTTGGTAAATCTGTTCTTATGAGAT: TTGGTAAATCTGTTCTTATGAGATA
GTCAGGCGCCTAGCTACTAGCTATG: TCAGGCGCCTAGCTACTAGCTATGG
TCCAAATGCCCGCTCGGCCTCAAAA: CCAAATGCCCGCTCGGCCTCAAAAA
GTTGATGGATTTTCCTAGGTAGAAA: TTGATGGATTTTCCTAGGTAGAAAA
CCTGACAGAAATTAGAAGGGAGTTG: CTGACAGAAATTAGAAGGGAGTTGC
GCTGGTCCAGACTTTCTAGAGCACA: CTGGTCCAGACTTTCTAGAGCACAA
ACTGAGATCTAATCTCGGTGGTCTC: CTGAGATCTAATCTCGGTGGTCTCT
GCCTAAGGTCACGGTCTTCACAGCA: CCTAAGGTCACGGTCTTCACAGCAT
GGGCTGGCCTTGTTGCGCAAAACCT: GGCTGGCCTTGTTGCGCAAAACCTG
GCACATATGGGCAGGCGCCTCGCCA: CACATATGGGCAGGCGCCTCGCCAC
ATGGTTTTAGTGGTTCCGCACGACC: TGGTTTTAGTGGTTCCGCACGACCT
TCCTCTGGTTGTTTGAACTGGTGAG: CCTCTGGTTGTTTGAACTGGTGAGT
TGGCCAAGGCACATATGGGCAGGCG: GGCCAAGGCACATATGGGCAGGCGC
GTGAATAAGAATCAGCCCCTTGTGT: TGAATAAGAATCAGCCCCTTGTGTT
TTAGATCGTGGAAAGCGTGCTTATC: TAGATCGTGGAAAGCGTGCTTATCC
TATACCGTTCTGGCCTCGAGAACTT: ATACCGTTCTGGCCTCGAGAACTTT
CCGAACTGGCGATGCACCGCTGTTA: CGAACTGGCGATGCACCGCTGTTAG
TCTTCGCAGTGAATCCTAGTGAATA: CTTCGCAGTGAATCCTAGTGAATAA
TTTAGATCGTGGAAAGCGTGCTTAT: TTAGATCGTGGAAAGCGTGCTTATC
CCCTAAGTGAAGGTAGCGTCGCCCT: CCTAAGTGAAGGTAGCGTCGCCCTT
TACCCTCCCGCCCACGGTAATTACT: ACCCTCCCGCCCACGGTAATTACTA
TTACGGCCCGAGTGAGATGATGTGC: TACGGCCCGAGTGAGATGATGTGCT
GGAAAGCGTGCTTATCCCTTAGGTA: GAAAGCGTGCTTATCCCTTAGGTAT
CTGCAAATTTGTTACTTGCCCTCGG: TGCAAATTTGTTACTTGCCCTCGGG
ACGGGGGCGTAGCAAACATGAGCGC: CGGGGGCGTAGCAAACATGAGCGCC
CCTTAGTAATTAATTTTATGCCCGG: CTTAGTAATTAATTTTATGCCCGGA
ATGAGTTAGATGGCGCCTGTTATTT: TGAGTTAGATGGCGCCTGTTATTTC
CACCACCGTCCTAATCATCAAGAAA: ACCACCGTCCTAATCATCAAGAAAC
TTACGGCTTTGTAAAAGAGGCGGCA: TACGGCTTTGTAAAAGAGGCGGCAA
CGGGTAGGGGGGAGTGTTGTGATCA: GGGTAGGGGGGAGTGTTGTGATCAA
ATTGTCGTACGTCAAGTACGGCCTT: TTGTCGTACGTCAAGTACGGCCTTG
TCCGCTATAGTCGAATCGGCTGACT: CCGCTATAGTCGAATCGGCTGACTG
CCGCTGTTAGATCAAGTAGTCCTTT: CGCTGTTAGATCAAGTAGTCCTTTT
TGGTGAGTTTAATCACGAAGTCTGC: GGTGAGTTTAATCACGAAGTCTGCG
GGGCCTGTCCCGAGAGCCAGGGGGA: GGCCTGTCCCGAGAGCCAGGGGGAT
ATTGGCAAGGCAGTTAGTAGATGTC: TTGGCAAGGCAGTTAGTAGATGTCC
AGAATTGTAGGAGAAAAGTGCCGCC: GAATTGTAGGAGAAAAGTGCCGCCC
CAGAAGACATTGAACGTTATTACGC: AGAAGACATTGAACGTTATTACGCC
AACACAAATTGTGTTGCCGTGGCGA: ACACAAATTGTGTTGCCGTGGCGAT
AATTCTCAGAAGTCGTCATGGTCAC: ATTCTCAGAAGTCGTCATGGTCACG
GGAACTGCAGAGGTGGCCTAACCAC: GAACTGCAGAGGTGGCCTAACCACG
TTGTTTTGTCATCACGGACCATTGC: TGTTTTGTCATCACGGACCATTGCA
TTATCATGTAAGTGTACTCTCTACG: TATCATGTAAGTGTACTCTCTACGG
CTCTGGTTGTTTGAACTGGTGAGTT: TCTGGTTGTTTGAACTGGTGAGTTT
AACATCGTCAGAAGTGACTTAAGAA: ACATCGTCAGAAGTGACTTAAGAAC
AACGATTATATCGCGGTTACAAACC: ACGATTATATCGCGGTTACAAACCA
GCTAAGCGACCTCTTCGCAGTGAAT: CTAAGCGACCTCTTCGCAGTGAATC
CGCCCTTGTAAGCCTTCGGCCGAGA: GCCCTTGTAAGCCTTCGGCCGAGAC
ACGAATCCTGACAGAAATTAGAAGG: CGAATCCTGACAGAAATTAGAAGGG
AGAAGACATTGAACGTTATTACGCC: GAAGACATTGAACGTTATTACGCCC
TCCAGCTGTGACAGTCGTAACGGCC: CCAGCTGTGACAGTCGTAACGGCCC
AGTACATTTTATAACCAGGCGCGAC: GTACATTTTATAACCAGGCGCGACA
GTCCAGACTTTCTAGAGCACAATCA: TCCAGACTTTCTAGAGCACAATCAT
AGCTTAACAACTTTACGAATCCTGA: GCTTAACAACTTTACGAATCCTGAC
TGGAAAGCGTGCTTATCCCTTAGGT: GGAAAGCGTGCTTATCCCTTAGGTA
TAAGGTTGGACAGTGACACCCCATC: AAGGTTGGACAGTGACACCCCATCC
TCTGGGAACGAGCGGGGCCCCCCAC: CTGGGAACGAGCGGGGCCCCCCACC
AGTCTCTAGTCACCACATTAACGTT: GTCTCTAGTCACCACATTAACGTTC
GTGGTCTCTCGACGGGCAACCACGG: TGGTCTCTCGACGGGCAACCACGGG
TCCGCCGTCAACCGCTAAAGCATCA: CCGCCGTCAACCGCTAAAGCATCAA
AGGACGAGGAAATAACGGTTTACGG: GGACGAGGAAATAACGGTTTACGGC
TCCATAGGATTAGGCAGAAGACATT: CCATAGGATTAGGCAGAAGACATTG
TGTAAGTGTACTCTCTACGGGGGCG: GTAAGTGTACTCTCTACGGGGGCGT
GCGATTCATTGCAGCCCACCCTAGC: CGATTCATTGCAGCCCACCCTAGCA
CGGTAAGGCAATCCAGCGCCCCGCT: GGTAAGGCAATCCAGCGCCCCGCTA
CGGCCTCAAAAAATGTCCTCGAGCA: GGCCTCAAAAAATGTCCTCGAGCAC
TCCTACGTCTCGTGTGAGTTAGAAT: CCTACGTCTCGTGTGAGTTAGAATA
CGACTACGTGCTTTGATACAGCTGG: GACTACGTGCTTTGATACAGCTGGT
AGCCACGTTGGCACTATCGCCTAAG: GCCACGTTGGCACTATCGCCTAAGG
CGTGCGTGCACTCCCAATGGTTAGC: GTGCGTGCACTCCCAATGGTTAGCA
GGTAGTTGCTTCTATTCATGGAAAA: GTAGTTGCTTCTATTCATGGAAAAC
GCCGTGGCGATCCTGCGCCCTTTCT: CCGTGGCGATCCTGCGCCCTTTCTG
GAGATCTTATCGATCTAAACTCGAT: AGATCTTATCGATCTAAACTCGATT
ACCTGACATAACCAACGACACTTCC: CCTGACATAACCAACGACACTTCCT
AAACTCACATGGCTATGGAGATGAT: AACTCACATGGCTATGGAGATGATT
CATTGACAACGGCTTTGACTATTAT: ATTGACAACGGCTTTGACTATTATC
GGGTCGGCAACTGCAAATTTGTTAC: GGTCGGCAACTGCAAATTTGTTACT
GCTACCACCGCCAGAAGCCGAGCTA: CTACCACCGCCAGAAGCCGAGCTAT
GGAAACAGTTAGAACGATGCCTGTA: GAAACAGTTAGAACGATGCCTGTAC
ACGGGCAACCACGGGGAATTGAATG: CGGGCAACCACGGGGAATTGAATGC
CGTATGAGCCTCATAAAATAGCCAT: GTATGAGCCTCATAAAATAGCCATG
GTCCTACAGCAGGCCTTGATGCTTG: TCCTACAGCAGGCCTTGATGCTTGT
CACCGGTGGTCAGTACATTTTATAA: ACCGGTGGTCAGTACATTTTATAAC
AAGTAGTCCTTTTTGATATGAAAAT: AGTAGTCCTTTTTGATATGAAAATA
GTAAGGCTTCTGGGGTGTCCGCTAT: TAAGGCTTCTGGGGTGTCCGCTATA
TGGATTAATAGCGGCCTTTTACACG: GGATTAATAGCGGCCTTTTACACGC
CGCTAAAGCATCAAGTCCCGAACTG: GCTAAAGCATCAAGTCCCGAACTGG
CACTCCCAATGGTTAGCACACTGTG: ACTCCCAATGGTTAGCACACTGTGC
TCGCCGCAGTTGCATGTAAGGCTTC: CGCCGCAGTTGCATGTAAGGCTTCT
AGCCTGCACAGACTGAAGTCATTCT: GCCTGCACAGACTGAAGTCATTCTG
CCAGACTGAGATCTAATCTCGGTGG: CAGACTGAGATCTAATCTCGGTGGT
TTCTTGAGCTATTAGAATCGTACTG: TCTTGAGCTATTAGAATCGTACTGA
ATCCACCATGCTACACACTAAGCGC: TCCACCATGCTACACACTAAGCGCA
TTCTGTATTTAGATATGTATTTCAG: TCTGTATTTAGATATGTATTTCAGC
TTTGTAATCATGCGGCTACTATATA: TTGTAATCATGCGGCTACTATATAC
ACGGGGTCGGCAACTGCAAATTTGT: CGGGGTCGGCAACTGCAAATTTGTT
ATAGGGTCCTCACTAAGCACTTTCA: TAGGGTCCTCACTAAGCACTTTCAT
TGGATTCGGTGCCTGTAGCGTTTGG: GGATTCGGTGCCTGTAGCGTTTGGT
TAGCCACCGGGCGTCACCTGAACGT: AGCCACCGGGCGTCACCTGAACGTG
ACAACTCTAGATGTACTTATCGCAT: CAACTCTAGATGTACTTATCGCATA
TATTGTGTCGTGAGGGTGACTAAGT: ATTGTGTCGTGAGGGTGACTAAGTT
AGGCACATATGGGCAGGCGCCTCGC: GGCACATATGGGCAGGCGCCTCGCC
TCGTGTGAGTTAGAATATCGCCCGA: CGTGTGAGTTAGAATATCGCCCGAA
GTTCTCTCCCTACGTGCCTAGCTGC: TTCTCTCCCTACGTGCCTAGCTGCT
AACTGGCTCACACTACCCTAGATGG: ACTGGCTCACACTACCCTAGATGGA
GCGCGGTTTCCTAATTCTTGAGCTA: CGCGGTTTCCTAATTCTTGAGCTAT
CTTGAGCTATTAGAATCGTACTGAC: TTGAGCTATTAGAATCGTACTGACT
TTGTCTGCCCGAACTAGCTACCACC: TGTCTGCCCGAACTAGCTACCACCG
CAACGGCTTTGACTATTATCCGGTA: AACGGCTTTGACTATTATCCGGTAC
AGAGCGGACACTCTTATCATGTAAG: GAGCGGACACTCTTATCATGTAAGT
GCTCTGTAGCTGTCACTACGGCTTG: CTCTGTAGCTGTCACTACGGCTTGG
AATTGTGTTGCCGTGGCGATCCTGC: ATTGTGTTGCCGTGGCGATCCTGCG
CGTTAATATCTCCTGTACGGTCGAC: GTTAATATCTCCTGTACGGTCGACA
CTGTGACAGTCGTAACGGCCCGGTA: TGTGACAGTCGTAACGGCCCGGTAC
AACCCAGTCGGGGGGTCTCTTTCAT: ACCCAGTCGGGGGGTCTCTTTCATC
ACAGTGTGACAAGGGAGCCGTGACA: CAGTGTGACAAGGGAGCCGTGACAA
AATAAGTGAAACAAAGCACGTCCGA: ATAAGTGAAACAAAGCACGTCCGAA
GCGCTCAAACATGGTACTTCTTGTT: CGCTCAAACATGGTACTTCTTGTTC
TGGGAATAACATCAACACGCTGGTT: GGGAATAACATCAACACGCTGGTTG
GCTACACACTAAGCGCATCAACGAT: CTACACACTAAGCGCATCAACGATT
ACGGGGAATTGAATGCAGGCAACCT: CGGGGAATTGAATGCAGGCAACCTA
AAATCTGTTCTTATGAGATATATGT: AATCTGTTCTTATGAGATATATGTG
AGTATTTTTGGGCGTTTCTGCATGT: GTATTTTTGGGCGTTTCTGCATGTT
CTCACTAAGCACTTTCATGAAGTAC: TCACTAAGCACTTTCATGAAGTACG
AAAAGAGGCGGCAAACGCAGTCAAT: AAAGAGGCGGCAAACGCAGTCAATA
AGAATCGTACTGACTCGGCTTCTTG: GAATCGTACTGACTCGGCTTCTTGC
GACATGGTTTTAGTGGTTCCGCACG: ACATGGTTTTAGTGGTTCCGCACGA
GGACTCACTAAAGCATATTTATAGG: GACTCACTAAAGCATATTTATAGGG
GGGAGCCGTGACAAGGCCGCAGGCA: GGAGCCGTGACAAGGCCGCAGGCAG
CCTTCCGGGAATGAGTCCCCATCGA: CTTCCGGGAATGAGTCCCCATCGAG
GTCTGAATAAATTTAAGAAATGAGT: TCTGAATAAATTTAAGAAATGAGTT
CGCCTCGCCACTTTGTTGATTCGGT: GCCTCGCCACTTTGTTGATTCGGTG
ATTCTCTTTCCAGCTGTGACAGTCG: TTCTCTTTCCAGCTGTGACAGTCGT
AGTCGATACATCATAACGCCCTTGT: GTCGATACATCATAACGCCCTTGTA
TGTTGTCCGAACGACGTCGTGCGTA: GTTGTCCGAACGACGTCGTGCGTAC
GCGGACGGCATTGGGATCAGCCGGA: CGGACGGCATTGGGATCAGCCGGAG
CTATAGTTACGTTCCTCACATGGCC: TATAGTTACGTTCCTCACATGGCCA
GGGAATTGAATGCAGGCAACCTAAC: GGAATTGAATGCAGGCAACCTAACT
TGCATGTAAGGCTTCTGGGGTGTCC: GCATGTAAGGCTTCTGGGGTGTCCG
CCCATCGTGATGCCCGAGGTATTGG: CCATCGTGATGCCCGAGGTATTGGG
GTCACGGTCTTCACAGCATCTAGCG: TCACGGTCTTCACAGCATCTAGCGG
AGGATCGAGGGAGTCGATACATCAT: GGATCGAGGGAGTCGATACATCATA
ACCCTACTAGACACGGATTTTGAAG: CCCTACTAGACACGGATTTTGAAGC
GTCCTGAGCTAAAGCCCCTCCGAGC: TCCTGAGCTAAAGCCCCTCCGAGCT
ACGCTCCACAGTCTCCCTTCGGCAG: CGCTCCACAGTCTCCCTTCGGCAGC
AATAAATTTAAGAAATGAGTTAGAT: ATAAATTTAAGAAATGAGTTAGATG
TTAGATCAAGTAGTCCTTTTTGATA: TAGATCAAGTAGTCCTTTTTGATAT
CTCAGAGCCATGACGTTTGAAGAAA: TCAGAGCCATGACGTTTGAAGAAAT
GACTGACCAGACATCTCCAGACTGA: ACTGACCAGACATCTCCAGACTGAG
AAAGAGGCGGCAAACGCAGTCAATA: AAGAGGCGGCAAACGCAGTCAATAC
TAGTGGTTCCGCACGACCTCATTAC: AGTGGTTCCGCACGACCTCATTACA
CGTGTCCGACTGATCCTCAACATTC: GTGTCCGACTGATCCTCAACATTCA
CATGGTATTGCCCATCGTGATGCCC: ATGGTATTGCCCATCGTGATGCCCG
CTCGAAATTCCGCCGTCAACCGCTA: TCGAAATTCCGCCGTCAACCGCTAA
GCCTAGCTACTAGCTATGGTCAAAA: CCTAGCTACTAGCTATGGTCAAAAG
TATAAAACTCACAATCTTTAGTCGC: ATAAAACTCACAATCTTTAGTCGCT
CACAATCATATTTTCACGCTCCACA: ACAATCATATTTTCACGCTCCACAG
GGGAGCCCATGAGACCCCTTAGTAA: GGAGCCCATGAGACCCCTTAGTAAT
TGCGTCCTGAGCTAAAGCCCCTCCG: GCGTCCTGAGCTAAAGCCCCTCCGA
CATGTAAGGCTTCTGGGGTGTCCGC: ATGTAAGGCTTCTGGGGTGTCCGCT
ACCAGCCGCGGGACTTCTTTACGGC: CCAGCCGCGGGACTTCTTTACGGCT
ACGTGTCAGGGCTGGCCTTGTTGCG: CGTGTCAGGGCTGGCCTTGTTGCGC
CATTGAACGTTATTACGCCCAGCAG: ATTGAACGTTATTACGCCCAGCAGA
CGTAAAGCTGAAACTCACATGGCTA: GTAAAGCTGAAACTCACATGGCTAT
GACACTCTGGCCAAGGCACATATGG: ACACTCTGGCCAAGGCACATATGGG
TCTTGAGCTATTAGAATCGTACTGA: CTTGAGCTATTAGAATCGTACTGAC
GAGAAAAGTGCCGCCCCCACCTTTA: AGAAAAGTGCCGCCCCCACCTTTAG
TACGGCTGCAGGGTTAACGATCATT: ACGGCTGCAGGGTTAACGATCATTC
TCCCGGCGTGTCCGACTGATCCTCA: CCCGGCGTGTCCGACTGATCCTCAA
TAGTCCTTTTTGATATGAAAATATC: AGTCCTTTTTGATATGAAAATATCC
ATTCATTGCAGCCCACCCTAGCAAC: TTCATTGCAGCCCACCCTAGCAACG
ACAATACAAGTAAAACAACATCTTA: CAATACAAGTAAAACAACATCTTAG
CCCATGAGACCCCTTAGTAATTAAT: CCATGAGACCCCTTAGTAATTAATT
TACGGCCCGAGTGAGATGATGTGCT: ACGGCCCGAGTGAGATGATGTGCTA
ACGCCTTTCGAAGTTCAACCGAACT: CGCCTTTCGAAGTTCAACCGAACTG
GGGGGTCTCTTTCATCTCCTAGCGA: GGGGTCTCTTTCATCTCCTAGCGAC
TTCTCACAGTGTGACAAGGGAGCCG: TCTCACAGTGTGACAAGGGAGCCGT
AGCTGTGACAGTCGTAACGGCCCGG: GCTGTGACAGTCGTAACGGCCCGGT
TGTTGCCGTGGCGATCCTGCGCCCT: GTTGCCGTGGCGATCCTGCGCCCTT
AATGAGTCCCCATCGAGCGTTCCAA: ATGAGTCCCCATCGAGCGTTCCAAA
CGCCCTTGTCCCTTACCCATGTTGT: GCCCTTGTCCCTTACCCATGTTGTC
AGTTAGATGGCGCCTGTTATTTCCT: GTTAGATGGCGCCTGTTATTTCCTA
TCCTGAATCTGGCCCGTAAAGCTGA: CCTGAATCTGGCCCGTAAAGCTGAA
CACACTGATGAGTTAATTCGCACTG: ACACTGATGAGTTAATTCGCACTGA
TATTTAAGGGGTCATCCACCATGCT: ATTTAAGGGGTCATCCACCATGCTA
CTAAGCGCATCAACGATTATATCGC: TAAGCGCATCAACGATTATATCGCG
GGGGCCCCCCACCACCGTCCTAATC: GGGCCCCCCACCACCGTCCTAATCA
GAAAATATCCGGTTAAGACCTAAAC: AAAATATCCGGTTAAGACCTAAACA
GCCGCACCAAACAACTCTAGATGTA: CCGCACCAAACAACTCTAGATGTAC
TCACGTCATCCCTAAGTGAAGGTAG: CACGTCATCCCTAAGTGAAGGTAGC
CCTTTTACACGCGGCTCACGAGAGG: CTTTTACACGCGGCTCACGAGAGGA
TGAGCTATTAGAATCGTACTGACTC: GAGCTATTAGAATCGTACTGACTCG
TGTTTGAACTGGTGAGTTTAATCAC: GTTTGAACTGGTGAGTTTAATCACG
AGCCGGAGCGGTTTGACGTATACAC: GCCGGAGCGGTTTGACGTATACACT
CAGTCTCCCTTCGGCAGCGCGGTTT: AGTCTCCCTTCGGCAGCGCGGTTTC
TATCGATCTAAACTCGATTTTATGA: ATCGATCTAAACTCGATTTTATGAT
ATCACTGCCATGGTATTGCCCATCG: TCACTGCCATGGTATTGCCCATCGT
GAGGTATTGGGAGTAACTGGCTCAC: AGGTATTGGGAGTAACTGGCTCACA
ACACTAAGCGCATCAACGATTATAT: CACTAAGCGCATCAACGATTATATC
TTTCTGCATGTTTACTTGGATTCGG: TTCTGCATGTTTACTTGGATTCGGT
TGTACTTATCGCATAATCACTGCCA: GTACTTATCGCATAATCACTGCCAT
CTGTACGCCTTTCGAAGTTCAACCG: TGTACGCCTTTCGAAGTTCAACCGA
TAGCTACTAGCTATGGTCAAAAGTA: AGCTACTAGCTATGGTCAAAAGTAC
CAGGCCTTGATGCTTGTCCACAGCA: AGGCCTTGATGCTTGTCCACAGCAC
ACGGCTTTGACTATTATCCGGTACA: CGGCTTTGACTATTATCCGGTACAT
GATCGTAGTATACCGTTAATATCTC: ATCGTAGTATACCGTTAATATCTCC
CTATTACGGCCCGAGTGAGATGATG: TATTACGGCCCGAGTGAGATGATGT
ACGTGCTTTGATACAGCTGGTCCAG: CGTGCTTTGATACAGCTGGTCCAGA
TAGCATCCGTCAGGTGAATGGATTA: AGCATCCGTCAGGTGAATGGATTAA
CGAGAGCGACTACGTGCTTTGATAC: GAGAGCGACTACGTGCTTTGATACA
TTACGGCTGCAGGGTTAACGATCAT: TACGGCTGCAGGGTTAACGATCATT
CGGGTTTAAATTGATGTCGCGTTAG: GGGTTTAAATTGATGTCGCGTTAGC
TCAAACGCCGCACCAAACAACTCTA: CAAACGCCGCACCAAACAACTCTAG
ACTGGATAGGCGTAAAGCTGTCACC: CTGGATAGGCGTAAAGCTGTCACCA
GCGCTGTTGATGGATTTTCCTAGGT: CGCTGTTGATGGATTTTCCTAGGTA
CCATGGTATTGCCCATCGTGATGCC: CATGGTATTGCCCATCGTGATGCCC
GGAATAACATCAACACGCTGGTTGG: GAATAACATCAACACGCTGGTTGGG
TCTTATCATGTAAGTGTACTCTCTA: CTTATCATGTAAGTGTACTCTCTAC
GCCTATAGTTACGTTCCTCACATGG: CCTATAGTTACGTTCCTCACATGGC
AGAAAAAGGCCTTACGGCTGCAGGG: GAAAAAGGCCTTACGGCTGCAGGGT
CCAGGCGCGACACGTCTATTTAAGG: CAGGCGCGACACGTCTATTTAAGGG
AGACAATTCTCAGAAGTCGTCATGG: GACAATTCTCAGAAGTCGTCATGGT
ATTACATCAAACTCTCAGAGCCATG: TTACATCAAACTCTCAGAGCCATGA
AAATCTATACCAATGGAGTTATAGG: AATCTATACCAATGGAGTTATAGGA
ATACAGCTGGTCCAGACTTTCTAGA: TACAGCTGGTCCAGACTTTCTAGAG
GTACGGCCTTGTGGTCCAACCCCTA: TACGGCCTTGTGGTCCAACCCCTAA
CCTATGATCAAACGCCGCACCAAAC: CTATGATCAAACGCCGCACCAAACA
AATACCAGCCTGCACAGACTGAAGT: ATACCAGCCTGCACAGACTGAAGTC
AAAATGTCCTCGAGCACGGACCCGC: AAATGTCCTCGAGCACGGACCCGCC
TAAGTGTACTCTCTACGGGGGCGTA: AAGTGTACTCTCTACGGGGGCGTAG
ACTAAATCTATACCAATGGAGTTAT: CTAAATCTATACCAATGGAGTTATA
GCGGCTACTATATACCGTTCTGGCC: CGGCTACTATATACCGTTCTGGCCT
TTGAAGAAATATGAGTCGCTAATCA: TGAAGAAATATGAGTCGCTAATCAT
TTTGTTGATTCGGTGCTATCGCACA: TTGTTGATTCGGTGCTATCGCACAC
GCCGAGAGCGACTACGTGCTTTGAT: CCGAGAGCGACTACGTGCTTTGATA
GTCAAAAGTACACTCCCAACTCTTG: TCAAAAGTACACTCCCAACTCTTGG
TCCTAGTGAATAAGAATCAGCCCCT: CCTAGTGAATAAGAATCAGCCCCTT
CCCACCACCGTCCTAATCATCAAGA: CCACCACCGTCCTAATCATCAAGAA
GAGCGGTTTGACGTATACACTGTAG: AGCGGTTTGACGTATACACTGTAGT
ACGTGCCTAGCTGCTACGTGAGTAC: CGTGCCTAGCTGCTACGTGAGTACC
AAGCACGTCCGAACAGTATTGTCGT: AGCACGTCCGAACAGTATTGTCGTA
GACTCACTAAAGCATATTTATAGGG: ACTCACTAAAGCATATTTATAGGGT
TTTTCGTCAGGCGCCTAGCTACTAG: TTTCGTCAGGCGCCTAGCTACTAGC
AATCCTCATAACTTGCGGACGGCAT: ATCCTCATAACTTGCGGACGGCATT
GAATCGTTGACGACCATGCCTGCAC: AATCGTTGACGACCATGCCTGCACT
CTCCCTACGTGCCTAGCTGCTACGT: TCCCTACGTGCCTAGCTGCTACGTG
CCGACACGAAATTCAGTCGACCAGT: CGACACGAAATTCAGTCGACCAGTG
CCTTACCCATGTTGTCCGAACGACG: CTTACCCATGTTGTCCGAACGACGT
CGCTTGTCTGCCCGAACTAGCTACC: GCTTGTCTGCCCGAACTAGCTACCA
CCTGCCTATAGTTACGTTCCTCACA: CTGCCTATAGTTACGTTCCTCACAT
GCCTTGTTGCGCAAAACCTGGATTA: CCTTGTTGCGCAAAACCTGGATTAG
CTGTCTGAATAAATTTAAGAAATGA: TGTCTGAATAAATTTAAGAAATGAG
TGTCGGCCGGGCATTGGAAATTTCG: GTCGGCCGGGCATTGGAAATTTCGC
TCGAAAATACGTCTAATACCAGCCT: CGAAAATACGTCTAATACCAGCCTG
AAGTGACTTAAGAACGCCTTTCCCG: AGTGACTTAAGAACGCCTTTCCCGG
TGACAACATCCAGGGCAGCTAGCGC: GACAACATCCAGGGCAGCTAGCGCT
ACGACCTCATTACATCAAACTCTCA: CGACCTCATTACATCAAACTCTCAG
CCGCCCTGACCTCGCCGCAGTTGCA: CGCCCTGACCTCGCCGCAGTTGCAT
CCTAAGGTCACGGTCTTCACAGCAT: CTAAGGTCACGGTCTTCACAGCATC
GCTAAAGCCCCTCCGAGCTCTGTAG: CTAAAGCCCCTCCGAGCTCTGTAGC
GCACTTCGGCGCCGAGCAATGGATA: CACTTCGGCGCCGAGCAATGGATAT
ATGGTTAGCACACTGTGCTATGTCT: TGGTTAGCACACTGTGCTATGTCTG
CCAGGGCAGCTAGCGCTCAAACATG: CAGGGCAGCTAGCGCTCAAACATGG
CCTAGCGACCCATTCGCGTGGGGAC: CTAGCGACCCATTCGCGTGGGGACT
ACAGTCTCCCTTCGGCAGCGCGGTT: CAGTCTCCCTTCGGCAGCGCGGTTT
TCGGTCACCGAAAACCTATTTATGC: CGGTCACCGAAAACCTATTTATGCC
GGCGCTGTTTGGTAGAATCATTGTC: GCGCTGTTTGGTAGAATCATTGTCT
CATGTTGTCCGAACGACGTCGTGCG: ATGTTGTCCGAACGACGTCGTGCGT
CTGATTGATTGATTTAGCTTGTGGG: TGATTGATTGATTTAGCTTGTGGGT
GTAGCGTCGCCCTTGTCCCTTACCC: TAGCGTCGCCCTTGTCCCTTACCCA
CGGAGCGGTTTGACGTATACACTGT: GGAGCGGTTTGACGTATACACTGTA
GGGCGTCACCTGAACGTGAACCTCC: GGCGTCACCTGAACGTGAACCTCCA
TCGAGCGTTCCAAATGCCCGCTCGG: CGAGCGTTCCAAATGCCCGCTCGGC
CCTGTCCCGAGAGCCAGGGGGATTT: CTGTCCCGAGAGCCAGGGGGATTTT
GAGACGGGTTTAAATTGATGTCGCG: AGACGGGTTTAAATTGATGTCGCGT
AAACAGACAATTCTCAGAAGTCGTC: AACAGACAATTCTCAGAAGTCGTCA
GGGGACTCTGGCTATCTTCCTCTGG: GGGACTCTGGCTATCTTCCTCTGGT
ACATCTCCGTAGGGCCTGTCCCGAG: CATCTCCGTAGGGCCTGTCCCGAGA
AGAACAACGCCATCTCGGACGGGGT: GAACAACGCCATCTCGGACGGGGTC
GTTGGGACTGGCTGAATCCTCATAA: TTGGGACTGGCTGAATCCTCATAAC
ATCTAATCTCGGTGGTCTCTCGACG: TCTAATCTCGGTGGTCTCTCGACGG
AGCTGTCACCAGTCTCTAGTCACCA: GCTGTCACCAGTCTCTAGTCACCAC
GCGGTTACAAACCATTGGGAAACAG: CGGTTACAAACCATTGGGAAACAGT
CTGCACAGACTGAAGTCATTCTGTG: TGCACAGACTGAAGTCATTCTGTGT
TTAGCCCTGCCTATAGTTACGTTCC: TAGCCCTGCCTATAGTTACGTTCCT
GGGGAATTGAATGCAGGCAACCTAA: GGGAATTGAATGCAGGCAACCTAAC
CGTGTGAGTTAGAATATCGCCCGAA: GTGTGAGTTAGAATATCGCCCGAAG
TAAGCGACCTCTTCGCAGTGAATCC: AAGCGACCTCTTCGCAGTGAATCCT
GGAAATTTCGCTTTCGCTTGTCTGC: GAAATTTCGCTTTCGCTTGTCTGCC
GACGTTTGCATTATAAAACTCACAA: ACGTTTGCATTATAAAACTCACAAT
TGCAGGGTTAACGATCATTCCCTAT: GCAGGGTTAACGATCATTCCCTATG
CGCGGTTTCCTAATTCTTGAGCTAT: GCGGTTTCCTAATTCTTGAGCTATT
CACAGCATCTAGCGGCGTGCGACCC: ACAGCATCTAGCGGCGTGCGACCCA
CTAGCTGCTGTTTATCTCACGTCTA: TAGCTGCTGTTTATCTCACGTCTAC
ACTCGAAAATACGTCTAATACCAGC: CTCGAAAATACGTCTAATACCAGCC
AAGCCACTGTCTGAATAAATTTAAG: AGCCACTGTCTGAATAAATTTAAGA
GGTTTCCTAATTCTTGAGCTATTAG: GTTTCCTAATTCTTGAGCTATTAGA
GTCTATTTAAGGGGTCATCCACCAT: TCTATTTAAGGGGTCATCCACCATG
ACGTCGATAAAATGGCGGGCATTCT: CGTCGATAAAATGGCGGGCATTCTG
GAGGAAGTAGTCACCAGCCGCGGGA: AGGAAGTAGTCACCAGCCGCGGGAC
ACATTTTATAACCAGGCGCGACACG: CATTTTATAACCAGGCGCGACACGT
TCTGGCCTTACTCAACGTGTCAGGG: CTGGCCTTACTCAACGTGTCAGGGC
TCACGGACCATTGCACCTCCGTGAC: CACGGACCATTGCACCTCCGTGACC
GGCTCAAGCCACGTTGGCACTATCG: GCTCAAGCCACGTTGGCACTATCGC
GCCCCCGGGTACTCAATTGTTTGTA: CCCCCGGGTACTCAATTGTTTGTAA
AAATTAGAAGGGAGTTGCTTACCCT: AATTAGAAGGGAGTTGCTTACCCTC
GAGTTATAGGATCGAGGGAGTCGAT: AGTTATAGGATCGAGGGAGTCGATA
GGAGGCACTTCGGCGCCGAGCAATG: GAGGCACTTCGGCGCCGAGCAATGG
GAGTTAGATGGCGCCTGTTATTTCC: AGTTAGATGGCGCCTGTTATTTCCT
GCTGTTTGGTAGAATCATTGTCTCC: CTGTTTGGTAGAATCATTGTCTCCC
TTCTTGTTCGGTAAGGCAATCCAGC: TCTTGTTCGGTAAGGCAATCCAGCG
CTGCGATTGATTTTCGTCAGGCGCC: TGCGATTGATTTTCGTCAGGCGCCT
CACAGTGTGACAAGGGAGCCGTGAC: ACAGTGTGACAAGGGAGCCGTGACA
AGAGCTGAATAAGTGAAACAAAGCA: GAGCTGAATAAGTGAAACAAAGCAC
AGTGTTGTGATCAAATTCTCTGAGT: GTGTTGTGATCAAATTCTCTGAGTC
AAACTCACAATCTTTAGTCGCTGAT: AACTCACAATCTTTAGTCGCTGATA
ATTCGACATGGTTTTAGTGGTTCCG: TTCGACATGGTTTTAGTGGTTCCGC
ATCATTCCCTATGATCAAACGCCGC: TCATTCCCTATGATCAAACGCCGCA
TTTTAGTGGTTCCGCACGACCTCAT: TTTAGTGGTTCCGCACGACCTCATT
AGCCACCGGGCGTCACCTGAACGTG: GCCACCGGGCGTCACCTGAACGTGA
ACGCAGTCAATACCAGAGATCTCTG: CGCAGTCAATACCAGAGATCTCTGG
GAGCCATGACGTTTGAAGAAATATG: AGCCATGACGTTTGAAGAAATATGA
CTGTTGATGGATTTTCCTAGGTAGA: TGTTGATGGATTTTCCTAGGTAGAA
CTGAATCCTCATAACTTGCGGACGG: TGAATCCTCATAACTTGCGGACGGC
GTACTCAATTGTTTGTAATCATGCG: TACTCAATTGTTTGTAATCATGCGG
CTATTTTAGACGGCACCTTCGTACG: TATTTTAGACGGCACCTTCGTACGG
GGTCAGTACATTTTATAACCAGGCG: GTCAGTACATTTTATAACCAGGCGC
CTACTAGACACGGATTTTGAAGCCA: TACTAGACACGGATTTTGAAGCCAT
GATTTTCCTAGGTAGAAAAAGGCCT: ATTTTCCTAGGTAGAAAAAGGCCTT
ACGGCTGCAGGGTTAACGATCATTC: CGGCTGCAGGGTTAACGATCATTCC
ATACCAGAGATCTCTGGCCTTACTC: TACCAGAGATCTCTGGCCTTACTCA
GACATGGAAATCACACTGATGAGTT: ACATGGAAATCACACTGATGAGTTA
TTCAGTCGACCAGTGGAACTGCAGA: TCAGTCGACCAGTGGAACTGCAGAG
TTGACTATTATCCGGTACATCTCCG: TGACTATTATCCGGTACATCTCCGT
TTATAACCAGGCGCGACACGTCTAT: TATAACCAGGCGCGACACGTCTATT
CAATACAAGTAAAACAACATCTTAG: AATACAAGTAAAACAACATCTTAGC
CGCAGTTGCATGTAAGGCTTCTGGG: GCAGTTGCATGTAAGGCTTCTGGGG
GTCTGGGAACGAGCGGGGCCCCCCA: TCTGGGAACGAGCGGGGCCCCCCAC
TTCATCTCCTAGCGACCCATTCGCG: TCATCTCCTAGCGACCCATTCGCGT
CAGAAGTCGTCATGGTCACGCCGAT: AGAAGTCGTCATGGTCACGCCGATT
GTAAATCTGTTCTTATGAGATATAT: TAAATCTGTTCTTATGAGATATATG
CCGAGAGCGACTACGTGCTTTGATA: CGAGAGCGACTACGTGCTTTGATAC
CCCCTTGTGTTTGACATTGACAACG: CCCTTGTGTTTGACATTGACAACGG
GTTTTGTCATCACGGACCATTGCAC: TTTTGTCATCACGGACCATTGCACC
TCCGAGTATTTTTGGGCGTTTCTGC: CCGAGTATTTTTGGGCGTTTCTGCA
AGATAAGACGTTCCTCAAGAGGACT: GATAAGACGTTCCTCAAGAGGACTC
ATCGAGGGAGTCGATACATCATAAC: TCGAGGGAGTCGATACATCATAACG
GCACCTTCGTACGGAGTCTGGGAAC: CACCTTCGTACGGAGTCTGGGAACG
TCGGGGGGTCTCTTTCATCTCCTAG: CGGGGGGTCTCTTTCATCTCCTAGC
CTTGGATTCGGTGCCTGTAGCGTTT: TTGGATTCGGTGCCTGTAGCGTTTG
TATTAGAATCGTACTGACTCGGCTT: ATTAGAATCGTACTGACTCGGCTTC
TGACATGCGTCCTGAGCTAAAGCCC: GACATGCGTCCTGAGCTAAAGCCCC
TGGTAGTTGCTTCTATTCATGGAAA: GGTAGTTGCTTCTATTCATGGAAAA
AGTGAAGCAGACGCGTGCACAGGGA: GTGAAGCAGACGCGTGCACAGGGAC
CTTAACAACTTTACGAATCCTGACA: TTAACAACTTTACGAATCCTGACAG
CCTTCCTATTACGGCCCGAGTGAGA: CTTCCTATTACGGCCCGAGTGAGAT
ATGCCTGTACGCCTTTCGAAGTTCA: TGCCTGTACGCCTTTCGAAGTTCAA
ATTTTCGTCAGGCGCCTAGCTACTA: TTTTCGTCAGGCGCCTAGCTACTAG
CAGCCGCGGGACTTCTTTACGGCTC: AGCCGCGGGACTTCTTTACGGCTCA
TGTAAAAGAGGCGGCAAACGCAGTC: GTAAAAGAGGCGGCAAACGCAGTCA
CTCGGATCACGGTATTGTAGCAGGA: TCGGATCACGGTATTGTAGCAGGAA
TACGTACGGCTAGACCCGCGCCACG: ACGTACGGCTAGACCCGCGCCACGA
TGGAATGCATGGATAAGGGGTGAGA: GGAATGCATGGATAAGGGGTGAGAT
CACGGTATTGTAGCAGGAAAACCCA: ACGGTATTGTAGCAGGAAAACCCAG
CGGATTTTGAAGCCATAGCCACCGG: GGATTTTGAAGCCATAGCCACCGGG
GAGATGATTAATTCTCTTTCCAGCT: AGATGATTAATTCTCTTTCCAGCTG
CCGGTGGTCAGTACATTTTATAACC: CGGTGGTCAGTACATTTTATAACCA
CTCTCTACGGGGGCGTAGCAAACAT: TCTCTACGGGGGCGTAGCAAACATG
AACATTCACGTCATCCCTAAGTGAA: ACATTCACGTCATCCCTAAGTGAAG
CGCCCGAAGGCGGGATGGAATTCCT: GCCCGAAGGCGGGATGGAATTCCTG
TGTCCGAACGACGTCGTGCGTACTG: GTCCGAACGACGTCGTGCGTACTGA
CACGGTCTTCACAGCATCTAGCGGC: ACGGTCTTCACAGCATCTAGCGGCG
GTCTGTTGATGGAATGCATGGATAA: TCTGTTGATGGAATGCATGGATAAG
TAACGGCCCGGTACATTTCTTATCA: AACGGCCCGGTACATTTCTTATCAA
AACGCAGTCAATACCAGAGATCTCT: ACGCAGTCAATACCAGAGATCTCTG
AAGCAGCTGTTGGTGGGTGACTTAA: AGCAGCTGTTGGTGGGTGACTTAAG
ACATCGGGACCGACAAGCAGCTGTT: CATCGGGACCGACAAGCAGCTGTTG
TAATACCAGCCTGCACAGACTGAAG: AATACCAGCCTGCACAGACTGAAGT
TATTACGCCCAGCAGAGCGGACACT: ATTACGCCCAGCAGAGCGGACACTC
CGCCCGGACACACATGCTGTCGGCG: GCCCGGACACACATGCTGTCGGCGA
TGTTGATGGAATGCATGGATAAGGG: GTTGATGGAATGCATGGATAAGGGG
GAGCCGTGACAAGGCCGCAGGCAGA: AGCCGTGACAAGGCCGCAGGCAGAT
GCAAATGGAGTTTGCAGATAAGACG: CAAATGGAGTTTGCAGATAAGACGT
ACACTAGCACGTACTCGTACACCGA: CACTAGCACGTACTCGTACACCGAC
TACGACATCAAGCGCGAACTTGAGC: ACGACATCAAGCGCGAACTTGAGCG
TGAAGCCATAGCCACCGGGCGTCAC: GAAGCCATAGCCACCGGGCGTCACC
TCCTCGAGCACGGACCCGCCCGTGA: CCTCGAGCACGGACCCGCCCGTGAC
ACCTCCATTTAGCATCCGTCAGGTG: CCTCCATTTAGCATCCGTCAGGTGA
CCAGACATCTCCAGACTGAGATCTA: CAGACATCTCCAGACTGAGATCTAA
CTACGTACGGCTAGACCCGCGCCAC: TACGTACGGCTAGACCCGCGCCACG
TCCCGCCCACGGTAATTACTAAAAA: CCCGCCCACGGTAATTACTAAAAAA
GACATCTCCAGACTGAGATCTAATC: ACATCTCCAGACTGAGATCTAATCT
CATGACGGTTAAATCTGAAGGACAA: ATGACGGTTAAATCTGAAGGACAAT
CCTGTACGCCTTTCGAAGTTCAACC: CTGTACGCCTTTCGAAGTTCAACCG
CCGACAAGCAGCTGTTGGTGGGTGA: CGACAAGCAGCTGTTGGTGGGTGAC
AAGGGAAATAAGGTACCTGACATAA: AGGGAAATAAGGTACCTGACATAAC
GGATCAGCCGGAGCGGTTTGACGTA: GATCAGCCGGAGCGGTTTGACGTAT
CCACCTTTAGATGAATCGTTGACGA: CACCTTTAGATGAATCGTTGACGAC
CGAAGCCCGAGCCTATGTAAACGGA: GAAGCCCGAGCCTATGTAAACGGAC
GTTGGCACTATCGCCTAAGGTCACG: TTGGCACTATCGCCTAAGGTCACGG
GTTGCTTACCCTCCCGCCCACGGTA: TTGCTTACCCTCCCGCCCACGGTAA
CTGTGCTATGTCTGTTGATGGAATG: TGTGCTATGTCTGTTGATGGAATGC
GACACTCTTATCATGTAAGTGTACT: ACACTCTTATCATGTAAGTGTACTC
CCCCCGGGTACTCAATTGTTTGTAA: CCCCGGGTACTCAATTGTTTGTAAT
CGGCTTTGACTATTATCCGGTACAT: GGCTTTGACTATTATCCGGTACATC
GCAATCCAGCGCCCCGCTAGCTGCT: CAATCCAGCGCCCCGCTAGCTGCTG
TGTCACCAGTCTCTAGTCACCACAT: GTCACCAGTCTCTAGTCACCACATT
AGGCCTTACGGCTGCAGGGTTAACG: GGCCTTACGGCTGCAGGGTTAACGA
TAGGTATCTGACAACATCCAGGGCA: AGGTATCTGACAACATCCAGGGCAG
GAGCGTTCCAAATGCCCGCTCGGCC: AGCGTTCCAAATGCCCGCTCGGCCT
GGTTAAATCTGAAGGACAATACAAG: GTTAAATCTGAAGGACAATACAAGT
TTCGGCGCCGAGCAATGGATATTAA: TCGGCGCCGAGCAATGGATATTAAT
ACGTCGATGCCTTCCTATTACGGCC: CGTCGATGCCTTCCTATTACGGCCC
CATGCGTCCTGAGCTAAAGCCCCTC: ATGCGTCCTGAGCTAAAGCCCCTCC
TCGGCCCTTACTTCAGTGGCAAATT: CGGCCCTTACTTCAGTGGCAAATTG
CTTTCATCTCCTAGCGACCCATTCG: TTTCATCTCCTAGCGACCCATTCGC
AAACTGGGTTGTTATATTGTGTCGT: AACTGGGTTGTTATATTGTGTCGTG
GGTCGGCAACTGCAAATTTGTTACT: GTCGGCAACTGCAAATTTGTTACTT
ATGCTACACACTAAGCGCATCAACG: TGCTACACACTAAGCGCATCAACGA
ATTGCAGCCCACCCTAGCAACGTTC: TTGCAGCCCACCCTAGCAACGTTCT
GGCGATGCACCGCTGTTAGATCAAG: GCGATGCACCGCTGTTAGATCAAGT
TAACTATGTCGCAGGACTTACGACA: AACTATGTCGCAGGACTTACGACAT
TAGATGGAAACCACGAGAGCTGAAT: AGATGGAAACCACGAGAGCTGAATA
GTGGGTCGTATATACCAATATTAGC: TGGGTCGTATATACCAATATTAGCC
GACCCAGCAAATATAACACAATTTG: ACCCAGCAAATATAACACAATTTGT
GCAGGAAAACCCAGTCGGGGGGTCT: CAGGAAAACCCAGTCGGGGGGTCTC
TACCCTAGATGGAAACCACGAGAGC: ACCCTAGATGGAAACCACGAGAGCT
CTGACCAGACATCTCCAGACTGAGA: TGACCAGACATCTCCAGACTGAGAT
GTACGGCTAGACCCGCGCCACGAAG: TACGGCTAGACCCGCGCCACGAAGC
TGGCTGAATCCTCATAACTTGCGGA: GGCTGAATCCTCATAACTTGCGGAC
GGAGAAAAGTGCCGCCCCCACCTTT: GAGAAAAGTGCCGCCCCCACCTTTA
CAGGGACTCACTAAAGCATATTTAT: AGGGACTCACTAAAGCATATTTATA
ACGACCATGCCTGCACTCGAAATTC: CGACCATGCCTGCACTCGAAATTCC
GGCCTTTTACACGCGGCTCACGAGA: GCCTTTTACACGCGGCTCACGAGAG
GTACTCGTACACCGACACGAAATTC: TACTCGTACACCGACACGAAATTCA
GCGATCCTGCGCCCTTTCTGCAAGC: CGATCCTGCGCCCTTTCTGCAAGCC
ATCCTGCGCCCTTTCTGCAAGCCGT: TCCTGCGCCCTTTCTGCAAGCCGTA
GTGAAGCAGACGCGTGCACAGGGAC: TGAAGCAGACGCGTGCACAGGGACT
AGACGTTCCTCAAGAGGACTCTCCG: GACGTTCCTCAAGAGGACTCTCCGA
TTGCACCTCCGTGACCAAACTGGGT: TGCACCTCCGTGACCAAACTGGGTT
CCGATTTGGTAGTTGCTTCTATTCA: CGATTTGGTAGTTGCTTCTATTCAT
AGCTACTAGCTATGGTCAAAAGTAC: GCTACTAGCTATGGTCAAAAGTACA
ACTATATACCGTTCTGGCCTCGAGA: CTATATACCGTTCTGGCCTCGAGAA
ATATGCTCGGTCACCGAAAACCTAT: TATGCTCGGTCACCGAAAACCTATT
AACTCACAATCTTTAGTCGCTGATA: ACTCACAATCTTTAGTCGCTGATAT
GTTAGAACGATGCCTGTACGCCTTT: TTAGAACGATGCCTGTACGCCTTTC
CGCGAACTTGAGCGCTGTTGATGGA: GCGAACTTGAGCGCTGTTGATGGAT
CGGAGTCTGGGAACGAGCGGGGCCC: GGAGTCTGGGAACGAGCGGGGCCCC
GGCGTCACCTGAACGTGAACCTCCA: GCGTCACCTGAACGTGAACCTCCAT
GGTATCTGACAACATCCAGGGCAGC: GTATCTGACAACATCCAGGGCAGCT
TACCAATGGAGTTATAGGATCGAGG: ACCAATGGAGTTATAGGATCGAGGG
GCATAATCACTGCCATGGTATTGCC: CATAATCACTGCCATGGTATTGCCC
TTACGAATCCTGACAGAAATTAGAA: TACGAATCCTGACAGAAATTAGAAG
TTACTAAAAAAATCTCGATGGGCAT: TACTAAAAAAATCTCGATGGGCATT
ATAGCGGCCTTTTACACGCGGCTCA: TAGCGGCCTTTTACACGCGGCTCAC
GAGGGTGACTAAGTTCTCACAGTGT: AGGGTGACTAAGTTCTCACAGTGTG
TGAAGAAATATGAGTCGCTAATCAT: GAAGAAATATGAGTCGCTAATCATG
CCCGTGACATGGAAATCACACTGAT: CCGTGACATGGAAATCACACTGATG
CCATTCGCGTGGGGACTCTGGCTAT: CATTCGCGTGGGGACTCTGGCTATC
AAGAAATATGAGTCGCTAATCATGC: AGAAATATGAGTCGCTAATCATGCG
TACTAGACACGGATTTTGAAGCCAT: ACTAGACACGGATTTTGAAGCCATA
GCGATGCACCGCTGTTAGATCAAGT: CGATGCACCGCTGTTAGATCAAGTA
TTTGATATGAAAATATCCGGTTAAG: TTGATATGAAAATATCCGGTTAAGA
CTACCTTCCGGGAATGAGTCCCCAT: TACCTTCCGGGAATGAGTCCCCATC
TGCTGTCGGCGATTCATTGCAGCCC: GCTGTCGGCGATTCATTGCAGCCCA
ATTTTCACGCTCCACAGTCTCCCTT: TTTTCACGCTCCACAGTCTCCCTTC
AACTAGCTACCACCGCCAGAAGCCG: ACTAGCTACCACCGCCAGAAGCCGA
ATGGAGTTATAGGATCGAGGGAGTC: TGGAGTTATAGGATCGAGGGAGTCG
TGGAAATCACACTGATGAGTTAATT: GGAAATCACACTGATGAGTTAATTC
GTCCCGAACTGGCGATGCACCGCTG: TCCCGAACTGGCGATGCACCGCTGT
TGAAAATATCCGGTTAAGACCTAAA: GAAAATATCCGGTTAAGACCTAAAC
CTTGCGGCCCCGCCGATTTGCTATC: TTGCGGCCCCGCCGATTTGCTATCC
AGAGCACAATCATATTTTCACGCTC: GAGCACAATCATATTTTCACGCTCC
GGGCAACCACGGGGAATTGAATGCA: GGCAACCACGGGGAATTGAATGCAG
TGCCCGCTCGGCCTCAAAAAATGTC: GCCCGCTCGGCCTCAAAAAATGTCC
GGTCTCTCGACGGGCAACCACGGGG: GTCTCTCGACGGGCAACCACGGGGA
GCCTCATAAAATAGCCATGACGGTT: CCTCATAAAATAGCCATGACGGTTA
CCAAACAACTCTAGATGTACTTATC: CAAACAACTCTAGATGTACTTATCG
TTCAACCGAACTGGCTTGCATGTCC: TCAACCGAACTGGCTTGCATGTCCC
TTGACAACGGCTTTGACTATTATCC: TGACAACGGCTTTGACTATTATCCG
CTAACCACGACTTGGCCACCGCCCT: TAACCACGACTTGGCCACCGCCCTG
GAACCTCCATTTAGCATCCGTCAGG: AACCTCCATTTAGCATCCGTCAGGT
AACGTGAACCTCCATTTAGCATCCG: ACGTGAACCTCCATTTAGCATCCGT
TCATTCTGTGTCGGCCGGGCATTGG: CATTCTGTGTCGGCCGGGCATTGGA
CACAGGGACTCACTAAAGCATATTT: ACAGGGACTCACTAAAGCATATTTA
GAGACTCGAAAATACGTCTAATACC: AGACTCGAAAATACGTCTAATACCA
TTATATCGCGGTTACAAACCATTGG: TATATCGCGGTTACAAACCATTGGG
TGGAACTGCAGAGGTGGCCTAACCA: GGAACTGCAGAGGTGGCCTAACCAC
GGCCATTGGCAAGGCAGTTAGTAGA: GCCATTGGCAAGGCAGTTAGTAGAT
TAGTTACGTTCCTCACATGGCCATC: AGTTACGTTCCTCACATGGCCATCG
GAGTACCACCGCCCATTTGTGAGAG: AGTACCACCGCCCATTTGTGAGAGT
TTTCGTCAGGCGCCTAGCTACTAGC: TTCGTCAGGCGCCTAGCTACTAGCT
TGAGCGCTGTTGATGGATTTTCCTA: GAGCGCTGTTGATGGATTTTCCTAG
CCACGAAGCCCGAGCCTATGTAAAC: CACGAAGCCCGAGCCTATGTAAACG
ACGTTTGCATTATAAAACTCACAAT: CGTTTGCATTATAAAACTCACAATC
GTTAGCACACTGTGCTATGTCTGTT: TTAGCACACTGTGCTATGTCTGTTG
TCAGCGATGTCGGTTAAAGCCACTG: CAGCGATGTCGGTTAAAGCCACTGT
TATTACGGCCCGAGTGAGATGATGT: ATTACGGCCCGAGTGAGATGATGTG
TATATGTGTCATCTCGGCCCTTACT: ATATGTGTCATCTCGGCCCTTACTT
CGAGAGCTGAATAAGTGAAACAAAG: GAGAGCTGAATAAGTGAAACAAAGC
TCTGAATAAATTTAAGAAATGAGTT: CTGAATAAATTTAAGAAATGAGTTA
TATCATGTAAGTGTACTCTCTACGG: ATCATGTAAGTGTACTCTCTACGGG
ATTACGCCCAGCAGAGCGGACACTC: TTACGCCCAGCAGAGCGGACACTCT
TAAGGGGTCATCCACCATGCTACAC: AAGGGGTCATCCACCATGCTACACA
TTTTGATATGAAAATATCCGGTTAA: TTTGATATGAAAATATCCGGTTAAG
AGCACGTCGATAAAATGGCGGGCAT: GCACGTCGATAAAATGGCGGGCATT
TCCCAATGGTTAGCACACTGTGCTA: CCCAATGGTTAGCACACTGTGCTAT
AGAGCCAGGGGGATTTTAGCAGATT: GAGCCAGGGGGATTTTAGCAGATTT
GTTCAACCGAACTGGCTTGCATGTC: TTCAACCGAACTGGCTTGCATGTCC
TGGCCAAACGGAGAATAACTAAATC: GGCCAAACGGAGAATAACTAAATCT
ATACCGTTCTGGCCTCGAGAACTTT: TACCGTTCTGGCCTCGAGAACTTTA
GCACCAAACAACTCTAGATGTACTT: CACCAAACAACTCTAGATGTACTTA
GAGTGAAGCAGACGCGTGCACAGGG: AGTGAAGCAGACGCGTGCACAGGGA
CATTCTGTGTCGGCCGGGCATTGGA: ATTCTGTGTCGGCCGGGCATTGGAA
ACTACCCTAGATGGAAACCACGAGA: CTACCCTAGATGGAAACCACGAGAG
AATAAGGTACCTGACATAACCAACG: ATAAGGTACCTGACATAACCAACGA
GGAAGTAGTCACCAGCCGCGGGACT: GAAGTAGTCACCAGCCGCGGGACTT
TCCGGGAATGAGTCCCCATCGAGCG: CCGGGAATGAGTCCCCATCGAGCGT
CGTGAACCTCCATTTAGCATCCGTC: GTGAACCTCCATTTAGCATCCGTCA
CTATTCATGGAAAACCAAAACACAA: TATTCATGGAAAACCAAAACACAAA
CAGCACGTCGATAAAATGGCGGGCA: AGCACGTCGATAAAATGGCGGGCAT
GGATAGGCGTAAAGCTGTCACCAGT: GATAGGCGTAAAGCTGTCACCAGTC
CCTAATTCTTGAGCTATTAGAATCG: CTAATTCTTGAGCTATTAGAATCGT
TAAAGCATATTTATAGGGTCCTCAC: AAAGCATATTTATAGGGTCCTCACT
TTATCGATCTAAACTCGATTTTATG: TATCGATCTAAACTCGATTTTATGA
AGTATACCGTTAATATCTCCTGTAC: GTATACCGTTAATATCTCCTGTACG
TGATCCTTATTGACGTTTGCATTAT: GATCCTTATTGACGTTTGCATTATA
TAGCTTGTGGGTCGTATATACCAAT: AGCTTGTGGGTCGTATATACCAATA
GGCAACTGCAAATTTGTTACTTGCC: GCAACTGCAAATTTGTTACTTGCCC
AGCCCCCGAGGCCATTGGCAAGGCA: GCCCCCGAGGCCATTGGCAAGGCAG
TGAGACCCCTTAGTAATTAATTTTA: GAGACCCCTTAGTAATTAATTTTAT
CAAGGGAGCCGTGACAAGGCCGCAG: AAGGGAGCCGTGACAAGGCCGCAGG
AAGTCTGCGATTGATTTTCGTCAGG: AGTCTGCGATTGATTTTCGTCAGGC
TCTGCATGTTTACTTGGATTCGGTG: CTGCATGTTTACTTGGATTCGGTGC
CGTTGGCACTATCGCCTAAGGTCAC: GTTGGCACTATCGCCTAAGGTCACG
AAGCCATAGCCACCGGGCGTCACCT: AGCCATAGCCACCGGGCGTCACCTG
TGCTATCGCACACTAGCACGTACTC: GCTATCGCACACTAGCACGTACTCG
CAGCGTTTAAGGTTGGACAGTGACA: AGCGTTTAAGGTTGGACAGTGACAC
CATTGGAAATTTCGCTTTCGCTTGT: ATTGGAAATTTCGCTTTCGCTTGTC
TGAGATATATGTGTCATCTCGGCCC: GAGATATATGTGTCATCTCGGCCCT
CCAAAACACAAATTGTGTTGCCGTG: CAAAACACAAATTGTGTTGCCGTGG
CAAAGCACGTCCGAACAGTATTGTC: AAAGCACGTCCGAACAGTATTGTCG
ATTTTAGACGGCACCTTCGTACGGA: TTTTAGACGGCACCTTCGTACGGAG
CTTCTTGCAGTCCTACAGCAGGCCT: TTCTTGCAGTCCTACAGCAGGCCTT
TTGATGCTTGTCCACAGCACGTCGA: TGATGCTTGTCCACAGCACGTCGAT
CCCGAGCCTATGTAAACGGACCCAC: CCGAGCCTATGTAAACGGACCCACA
TAACGATCATTCCCTATGATCAAAC: AACGATCATTCCCTATGATCAAACG
ATTGGGAAACAGTTAGAACGATGCC: TTGGGAAACAGTTAGAACGATGCCT
CACGTCGATAAAATGGCGGGCATTC: ACGTCGATAAAATGGCGGGCATTCT
CGAGAGGAAGTAGTCACCAGCCGCG: GAGAGGAAGTAGTCACCAGCCGCGG
ACGGAGTCTGGGAACGAGCGGGGCC: CGGAGTCTGGGAACGAGCGGGGCCC
GGTCCTATCGCCCAGTGGAGGCACT: GTCCTATCGCCCAGTGGAGGCACTT
CGTAACGGCCCGGTACATTTCTTAT: GTAACGGCCCGGTACATTTCTTATC
TTGCAGATAAGACGTTCCTCAAGAG: TGCAGATAAGACGTTCCTCAAGAGG
GTGACTTAAGCACGGACTCCACGAC: TGACTTAAGCACGGACTCCACGACG
ACAGCAGGCCTTGATGCTTGTCCAC: CAGCAGGCCTTGATGCTTGTCCACA
CGAGAGCCAGGGGGATTTTAGCAGA: GAGAGCCAGGGGGATTTTAGCAGAT
CATAATCACTGCCATGGTATTGCCC: ATAATCACTGCCATGGTATTGCCCA
AGAAATGAGTTAGATGGCGCCTGTT: GAAATGAGTTAGATGGCGCCTGTTA
CCCGGACAGATTCTGTATTTAGATA: CCGGACAGATTCTGTATTTAGATAT
CTACGTCTCGTGTGAGTTAGAATAT: TACGTCTCGTGTGAGTTAGAATATC
CAGAGATCTCTGGCCTTACTCAACG: AGAGATCTCTGGCCTTACTCAACGT
TCCTGCGCCCTTTCTGCAAGCCGTA: CCTGCGCCCTTTCTGCAAGCCGTAT
AGAATAACTAAATCTATACCAATGG: GAATAACTAAATCTATACCAATGGA
TTAGAAGGGAGTTGCTTACCCTCCC: TAGAAGGGAGTTGCTTACCCTCCCG
CTGGGGTGTCCGCTATAGTCGAATC: TGGGGTGTCCGCTATAGTCGAATCG
ACTCACAATCTTTAGTCGCTGATAT: CTCACAATCTTTAGTCGCTGATATG
AACCACGACTTGGCCACCGCCCTGA: ACCACGACTTGGCCACCGCCCTGAC
TAAACGGACCCACAGCGTTTAAGGT: AAACGGACCCACAGCGTTTAAGGTT
AATACAAGTAAAACAACATCTTAGC: ATACAAGTAAAACAACATCTTAGCC
TGCTTATCCCTTAGGTATCTGACAA: GCTTATCCCTTAGGTATCTGACAAC
CCTGAATCTGGCCCGTAAAGCTGAA: CTGAATCTGGCCCGTAAAGCTGAAA
ACGAGAGGAAGTAGTCACCAGCCGC: CGAGAGGAAGTAGTCACCAGCCGCG
GCCCATCGTGATGCCCGAGGTATTG: CCCATCGTGATGCCCGAGGTATTGG
CACTTTCATGAAGTACGGGTAGGGG: ACTTTCATGAAGTACGGGTAGGGGG
CTGATGAGTTAATTCGCACTGATTG: TGATGAGTTAATTCGCACTGATTGA
CGCCTTTCGAAGTTCAACCGAACTG: GCCTTTCGAAGTTCAACCGAACTGG
CAAGCCGTATGAGCCTCATAAAATA: AAGCCGTATGAGCCTCATAAAATAG
CTTTAGATGAATCGTTGACGACCAT: TTTAGATGAATCGTTGACGACCATG
TTAAATTGATGTCGCGTTAGCCCTT: TAAATTGATGTCGCGTTAGCCCTTC
AGTTAATTCGCACTGATTGATTGAT: GTTAATTCGCACTGATTGATTGATT
TAAGACGTTCCTCAAGAGGACTCTC: AAGACGTTCCTCAAGAGGACTCTCC
GACGTTTGAAGAAATATGAGTCGCT: ACGTTTGAAGAAATATGAGTCGCTA
CCTGCACTCGAAATTCCGCCGTCAA: CTGCACTCGAAATTCCGCCGTCAAC
CACGGACCATTGCACCTCCGTGACC: ACGGACCATTGCACCTCCGTGACCA
TTCGCTTTCGCTTGTCTGCCCGAAC: TCGCTTTCGCTTGTCTGCCCGAACT
CTCGATTTTATGATCCTTATTGACG: TCGATTTTATGATCCTTATTGACGT
AAAGCGTGCTTATCCCTTAGGTATC: AAGCGTGCTTATCCCTTAGGTATCT
AGAGGCGGCAAACGCAGTCAATACC: GAGGCGGCAAACGCAGTCAATACCA
TACTCTCTACGGGGGCGTAGCAAAC: ACTCTCTACGGGGGCGTAGCAAACA
ACGACACTTCCTCCATAGGATTAGG: CGACACTTCCTCCATAGGATTAGGC
AACGCCCTTGTAAGCCTTCGGCCGA: ACGCCCTTGTAAGCCTTCGGCCGAG
GAACAACGCCATCTCGGACGGGGTC: AACAACGCCATCTCGGACGGGGTCG
AGTCTCCCTTCGGCAGCGCGGTTTC: GTCTCCCTTCGGCAGCGCGGTTTCC
GATTTTATGATCCTTATTGACGTTT: ATTTTATGATCCTTATTGACGTTTG
AGCGCGAACTTGAGCGCTGTTGATG: GCGCGAACTTGAGCGCTGTTGATGG
TTTCTTTAGATCGTGGAAAGCGTGC: TTCTTTAGATCGTGGAAAGCGTGCT
CACACTAAGCGCATCAACGATTATA: ACACTAAGCGCATCAACGATTATAT
GGCCTGTCCCGAGAGCCAGGGGGAT: GCCTGTCCCGAGAGCCAGGGGGATT
TCTCTCCCTACGTGCCTAGCTGCTA: CTCTCCCTACGTGCCTAGCTGCTAC
GACTGAAGTCATTCTGTGTCGGCCG: ACTGAAGTCATTCTGTGTCGGCCGG
CACGACGTATATGCTCGGTCACCGA: ACGACGTATATGCTCGGTCACCGAA
ATTAATTCTCTTTCCAGCTGTGACA: TTAATTCTCTTTCCAGCTGTGACAG
TCGTGGAAAGCGTGCTTATCCCTTA: CGTGGAAAGCGTGCTTATCCCTTAG
TTCCCGGCGTGTCCGACTGATCCTC: TCCCGGCGTGTCCGACTGATCCTCA
TATGTCGCAGGACTTACGACATCAA: ATGTCGCAGGACTTACGACATCAAG
GAAAAGTGCCGCCCCCACCTTTAGA: AAAAGTGCCGCCCCCACCTTTAGAT
GACGGTTAAATCTGAAGGACAATAC: ACGGTTAAATCTGAAGGACAATACA
TCTCGGTGGTCTCTCGACGGGCAAC: CTCGGTGGTCTCTCGACGGGCAACC
CCATCGAGCGTTCCAAATGCCCGCT: CATCGAGCGTTCCAAATGCCCGCTC
ACAGCATCTAGCGGCGTGCGACCCA: CAGCATCTAGCGGCGTGCGACCCAG
TTCTCTGAGTCAGTGGCGCTCGTTA: TCTCTGAGTCAGTGGCGCTCGTTAG
TGCTCGGTCACCGAAAACCTATTTA: GCTCGGTCACCGAAAACCTATTTAT
TGAATCTGGCCCGTAAAGCTGAAAC: GAATCTGGCCCGTAAAGCTGAAACT
TTGTCCCTTACCCATGTTGTCCGAA: TGTCCCTTACCCATGTTGTCCGAAC
TCAACACGCTGGTTGGGACTGGCTG: CAACACGCTGGTTGGGACTGGCTGA
CCTATTCGACATGGTTTTAGTGGTT: CTATTCGACATGGTTTTAGTGGTTC
ACTGCAAATTTGTTACTTGCCCTCG: CTGCAAATTTGTTACTTGCCCTCGG
TAAATTTAAGAAATGAGTTAGATGG: AAATTTAAGAAATGAGTTAGATGGC
GTCCTATCGCCCAGTGGAGGCACTT: TCCTATCGCCCAGTGGAGGCACTTC
CACCAAACAACTCTAGATGTACTTA: ACCAAACAACTCTAGATGTACTTAT
GTCAACCGCTAAAGCATCAAGTCCC: TCAACCGCTAAAGCATCAAGTCCCG
GTGGAACTGCAGAGGTGGCCTAACC: TGGAACTGCAGAGGTGGCCTAACCA
CACTAAGCGCATCAACGATTATATC: ACTAAGCGCATCAACGATTATATCG
GAACGTGAACCTCCATTTAGCATCC: AACGTGAACCTCCATTTAGCATCCG
CAGTGGCAAATTGACCCACTGCTAA: AGTGGCAAATTGACCCACTGCTAAG
CTTCCTCCATAGGATTAGGCAGAAG: TTCCTCCATAGGATTAGGCAGAAGA
TACATCATAACGCCCTTGTAAGCCT: ACATCATAACGCCCTTGTAAGCCTT
ATTCATGGAAAACCAAAACACAAAT: TTCATGGAAAACCAAAACACAAATT
CGAATCGGCTGACTGACCAGACATC: GAATCGGCTGACTGACCAGACATCT
CGGCCTTGTGGTCCAACCCCTAAAT: GGCCTTGTGGTCCAACCCCTAAATA
TTGGAAATTTCGCTTTCGCTTGTCT: TGGAAATTTCGCTTTCGCTTGTCTG
TGCGGCCCCGCCGATTTGCTATCCA: GCGGCCCCGCCGATTTGCTATCCAC
CGGTGCTATCGCACACTAGCACGTA: GGTGCTATCGCACACTAGCACGTAC
TTACTTGCCCTCGGGTGCTACGGGC: TACTTGCCCTCGGGTGCTACGGGCG
AACGACACTTCCTCCATAGGATTAG: ACGACACTTCCTCCATAGGATTAGG
CTAGTCACCACATTAACGTTCGGCA: TAGTCACCACATTAACGTTCGGCAG
AGATCAAGTAGTCCTTTTTGATATG: GATCAAGTAGTCCTTTTTGATATGA
ATTCACGTCATCCCTAAGTGAAGGT: TTCACGTCATCCCTAAGTGAAGGTA
ACTGTCTGAATAAATTTAAGAAATG: CTGTCTGAATAAATTTAAGAAATGA
TGAACTGGTGAGTTTAATCACGAAG: GAACTGGTGAGTTTAATCACGAAGT
TTCGGTAAGGCAATCCAGCGCCCCG: TCGGTAAGGCAATCCAGCGCCCCGC
AACGGAGAATAACTAAATCTATACC: ACGGAGAATAACTAAATCTATACCA
AGTACGGGTAGGGGGGAGTGTTGTG: GTACGGGTAGGGGGGAGTGTTGTGA
CCGTGGCGATCCTGCGCCCTTTCTG: CGTGGCGATCCTGCGCCCTTTCTGC
AGGCGCCTAGCTACTAGCTATGGTC: GGCGCCTAGCTACTAGCTATGGTCA
AGTGAATAAGAATCAGCCCCTTGTG: GTGAATAAGAATCAGCCCCTTGTGT
GAAGTTCAACCGAACTGGCTTGCAT: AAGTTCAACCGAACTGGCTTGCATG
TTGAACGTTATTACGCCCAGCAGAG: TGAACGTTATTACGCCCAGCAGAGC
CAACTTTACGAATCCTGACAGAAAT: AACTTTACGAATCCTGACAGAAATT
GATTCGGTGCTATCGCACACTAGCA: ATTCGGTGCTATCGCACACTAGCAC
CTAATACCAGCCTGCACAGACTGAA: TAATACCAGCCTGCACAGACTGAAG
CGTCGTGCGTACTGACATGCGTCCT: GTCGTGCGTACTGACATGCGTCCTG
CGTACTGACATGCGTCCTGAGCTAA: GTACTGACATGCGTCCTGAGCTAAA
GCCCTGCCTATAGTTACGTTCCTCA: CCCTGCCTATAGTTACGTTCCTCAC
ATCTCACGTCTACCTTCCGGGAATG: TCTCACGTCTACCTTCCGGGAATGA
GTGCGTGCACTCCCAATGGTTAGCA: TGCGTGCACTCCCAATGGTTAGCAC
GCCCAGTGGAGGCACTTCGGCGCCG: CCCAGTGGAGGCACTTCGGCGCCGA
CCTTGTTGCGCAAAACCTGGATTAG: CTTGTTGCGCAAAACCTGGATTAGT
GGTCGTATATACCAATATTAGCCCT: GTCGTATATACCAATATTAGCCCTG
CCCCGCTAGCTGCTGTTTATCTCAC: CCCGCTAGCTGCTGTTTATCTCACG
GACTCGAAAATACGTCTAATACCAG: ACTCGAAAATACGTCTAATACCAGC
CTCGAGCACGGACCCGCCCGTGACA: TCGAGCACGGACCCGCCCGTGACAT
ACGTTCCTCAAGAGGACTCTCCGAG: CGTTCCTCAAGAGGACTCTCCGAGT
AACAGTATTGTCGTACGTCAAGTAC: ACAGTATTGTCGTACGTCAAGTACG
GCATTCTGTGCTCGCCATGCTAGGA: CATTCTGTGCTCGCCATGCTAGGAC
TGAAGGTAGCGTCGCCCTTGTCCCT: GAAGGTAGCGTCGCCCTTGTCCCTT
GCGTGCACAGGGACTCACTAAAGCA: CGTGCACAGGGACTCACTAAAGCAT
AGCTATTTTAGACGGCACCTTCGTA: GCTATTTTAGACGGCACCTTCGTAC
TGCCCATCGTGATGCCCGAGGTATT: GCCCATCGTGATGCCCGAGGTATTG
TTTCGCTTTCGCTTGTCTGCCCGAA: TTCGCTTTCGCTTGTCTGCCCGAAC
CGCAGGCAGATGTGAGACTCGAAAA: GCAGGCAGATGTGAGACTCGAAAAT
TCCCTAAGTGAAGGTAGCGTCGCCC: CCCTAAGTGAAGGTAGCGTCGCCCT
GTGACATGGAAATCACACTGATGAG: TGACATGGAAATCACACTGATGAGT
AGCCATGACGGTTAAATCTGAAGGA: GCCATGACGGTTAAATCTGAAGGAC
ATGGTACTTCTTGTTCGGTAAGGCA: TGGTACTTCTTGTTCGGTAAGGCAA
GGCGGGATAAGGGAAATAAGGTACC: GCGGGATAAGGGAAATAAGGTACCT
AATTAATTTTATGCCCGGACAGATT: ATTAATTTTATGCCCGGACAGATTC
CCACCCTAGCAACGTTCTCTCCCTA: CACCCTAGCAACGTTCTCTCCCTAC
TTGTGATCAAATTCTCTGAGTCAGT: TGTGATCAAATTCTCTGAGTCAGTG
GTTCCAAATGCCCGCTCGGCCTCAA: TTCCAAATGCCCGCTCGGCCTCAAA
GTGAGTACCACCGCCCATTTGTGAG: TGAGTACCACCGCCCATTTGTGAGA
TAAAAAAATCTCGATGGGCATTAAC: AAAAAAATCTCGATGGGCATTAACC
AAAGCCACTGTCTGAATAAATTTAA: AAGCCACTGTCTGAATAAATTTAAG
GGCTACTATATACCGTTCTGGCCTC: GCTACTATATACCGTTCTGGCCTCG
GTCAAGTACGGCCTTGTGGTCCAAC: TCAAGTACGGCCTTGTGGTCCAACC
TCATGAAGTACGGGTAGGGGGGAGT: CATGAAGTACGGGTAGGGGGGAGTG
ATCCAGCGCCCCGCTAGCTGCTGTT: TCCAGCGCCCCGCTAGCTGCTGTTT
CCACGGTCCTATCGCCCAGTGGAGG: CACGGTCCTATCGCCCAGTGGAGGC
AGCGTGCTTATCCCTTAGGTATCTG: GCGTGCTTATCCCTTAGGTATCTGA
TTTCATGAAGTACGGGTAGGGGGGA: TTCATGAAGTACGGGTAGGGGGGAG
GACCCATTCGCGTGGGGACTCTGGC: ACCCATTCGCGTGGGGACTCTGGCT
GATTGATTTAGCTTGTGGGTCGTAT: ATTGATTTAGCTTGTGGGTCGTATA
GCACCGCTGTTAGATCAAGTAGTCC: CACCGCTGTTAGATCAAGTAGTCCT
ATAAGGTACCTGACATAACCAACGA: TAAGGTACCTGACATAACCAACGAC
AGCCCTTCTCCCACTGGGAATAACA: GCCCTTCTCCCACTGGGAATAACAT
TTGACGTTTGCATTATAAAACTCAC: TGACGTTTGCATTATAAAACTCACA
CGGCATTGGGATCAGCCGGAGCGGT: GGCATTGGGATCAGCCGGAGCGGTT
ATTTCTTATCAACATCGTCAGAAGT: TTTCTTATCAACATCGTCAGAAGTG
AACATGGTACTTCTTGTTCGGTAAG: ACATGGTACTTCTTGTTCGGTAAGG
TGTCCTTGCGGCCCCGCCGATTTGC: GTCCTTGCGGCCCCGCCGATTTGCT
ATTAACCCTACTAGACACGGATTTT: TTAACCCTACTAGACACGGATTTTG
TTGCCCTCGGGTGCTACGGGCGCTG: TGCCCTCGGGTGCTACGGGCGCTGT
CTATTAGAATCGTACTGACTCGGCT: TATTAGAATCGTACTGACTCGGCTT
GCAGCTAGCGCTCAAACATGGTACT: CAGCTAGCGCTCAAACATGGTACTT
GTTGGACAGTGACACCCCATCCTAG: TTGGACAGTGACACCCCATCCTAGC
TTAAGGTTGGACAGTGACACCCCAT: TAAGGTTGGACAGTGACACCCCATC
ATCAAACTCTCAGAGCCATGACGTT: TCAAACTCTCAGAGCCATGACGTTT
GGTTAAAGCCACTGTCTGAATAAAT: GTTAAAGCCACTGTCTGAATAAATT
TCACCACATTAACGTTCGGCAGGCC: CACCACATTAACGTTCGGCAGGCCG
AAATCTCGATGGGCATTAACCCTAC: AATCTCGATGGGCATTAACCCTACT
AGCGTCGCCCTTGTCCCTTACCCAT: GCGTCGCCCTTGTCCCTTACCCATG
ACAGTTAGAACGATGCCTGTACGCC: CAGTTAGAACGATGCCTGTACGCCT
CCTAAACAGAACAACGCCATCTCGG: CTAAACAGAACAACGCCATCTCGGA
AAGGTAGCGTCGCCCTTGTCCCTTA: AGGTAGCGTCGCCCTTGTCCCTTAC
GGTGCTATCGCACACTAGCACGTAC: GTGCTATCGCACACTAGCACGTACT
ATCGCACACTAGCACGTACTCGTAC: TCGCACACTAGCACGTACTCGTACA
TGGTAGAATCATTGTCTCCCACCGG: GGTAGAATCATTGTCTCCCACCGGT
TCACGCCGATTTTCTTTAGATCGTG: CACGCCGATTTTCTTTAGATCGTGG
GTATTTTTGGGCGTTTCTGCATGTT: TATTTTTGGGCGTTTCTGCATGTTT
TACGTCTAATACCAGCCTGCACAGA: ACGTCTAATACCAGCCTGCACAGAC
CGCGGCTCACGAGAGGAAGTAGTCA: GCGGCTCACGAGAGGAAGTAGTCAC
ACGTATACACTGTAGTATGCTCGGA: CGTATACACTGTAGTATGCTCGGAT
CAGACGCGTGCACAGGGACTCACTA: AGACGCGTGCACAGGGACTCACTAA
GGAGTCGATACATCATAACGCCCTT: GAGTCGATACATCATAACGCCCTTG
TACGGCTAGACCCGCGCCACGAAGC: ACGGCTAGACCCGCGCCACGAAGCC
GCGGCTCACGAGAGGAAGTAGTCAC: CGGCTCACGAGAGGAAGTAGTCACC
CCACAGCACGTCGATAAAATGGCGG: CACAGCACGTCGATAAAATGGCGGG
AGCTAAAGCCCCTCCGAGCTCTGTA: GCTAAAGCCCCTCCGAGCTCTGTAG
CTTTTACACGCGGCTCACGAGAGGA: TTTTACACGCGGCTCACGAGAGGAA
CAACGATTATATCGCGGTTACAAAC: AACGATTATATCGCGGTTACAAACC
TCATAACGCCCTTGTAAGCCTTCGG: CATAACGCCCTTGTAAGCCTTCGGC
TGAGACTCGAAAATACGTCTAATAC: GAGACTCGAAAATACGTCTAATACC
CTGTTAGATCAAGTAGTCCTTTTTG: TGTTAGATCAAGTAGTCCTTTTTGA
GGGTTTAAATTGATGTCGCGTTAGC: GGTTTAAATTGATGTCGCGTTAGCC
CAGCAGAGCGGACACTCTTATCATG: AGCAGAGCGGACACTCTTATCATGT
CCCGCGCCACGAAGCCCGAGCCTAT: CCGCGCCACGAAGCCCGAGCCTATG
AGTAGTCACCAGCCGCGGGACTTCT: GTAGTCACCAGCCGCGGGACTTCTT
TGTGACAGTCGTAACGGCCCGGTAC: GTGACAGTCGTAACGGCCCGGTACA
GAGAGCTGAATAAGTGAAACAAAGC: AGAGCTGAATAAGTGAAACAAAGCA
CTTAACGGCAAATGGAGTTTGCAGA: TTAACGGCAAATGGAGTTTGCAGAT
AAGCACGGACTCCACGACGTATATG: AGCACGGACTCCACGACGTATATGC
ATAACATCAACACGCTGGTTGGGAC: TAACATCAACACGCTGGTTGGGACT
GTCGACACTCTGGCCAAGGCACATA: TCGACACTCTGGCCAAGGCACATAT
CGAGCACGGACCCGCCCGTGACATG: GAGCACGGACCCGCCCGTGACATGG
AAGACGTTCCTCAAGAGGACTCTCC: AGACGTTCCTCAAGAGGACTCTCCG
AGGGAGTCGATACATCATAACGCCC: GGGAGTCGATACATCATAACGCCCT
GAACGCCTTTCCCGGCGTGTCCGAC: AACGCCTTTCCCGGCGTGTCCGACT
ATCTCCAGACTGAGATCTAATCTCG: TCTCCAGACTGAGATCTAATCTCGG
CATCAAACTCTCAGAGCCATGACGT: ATCAAACTCTCAGAGCCATGACGTT
TGTTGGTGGGTGACTTAAGCACGGA: GTTGGTGGGTGACTTAAGCACGGAC
CCTCCGTGACCAAACTGGGTTGTTA: CTCCGTGACCAAACTGGGTTGTTAT
TTATTTCCTACGTCTCGTGTGAGTT: TATTTCCTACGTCTCGTGTGAGTTA
TGACTCGGCTTCTTGCAGTCCTACA: GACTCGGCTTCTTGCAGTCCTACAG
CAAATGCCCGCTCGGCCTCAAAAAA: AAATGCCCGCTCGGCCTCAAAAAAT
TTGCCCATCGTGATGCCCGAGGTAT: TGCCCATCGTGATGCCCGAGGTATT
ATCGTACTGACTCGGCTTCTTGCAG: TCGTACTGACTCGGCTTCTTGCAGT
TATAGTTACGTTCCTCACATGGCCA: ATAGTTACGTTCCTCACATGGCCAT
ACACACATGCTGTCGGCGATTCATT: CACACATGCTGTCGGCGATTCATTG
CAACGTGTCAGGGCTGGCCTTGTTG: AACGTGTCAGGGCTGGCCTTGTTGC
TCGCCGCATCCCTATTCGACATGGT: CGCCGCATCCCTATTCGACATGGTT
TAACCAACGACACTTCCTCCATAGG: AACCAACGACACTTCCTCCATAGGA
GGCGCCTCGCCACTTTGTTGATTCG: GCGCCTCGCCACTTTGTTGATTCGG
GGGGGGAGTGTTGTGATCAAATTCT: GGGGGAGTGTTGTGATCAAATTCTC
AAGCTGAAACTCACATGGCTATGGA: AGCTGAAACTCACATGGCTATGGAG
TTTTGTCATCACGGACCATTGCACC: TTTGTCATCACGGACCATTGCACCT
GTCCTACGTACGGCTAGACCCGCGC: TCCTACGTACGGCTAGACCCGCGCC
TACAAACCATTGGGAAACAGTTAGA: ACAAACCATTGGGAAACAGTTAGAA
GTGGTCAGTACATTTTATAACCAGG: TGGTCAGTACATTTTATAACCAGGC
CCGAGAGCCAGGGGGATTTTAGCAG: CGAGAGCCAGGGGGATTTTAGCAGA
CTCGCCACTTTGTTGATTCGGTGCT: TCGCCACTTTGTTGATTCGGTGCTA
ACTGCAGAGGTGGCCTAACCACGAC: CTGCAGAGGTGGCCTAACCACGACT
GTAAGTGTACTCTCTACGGGGGCGT: TAAGTGTACTCTCTACGGGGGCGTA
TAACGCCCTTGTAAGCCTTCGGCCG: AACGCCCTTGTAAGCCTTCGGCCGA
TCTTAGCCCCCGAGGCCATTGGCAA: CTTAGCCCCCGAGGCCATTGGCAAG
CAATTTGTTTTGTCATCACGGACCA: AATTTGTTTTGTCATCACGGACCAT
GTACTCTCTACGGGGGCGTAGCAAA: TACTCTCTACGGGGGCGTAGCAAAC
GTCAGTACATTTTATAACCAGGCGC: TCAGTACATTTTATAACCAGGCGCG
ACATCGTCAGAAGTGACTTAAGAAC: CATCGTCAGAAGTGACTTAAGAACG
CGTACTCGTACACCGACACGAAATT: GTACTCGTACACCGACACGAAATTC
ATAAAACTCACAATCTTTAGTCGCT: TAAAACTCACAATCTTTAGTCGCTG
CAGAAATTAGAAGGGAGTTGCTTAC: AGAAATTAGAAGGGAGTTGCTTACC
ATTGCACCTCCGTGACCAAACTGGG: TTGCACCTCCGTGACCAAACTGGGT
GGGGTGTCCGCTATAGTCGAATCGG: GGGTGTCCGCTATAGTCGAATCGGC
AATCTGGCCCGTAAAGCTGAAACTC: ATCTGGCCCGTAAAGCTGAAACTCA
TGCTAGGACGAGGAAATAACGGTTT: GCTAGGACGAGGAAATAACGGTTTA
ACAGTCGTAACGGCCCGGTACATTT: CAGTCGTAACGGCCCGGTACATTTC
GCTAGCTGCTGTTTATCTCACGTCT: CTAGCTGCTGTTTATCTCACGTCTA
TAGGGGGGAGTGTTGTGATCAAATT: AGGGGGGAGTGTTGTGATCAAATTC
TACGTTCCTCACATGGCCATCGGAC: ACGTTCCTCACATGGCCATCGGACG
CATGAGCGCCCGGACACACATGCTG: ATGAGCGCCCGGACACACATGCTGT
CTTGTGGGTCGTATATACCAATATT: TTGTGGGTCGTATATACCAATATTA
GTGCGTACTGACATGCGTCCTGAGC: TGCGTACTGACATGCGTCCTGAGCT
CTGGTGAGTTTAATCACGAAGTCTG: TGGTGAGTTTAATCACGAAGTCTGC
GTATTGTAGCAGGAAAACCCAGTCG: TATTGTAGCAGGAAAACCCAGTCGG
ATTTAGCATCCGTCAGGTGAATGGA: TTTAGCATCCGTCAGGTGAATGGAT
GCACAGGGACTCACTAAAGCATATT: CACAGGGACTCACTAAAGCATATTT
CCCAGTGGAGGCACTTCGGCGCCGA: CCAGTGGAGGCACTTCGGCGCCGAG
GAGGCACTTCGGCGCCGAGCAATGG: AGGCACTTCGGCGCCGAGCAATGGA
GCACGGACTCCACGACGTATATGCT: CACGGACTCCACGACGTATATGCTC
TAATCATGCGGTGGACATGGGCAGT: AATCATGCGGTGGACATGGGCAGTT
GGTAGAAAAAGGCCTTACGGCTGCA: GTAGAAAAAGGCCTTACGGCTGCAG
TTTAGATGAATCGTTGACGACCATG: TTAGATGAATCGTTGACGACCATGC
GTGACTAAGTTCTCACAGTGTGACA: TGACTAAGTTCTCACAGTGTGACAA
CACATGGCCATCGGACGAAGATAGA: ACATGGCCATCGGACGAAGATAGAA
TGTTGATTCGGTGCTATCGCACACT: GTTGATTCGGTGCTATCGCACACTA
CTCGCCATGCTAGGACGAGGAAATA: TCGCCATGCTAGGACGAGGAAATAA
TCACATGGCCATCGGACGAAGATAG: CACATGGCCATCGGACGAAGATAGA
CGAGCTATTTTAGACGGCACCTTCG: GAGCTATTTTAGACGGCACCTTCGT
CATCTAGCGGCGTGCGACCCAGCAA: ATCTAGCGGCGTGCGACCCAGCAAA
AACTGGCTTGCATGTCCCAACGTGC: ACTGGCTTGCATGTCCCAACGTGCG
TCCTCAACATTCACGTCATCCCTAA: CCTCAACATTCACGTCATCCCTAAG
GGGGTGAGATCTTATCGATCTAAAC: GGGTGAGATCTTATCGATCTAAACT
ACAGACTGAAGTCATTCTGTGTCGG: CAGACTGAAGTCATTCTGTGTCGGC
TTTACGTCGATGCCTTCCTATTACG: TTACGTCGATGCCTTCCTATTACGG
CGGACAGATTCTGTATTTAGATATG: GGACAGATTCTGTATTTAGATATGT
GAATCATTGTCTCCCACCGGTGGTC: AATCATTGTCTCCCACCGGTGGTCA
GATGCCTTCCTATTACGGCCCGAGT: ATGCCTTCCTATTACGGCCCGAGTG
CACCATGCTACACACTAAGCGCATC: ACCATGCTACACACTAAGCGCATCA
CGGCAACTGCAAATTTGTTACTTGC: GGCAACTGCAAATTTGTTACTTGCC
GCCCGCTCGGCCTCAAAAAATGTCC: CCCGCTCGGCCTCAAAAAATGTCCT
TACTTGGATTCGGTGCCTGTAGCGT: ACTTGGATTCGGTGCCTGTAGCGTT
TTGTGTTTGACATTGACAACGGCTT: TGTGTTTGACATTGACAACGGCTTT
AACATCCAGGGCAGCTAGCGCTCAA: ACATCCAGGGCAGCTAGCGCTCAAA
GTCACCAGCCGCGGGACTTCTTTAC: TCACCAGCCGCGGGACTTCTTTACG
CGCCACTTTGTTGATTCGGTGCTAT: GCCACTTTGTTGATTCGGTGCTATC
TTAGATATGTATTTCAGCGATGTCG: TAGATATGTATTTCAGCGATGTCGG
TGCCTTCCTATTACGGCCCGAGTGA: GCCTTCCTATTACGGCCCGAGTGAG
AAATGTCCTCGAGCACGGACCCGCC: AATGTCCTCGAGCACGGACCCGCCC
CTCACATGGCCATCGGACGAAGATA: TCACATGGCCATCGGACGAAGATAG
TATGAGTCGCTAATCATGCGGTGGA: ATGAGTCGCTAATCATGCGGTGGAC
ATGAAAATATCCGGTTAAGACCTAA: TGAAAATATCCGGTTAAGACCTAAA
CGCCTAGCTACTAGCTATGGTCAAA: GCCTAGCTACTAGCTATGGTCAAAA
TCACACTGATGAGTTAATTCGCACT: CACACTGATGAGTTAATTCGCACTG
GCAGGCGCCTCGCCACTTTGTTGAT: CAGGCGCCTCGCCACTTTGTTGATT
GTCATCCCTAAGTGAAGGTAGCGTC: TCATCCCTAAGTGAAGGTAGCGTCG
GGACACACATGCTGTCGGCGATTCA: GACACACATGCTGTCGGCGATTCAT
CCGAAAACCTATTTATGCCGAGAGC: CGAAAACCTATTTATGCCGAGAGCG
TTGTAGTACTCAGATAACACTGGAT: TGTAGTACTCAGATAACACTGGATA
CTTGATGCTTGTCCACAGCACGTCG: TTGATGCTTGTCCACAGCACGTCGA
GTATTGGGAGTAACTGGCTCACACT: TATTGGGAGTAACTGGCTCACACTA
GGTACTCAATTGTTTGTAATCATGC: GTACTCAATTGTTTGTAATCATGCG
GCCCTTGTCCCTTACCCATGTTGTC: CCCTTGTCCCTTACCCATGTTGTCC
TACGTGCTTTGATACAGCTGGTCCA: ACGTGCTTTGATACAGCTGGTCCAG
GATTCTGTATTTAGATATGTATTTC: ATTCTGTATTTAGATATGTATTTCA
GACTACGTGCTTTGATACAGCTGGT: ACTACGTGCTTTGATACAGCTGGTC
ATTCTGTGCTCGCCATGCTAGGACG: TTCTGTGCTCGCCATGCTAGGACGA
CCGATTTTCTTTAGATCGTGGAAAG: CGATTTTCTTTAGATCGTGGAAAGC
TGAAGGACAATACAAGTAAAACAAC: GAAGGACAATACAAGTAAAACAACA
ACTTCAGTGGCAAATTGACCCACTG: CTTCAGTGGCAAATTGACCCACTGC
TAGAGCACAATCATATTTTCACGCT: AGAGCACAATCATATTTTCACGCTC
CTCAACATTCACGTCATCCCTAAGT: TCAACATTCACGTCATCCCTAAGTG
CCGTCAGGTGAATGGATTAATAGCG: CGTCAGGTGAATGGATTAATAGCGG
GCAAGGCAGTTAGTAGATGTCCTAC: CAAGGCAGTTAGTAGATGTCCTACG
TCCCGAGAGCCAGGGGGATTTTAGC: CCCGAGAGCCAGGGGGATTTTAGCA
ATGGGCATTAACCCTACTAGACACG: TGGGCATTAACCCTACTAGACACGG
AGAGTGAAGCAGACGCGTGCACAGG: GAGTGAAGCAGACGCGTGCACAGGG
TGCCGAGAGCGACTACGTGCTTTGA: GCCGAGAGCGACTACGTGCTTTGAT
TACAGCAGGCCTTGATGCTTGTCCA: ACAGCAGGCCTTGATGCTTGTCCAC
TCAATACCAGAGATCTCTGGCCTTA: CAATACCAGAGATCTCTGGCCTTAC
CTGTTGGTGGGTGACTTAAGCACGG: TGTTGGTGGGTGACTTAAGCACGGA
CGTCCTGAGCTAAAGCCCCTCCGAG: GTCCTGAGCTAAAGCCCCTCCGAGC
GGGCATTGGAAATTTCGCTTTCGCT: GGCATTGGAAATTTCGCTTTCGCTT
TAAATCTGAAGGACAATACAAGTAA: AAATCTGAAGGACAATACAAGTAAA
TCGAAATCACGCCGATTTTCTTTAG: CGAAATCACGCCGATTTTCTTTAGA
GCAAATATAACACAATTTGTTTTGT: CAAATATAACACAATTTGTTTTGTC
CAACTCTAGATGTACTTATCGCATA: AACTCTAGATGTACTTATCGCATAA
CAGAGCGGACACTCTTATCATGTAA: AGAGCGGACACTCTTATCATGTAAG
CATTACATCAAACTCTCAGAGCCAT: ATTACATCAAACTCTCAGAGCCATG
CCGACTGATCCTCAACATTCACGTC: CGACTGATCCTCAACATTCACGTCA
TAGGCGTAAAGCTGTCACCAGTCTC: AGGCGTAAAGCTGTCACCAGTCTCT
CAACATTCACGTCATCCCTAAGTGA: AACATTCACGTCATCCCTAAGTGAA
CTCGGGTGCTACGGGCGCTGTTTGG: TCGGGTGCTACGGGCGCTGTTTGGT
CGCCGATTTGGTAGTTGCTTCTATT: GCCGATTTGGTAGTTGCTTCTATTC
GCATCAACGATTATATCGCGGTTAC: CATCAACGATTATATCGCGGTTACA
CATGGTCACGCCGATTTGGTAGTTG: ATGGTCACGCCGATTTGGTAGTTGC
AGCCCGAGCCTATGTAAACGGACCC: GCCCGAGCCTATGTAAACGGACCCA
ACTGACATGCGTCCTGAGCTAAAGC: CTGACATGCGTCCTGAGCTAAAGCC
CAAGTCACACGCCAAATATGGTACA: AAGTCACACGCCAAATATGGTACAA
ACGGTCGACACTCTGGCCAAGGCAC: CGGTCGACACTCTGGCCAAGGCACA
GCACGTCGATAAAATGGCGGGCATT: CACGTCGATAAAATGGCGGGCATTC
TAGCCCTTCTCCCACTGGGAATAAC: AGCCCTTCTCCCACTGGGAATAACA
TGCGGTGGACATGGGCAGTTCAATC: GCGGTGGACATGGGCAGTTCAATCA
CATCCTAGCAGACATCGGGACCGAC: ATCCTAGCAGACATCGGGACCGACA
CAAACGCCGCACCAAACAACTCTAG: AAACGCCGCACCAAACAACTCTAGA
TGCTCGCCATGCTAGGACGAGGAAA: GCTCGCCATGCTAGGACGAGGAAAT
ATAACTAAATCTATACCAATGGAGT: TAACTAAATCTATACCAATGGAGTT
GTTCTTATGAGATATATGTGTCATC: TTCTTATGAGATATATGTGTCATCT
GGCGCCTGTTATTTCCTACGTCTCG: GCGCCTGTTATTTCCTACGTCTCGT
TCTAGCGGCGTGCGACCCAGCAAAT: CTAGCGGCGTGCGACCCAGCAAATA
GTACACCGACACGAAATTCAGTCGA: TACACCGACACGAAATTCAGTCGAC
GGCTTCTGGGGTGTCCGCTATAGTC: GCTTCTGGGGTGTCCGCTATAGTCG
ATAACCAACGACACTTCCTCCATAG: TAACCAACGACACTTCCTCCATAGG
TGCGCCCTTTCTGCAAGCCGTATGA: GCGCCCTTTCTGCAAGCCGTATGAG
GCAAATTGACCCACTGCTAAGCGAC: CAAATTGACCCACTGCTAAGCGACC
GTCTCTAGTCACCACATTAACGTTC: TCTCTAGTCACCACATTAACGTTCG
CATTTTATAACCAGGCGCGACACGT: ATTTTATAACCAGGCGCGACACGTC
GAGCTCTGTAGCTGTCACTACGGCT: AGCTCTGTAGCTGTCACTACGGCTT
TGCCATGGTATTGCCCATCGTGATG: GCCATGGTATTGCCCATCGTGATGC
GCGACCTCTTCGCAGTGAATCCTAG: CGACCTCTTCGCAGTGAATCCTAGT
AACCACGAGAGCTGAATAAGTGAAA: ACCACGAGAGCTGAATAAGTGAAAC
GGCTAGACCCGCGCCACGAAGCCCG: GCTAGACCCGCGCCACGAAGCCCGA
TCGTCATGGTCACGCCGATTTGGTA: CGTCATGGTCACGCCGATTTGGTAG
TTGATCGTAGTATACCGTTAATATC: TGATCGTAGTATACCGTTAATATCT
GCCGGGCATTGGAAATTTCGCTTTC: CCGGGCATTGGAAATTTCGCTTTCG
TTTCTAGAGCACAATCATATTTTCA: TTCTAGAGCACAATCATATTTTCAC
GTCCTTGCGGCCCCGCCGATTTGCT: TCCTTGCGGCCCCGCCGATTTGCTA
CTTGCGGACGGCATTGGGATCAGCC: TTGCGGACGGCATTGGGATCAGCCG
AGTCGTAACGGCCCGGTACATTTCT: GTCGTAACGGCCCGGTACATTTCTT
ACGGACCATTGCACCTCCGTGACCA: CGGACCATTGCACCTCCGTGACCAA
TTACGTTCCTCACATGGCCATCGGA: TACGTTCCTCACATGGCCATCGGAC
TAGATATGTATTTCAGCGATGTCGG: AGATATGTATTTCAGCGATGTCGGT
TACTGACATGCGTCCTGAGCTAAAG: ACTGACATGCGTCCTGAGCTAAAGC
AGGTACCTGACATAACCAACGACAC: GGTACCTGACATAACCAACGACACT
GCCCACGGTAATTACTAAAAAAATC: CCCACGGTAATTACTAAAAAAATCT
CGCCGCACCAAACAACTCTAGATGT: GCCGCACCAAACAACTCTAGATGTA
AAACGCAGTCAATACCAGAGATCTC: AACGCAGTCAATACCAGAGATCTCT
TGCCGTGGCGATCCTGCGCCCTTTC: GCCGTGGCGATCCTGCGCCCTTTCT
TACACTCCCAACTCTTGGTAAATCT: ACACTCCCAACTCTTGGTAAATCTG
ATGTGCTACTTAACGGCAAATGGAG: TGTGCTACTTAACGGCAAATGGAGT
ATCGCCCGAAGGCGGGATGGAATTC: TCGCCCGAAGGCGGGATGGAATTCC
TAATTCTCTTTCCAGCTGTGACAGT: AATTCTCTTTCCAGCTGTGACAGTC
CGAAATTCAGTCGACCAGTGGAACT: GAAATTCAGTCGACCAGTGGAACTG
ACAAATTGTGTTGCCGTGGCGATCC: CAAATTGTGTTGCCGTGGCGATCCT
CTATGGAGATGATTAATTCTCTTTC: TATGGAGATGATTAATTCTCTTTCC
GCCACGTTGGCACTATCGCCTAAGG: CCACGTTGGCACTATCGCCTAAGGT
GCCGCGGGACTTCTTTACGGCTCAA: CCGCGGGACTTCTTTACGGCTCAAG
TGTCGCAGGACTTACGACATCAAGC: GTCGCAGGACTTACGACATCAAGCG
ATTAATAGCGGCCTTTTACACGCGG: TTAATAGCGGCCTTTTACACGCGGC
CTTGTCCACAGCACGTCGATAAAAT: TTGTCCACAGCACGTCGATAAAATG
ACGAAGCCCGAGCCTATGTAAACGG: CGAAGCCCGAGCCTATGTAAACGGA
CTGTCCCGAGAGCCAGGGGGATTTT: TGTCCCGAGAGCCAGGGGGATTTTA
CGTCAGGCGCCTAGCTACTAGCTAT: GTCAGGCGCCTAGCTACTAGCTATG
AGGCGCCTCGCCACTTTGTTGATTC: GGCGCCTCGCCACTTTGTTGATTCG
GTGCTTATCCCTTAGGTATCTGACA: TGCTTATCCCTTAGGTATCTGACAA
TGAAGCAGACGCGTGCACAGGGACT: GAAGCAGACGCGTGCACAGGGACTC
CTAAACTCGATTTTATGATCCTTAT: TAAACTCGATTTTATGATCCTTATT
CCCACCTTTAGATGAATCGTTGACG: CCACCTTTAGATGAATCGTTGACGA
CCTACGTGCCTAGCTGCTACGTGAG: CTACGTGCCTAGCTGCTACGTGAGT
CGAAATCACGCCGATTTTCTTTAGA: GAAATCACGCCGATTTTCTTTAGAT
TTAATTTTATGCCCGGACAGATTCT: TAATTTTATGCCCGGACAGATTCTG
AGTAATTAATTTTATGCCCGGACAG: GTAATTAATTTTATGCCCGGACAGA
TGTAGCAGGAAAACCCAGTCGGGGG: GTAGCAGGAAAACCCAGTCGGGGGG
GTCGGCCGGGCATTGGAAATTTCGC: TCGGCCGGGCATTGGAAATTTCGCT
ATGCCCGCTCGGCCTCAAAAAATGT: TGCCCGCTCGGCCTCAAAAAATGTC
AACTCTTGGTAAATCTGTTCTTATG: ACTCTTGGTAAATCTGTTCTTATGA
ACCGCTGTTAGATCAAGTAGTCCTT: CCGCTGTTAGATCAAGTAGTCCTTT
TAGCGGCCTTTTACACGCGGCTCAC: AGCGGCCTTTTACACGCGGCTCACG
TCACTAAAGCATATTTATAGGGTCC: CACTAAAGCATATTTATAGGGTCCT
GCGGACACTCTTATCATGTAAGTGT: CGGACACTCTTATCATGTAAGTGTA
GATATGTCCTTGCGGCCCCGCCGAT: ATATGTCCTTGCGGCCCCGCCGATT
CACGGACCCGCCCGTGACATGGAAA: ACGGACCCGCCCGTGACATGGAAAT
ACGAGGAAATAACGGTTTACGGCTT: CGAGGAAATAACGGTTTACGGCTTT
CGGTATTGTAGCAGGAAAACCCAGT: GGTATTGTAGCAGGAAAACCCAGTC
TTGGCACTATCGCCTAAGGTCACGG: TGGCACTATCGCCTAAGGTCACGGT
TTCACAGCATCTAGCGGCGTGCGAC: TCACAGCATCTAGCGGCGTGCGACC
GGATAAGGGGTGAGATCTTATCGAT: GATAAGGGGTGAGATCTTATCGATC
CTTACTCAACGTGTCAGGGCTGGCC: TTACTCAACGTGTCAGGGCTGGCCT
AATAAGAATCAGCCCCTTGTGTTTG: ATAAGAATCAGCCCCTTGTGTTTGA
CTAAGCACTTTCATGAAGTACGGGT: TAAGCACTTTCATGAAGTACGGGTA
ATAACTTGCGGACGGCATTGGGATC: TAACTTGCGGACGGCATTGGGATCA
TTCACGCTCCACAGTCTCCCTTCGG: TCACGCTCCACAGTCTCCCTTCGGC
AGCAGATTTGTAGTACTCAGATAAC: GCAGATTTGTAGTACTCAGATAACA
TAGCGTCGCCCTTGTCCCTTACCCA: AGCGTCGCCCTTGTCCCTTACCCAT
TCAGAAGTCGTCATGGTCACGCCGA: CAGAAGTCGTCATGGTCACGCCGAT
CTCCCGCCCACGGTAATTACTAAAA: TCCCGCCCACGGTAATTACTAAAAA
TTCTCTCCCTACGTGCCTAGCTGCT: TCTCTCCCTACGTGCCTAGCTGCTA
CTTCCTCTGGTTGTTTGAACTGGTG: TTCCTCTGGTTGTTTGAACTGGTGA
AGCTACCACCGCCAGAAGCCGAGCT: GCTACCACCGCCAGAAGCCGAGCTA
AGTGACTTAAGAACGCCTTTCCCGG: GTGACTTAAGAACGCCTTTCCCGGC
ATGTCGCAGGACTTACGACATCAAG: TGTCGCAGGACTTACGACATCAAGC
TTGACCCACTGCTAAGCGACCTCTT: TGACCCACTGCTAAGCGACCTCTTC
AGAAGTCGTCATGGTCACGCCGATT: GAAGTCGTCATGGTCACGCCGATTT
ACATTGAACGTTATTACGCCCAGCA: CATTGAACGTTATTACGCCCAGCAG
TTTGTTTTGTCATCACGGACCATTG: TTGTTTTGTCATCACGGACCATTGC
ATTAGAAGGGAGTTGCTTACCCTCC: TTAGAAGGGAGTTGCTTACCCTCCC
AACCGAACTGGCTTGCATGTCCCAA: ACCGAACTGGCTTGCATGTCCCAAC
GCCTGCACTCGAAATTCCGCCGTCA: CCTGCACTCGAAATTCCGCCGTCAA
TTGGTAAATCTGTTCTTATGAGATA: TGGTAAATCTGTTCTTATGAGATAT
GACATCAAGCGCGAACTTGAGCGCT: ACATCAAGCGCGAACTTGAGCGCTG
CACTCTTATCATGTAAGTGTACTCT: ACTCTTATCATGTAAGTGTACTCTC
CCCTAAATAAGCTGGCCAAACGGAG: CCTAAATAAGCTGGCCAAACGGAGA
TTGATATGAAAATATCCGGTTAAGA: TGATATGAAAATATCCGGTTAAGAC
CTACGTGCCTAGCTGCTACGTGAGT: TACGTGCCTAGCTGCTACGTGAGTA
TGTGATCAAATTCTCTGAGTCAGTG: GTGATCAAATTCTCTGAGTCAGTGG
GCCCTTGTAAGCCTTCGGCCGAGAC: CCCTTGTAAGCCTTCGGCCGAGACG
GCTACTAGCTATGGTCAAAAGTACA: CTACTAGCTATGGTCAAAAGTACAC
GCAGATTTGTAGTACTCAGATAACA: CAGATTTGTAGTACTCAGATAACAC
GACAAGGGAGCCGTGACAAGGCCGC: ACAAGGGAGCCGTGACAAGGCCGCA
CAAAACCTGGATTAGTGGGGGAGCC: AAAACCTGGATTAGTGGGGGAGCCC
ACCGACACGAAATTCAGTCGACCAG: CCGACACGAAATTCAGTCGACCAGT
GCATGTTTACTTGGATTCGGTGCCT: CATGTTTACTTGGATTCGGTGCCTG
TAAAACAACATCTTAGCCCCCGAGG: AAAACAACATCTTAGCCCCCGAGGC
TGCTATGTCTGTTGATGGAATGCAT: GCTATGTCTGTTGATGGAATGCATG
CAACGTTCTCTCCCTACGTGCCTAG: AACGTTCTCTCCCTACGTGCCTAGC
TGCATTATAAAACTCACAATCTTTA: GCATTATAAAACTCACAATCTTTAG
AAAGGCCTTACGGCTGCAGGGTTAA: AAGGCCTTACGGCTGCAGGGTTAAC
ACTATCGCCTAAGGTCACGGTCTTC: CTATCGCCTAAGGTCACGGTCTTCA
GTCCTCGAGCACGGACCCGCCCGTG: TCCTCGAGCACGGACCCGCCCGTGA
AGGTTGGACAGTGACACCCCATCCT: GGTTGGACAGTGACACCCCATCCTA
TGAGTTAGATGGCGCCTGTTATTTC: GAGTTAGATGGCGCCTGTTATTTCC
ATTTAGCTTGTGGGTCGTATATACC: TTTAGCTTGTGGGTCGTATATACCA
AATTTGTTACTTGCCCTCGGGTGCT: ATTTGTTACTTGCCCTCGGGTGCTA
AGCCGTATGAGCCTCATAAAATAGC: GCCGTATGAGCCTCATAAAATAGCC
GAGTAACTGGCTCACACTACCCTAG: AGTAACTGGCTCACACTACCCTAGA
CATCCACCATGCTACACACTAAGCG: ATCCACCATGCTACACACTAAGCGC
TCGCGGTTACAAACCATTGGGAAAC: CGCGGTTACAAACCATTGGGAAACA
CCAGACTTTCTAGAGCACAATCATA: CAGACTTTCTAGAGCACAATCATAT
AGCTGAAACTCACATGGCTATGGAG: GCTGAAACTCACATGGCTATGGAGA
TAAAGCATCAAGTCCCGAACTGGCG: AAAGCATCAAGTCCCGAACTGGCGA
AGCGACTACGTGCTTTGATACAGCT: GCGACTACGTGCTTTGATACAGCTG
TGCTAAGCGACCTCTTCGCAGTGAA: GCTAAGCGACCTCTTCGCAGTGAAT
GCACAATCATATTTTCACGCTCCAC: CACAATCATATTTTCACGCTCCACA
TCCTGAGCTAAAGCCCCTCCGAGCT: CCTGAGCTAAAGCCCCTCCGAGCTC
CTAGACCCGCGCCACGAAGCCCGAG: TAGACCCGCGCCACGAAGCCCGAGC
CTTCGGCAGCGCGGTTTCCTAATTC: TTCGGCAGCGCGGTTTCCTAATTCT
GGGTCATCCACCATGCTACACACTA: GGTCATCCACCATGCTACACACTAA
TTAGCTTGTGGGTCGTATATACCAA: TAGCTTGTGGGTCGTATATACCAAT
TGTGAGAGTGAAGCAGACGCGTGCA: GTGAGAGTGAAGCAGACGCGTGCAC
TATTGTCGTACGTCAAGTACGGCCT: ATTGTCGTACGTCAAGTACGGCCTT
TTATAGGATCGAGGGAGTCGATACA: TATAGGATCGAGGGAGTCGATACAT
GCTATTAGAATCGTACTGACTCGGC: CTATTAGAATCGTACTGACTCGGCT
CAGCAAATATAACACAATTTGTTTT: AGCAAATATAACACAATTTGTTTTG
TCAAGTACGGCCTTGTGGTCCAACC: CAAGTACGGCCTTGTGGTCCAACCC
CCGTGACAAGGCCGCAGGCAGATGT: CGTGACAAGGCCGCAGGCAGATGTG
CGACCAGTGGAACTGCAGAGGTGGC: GACCAGTGGAACTGCAGAGGTGGCC
CTGGCCCGTAAAGCTGAAACTCACA: TGGCCCGTAAAGCTGAAACTCACAT
ATTTAGATATGTATTTCAGCGATGT: TTTAGATATGTATTTCAGCGATGTC
CGTCTATTTAAGGGGTCATCCACCA: GTCTATTTAAGGGGTCATCCACCAT
CCGAGACGGGTTTAAATTGATGTCG: CGAGACGGGTTTAAATTGATGTCGC
CTTATCGATCTAAACTCGATTTTAT: TTATCGATCTAAACTCGATTTTATG
GCGTGGGGACTCTGGCTATCTTCCT: CGTGGGGACTCTGGCTATCTTCCTC
TAGATGTACTTATCGCATAATCACT: AGATGTACTTATCGCATAATCACTG
AACCAGGCGCGACACGTCTATTTAA: ACCAGGCGCGACACGTCTATTTAAG
CACGAGAGCTGAATAAGTGAAACAA: ACGAGAGCTGAATAAGTGAAACAAA
TGTGTCGGCCGGGCATTGGAAATTT: GTGTCGGCCGGGCATTGGAAATTTC
CAAACATGAGCGCCCGGACACACAT: AAACATGAGCGCCCGGACACACATG
ATCCTCATAACTTGCGGACGGCATT: TCCTCATAACTTGCGGACGGCATTG
GCCTTGTGGTCCAACCCCTAAATAA: CCTTGTGGTCCAACCCCTAAATAAG
CCAGAGATCTCTGGCCTTACTCAAC: CAGAGATCTCTGGCCTTACTCAACG
AAAAAATGTCCTCGAGCACGGACCC: AAAAATGTCCTCGAGCACGGACCCG
AAGCGCATCAACGATTATATCGCGG: AGCGCATCAACGATTATATCGCGGT
CATCACGGACCATTGCACCTCCGTG: ATCACGGACCATTGCACCTCCGTGA
AGCACGTACTCGTACACCGACACGA: GCACGTACTCGTACACCGACACGAA
GCAGAGCGGACACTCTTATCATGTA: CAGAGCGGACACTCTTATCATGTAA
GGACGAAGATAGAATTGTAGGAGAA: GACGAAGATAGAATTGTAGGAGAAA
GACCCACAGCGTTTAAGGTTGGACA: ACCCACAGCGTTTAAGGTTGGACAG
CTATGTCGCAGGACTTACGACATCA: TATGTCGCAGGACTTACGACATCAA
CACTAAGCACTTTCATGAAGTACGG: ACTAAGCACTTTCATGAAGTACGGG
CATGCGGTGGACATGGGCAGTTCAA: ATGCGGTGGACATGGGCAGTTCAAT
TCATTGTCTCCCACCGGTGGTCAGT: CATTGTCTCCCACCGGTGGTCAGTA
CGTATACACTGTAGTATGCTCGGAT: GTATACACTGTAGTATGCTCGGATC
CGACAAGCAGCTGTTGGTGGGTGAC: GACAAGCAGCTGTTGGTGGGTGACT
ACTGGGAATAACATCAACACGCTGG: CTGGGAATAACATCAACACGCTGGT
AATATTAGCCCTGCCTATAGTTACG: ATATTAGCCCTGCCTATAGTTACGT
CAGGCGCCTAGCTACTAGCTATGGT: AGGCGCCTAGCTACTAGCTATGGTC
GGGCAGCTAGCGCTCAAACATGGTA: GGCAGCTAGCGCTCAAACATGGTAC
TGTCGTACGTCAAGTACGGCCTTGT: GTCGTACGTCAAGTACGGCCTTGTG
CGACACGTCTATTTAAGGGGTCATC: GACACGTCTATTTAAGGGGTCATCC
CAGCCTGCACAGACTGAAGTCATTC: AGCCTGCACAGACTGAAGTCATTCT
TCCTATTACGGCCCGAGTGAGATGA: CCTATTACGGCCCGAGTGAGATGAT
TCACGAGAGGAAGTAGTCACCAGCC: CACGAGAGGAAGTAGTCACCAGCCG
AAGCCCGAGCCTATGTAAACGGACC: AGCCCGAGCCTATGTAAACGGACCC
CAAATTTGTTACTTGCCCTCGGGTG: AAATTTGTTACTTGCCCTCGGGTGC
ATCCACGGTCCTATCGCCCAGTGGA: TCCACGGTCCTATCGCCCAGTGGAG
CATGGCTATGGAGATGATTAATTCT: ATGGCTATGGAGATGATTAATTCTC
GCTGACTGACCAGACATCTCCAGAC: CTGACTGACCAGACATCTCCAGACT
TTGCGGACGGCATTGGGATCAGCCG: TGCGGACGGCATTGGGATCAGCCGG
CCCAACGTGCGTGCACTCCCAATGG: CCAACGTGCGTGCACTCCCAATGGT
AGGGTTAACGATCATTCCCTATGAT: GGGTTAACGATCATTCCCTATGATC
GCCCGAGCCTATGTAAACGGACCCA: CCCGAGCCTATGTAAACGGACCCAC
CAAGTACGGCCTTGTGGTCCAACCC: AAGTACGGCCTTGTGGTCCAACCCC
ATCACGGTATTGTAGCAGGAAAACC: TCACGGTATTGTAGCAGGAAAACCC
ATTTTATGCCCGGACAGATTCTGTA: TTTTATGCCCGGACAGATTCTGTAT
CGGTAATTACTAAAAAAATCTCGAT: GGTAATTACTAAAAAAATCTCGATG
TAGACACGGATTTTGAAGCCATAGC: AGACACGGATTTTGAAGCCATAGCC
CGCATCCCTATTCGACATGGTTTTA: GCATCCCTATTCGACATGGTTTTAG
AATCACGCCGATTTTCTTTAGATCG: ATCACGCCGATTTTCTTTAGATCGT
ACGATTATATCGCGGTTACAAACCA: CGATTATATCGCGGTTACAAACCAT
AAGTGTACTCTCTACGGGGGCGTAG: AGTGTACTCTCTACGGGGGCGTAGC
AGTCGAATCGGCTGACTGACCAGAC: GTCGAATCGGCTGACTGACCAGACA
CGGTGGTCTCTCGACGGGCAACCAC: GGTGGTCTCTCGACGGGCAACCACG
GAAGACATTGAACGTTATTACGCCC: AAGACATTGAACGTTATTACGCCCA
AACCATTGGGAAACAGTTAGAACGA: ACCATTGGGAAACAGTTAGAACGAT
ACAATTTGTTTTGTCATCACGGACC: CAATTTGTTTTGTCATCACGGACCA
CACTACGGCTTGGCCCCCGGGTACT: ACTACGGCTTGGCCCCCGGGTACTC
TATGAGCCTCATAAAATAGCCATGA: ATGAGCCTCATAAAATAGCCATGAC
ACAAAACTTCGAAATCACGCCGATT: CAAAACTTCGAAATCACGCCGATTT
CGGACTCCACGACGTATATGCTCGG: GGACTCCACGACGTATATGCTCGGT
GCGTGCGACCCAGCAAATATAACAC: CGTGCGACCCAGCAAATATAACACA
TAAATTGATGTCGCGTTAGCCCTTC: AAATTGATGTCGCGTTAGCCCTTCT
CTTTGATACAGCTGGTCCAGACTTT: TTTGATACAGCTGGTCCAGACTTTC
CCAGCGCCCCGCTAGCTGCTGTTTA: CAGCGCCCCGCTAGCTGCTGTTTAT
CCAACTCTTGGTAAATCTGTTCTTA: CAACTCTTGGTAAATCTGTTCTTAT
CCACCATGCTACACACTAAGCGCAT: CACCATGCTACACACTAAGCGCATC
TAACCAGGCGCGACACGTCTATTTA: AACCAGGCGCGACACGTCTATTTAA
AGCCACTGTCTGAATAAATTTAAGA: GCCACTGTCTGAATAAATTTAAGAA
AATGTCCTCGAGCACGGACCCGCCC: ATGTCCTCGAGCACGGACCCGCCCG
TACGGGTAGGGGGGAGTGTTGTGAT: ACGGGTAGGGGGGAGTGTTGTGATC
CTGAGTCAGTGGCGCTCGTTAGCTT: TGAGTCAGTGGCGCTCGTTAGCTTA
CCTTTCGAAGTTCAACCGAACTGGC: CTTTCGAAGTTCAACCGAACTGGCT
ATGTAAGGCTTCTGGGGTGTCCGCT: TGTAAGGCTTCTGGGGTGTCCGCTA
CATCCCTAAGTGAAGGTAGCGTCGC: ATCCCTAAGTGAAGGTAGCGTCGCC
ATCTCTGGCCTTACTCAACGTGTCA: TCTCTGGCCTTACTCAACGTGTCAG
GTTTACTTGGATTCGGTGCCTGTAG: TTTACTTGGATTCGGTGCCTGTAGC
AACCCCTAAATAAGCTGGCCAAACG: ACCCCTAAATAAGCTGGCCAAACGG
GAGGAAATAACGGTTTACGGCTTTG: AGGAAATAACGGTTTACGGCTTTGT
GGCCCCGCCGATTTGCTATCCACGG: GCCCCGCCGATTTGCTATCCACGGT
GCATTGGAAATTTCGCTTTCGCTTG: CATTGGAAATTTCGCTTTCGCTTGT
TGATCAAACGCCGCACCAAACAACT: GATCAAACGCCGCACCAAACAACTC
GGCCCGAGTGAGATGATGTGCTACT: GCCCGAGTGAGATGATGTGCTACTT
CTCAAAAAATGTCCTCGAGCACGGA: TCAAAAAATGTCCTCGAGCACGGAC
TATGCTCGGTCACCGAAAACCTATT: ATGCTCGGTCACCGAAAACCTATTT
GTGGGTGACTTAAGCACGGACTCCA: TGGGTGACTTAAGCACGGACTCCAC
AGCAACGTTCTCTCCCTACGTGCCT: GCAACGTTCTCTCCCTACGTGCCTA
AGGCGCGACACGTCTATTTAAGGGG: GGCGCGACACGTCTATTTAAGGGGT
ACGCCGCACCAAACAACTCTAGATG: CGCCGCACCAAACAACTCTAGATGT
CAACGACACTTCCTCCATAGGATTA: AACGACACTTCCTCCATAGGATTAG
ACCCGCCCGTGACATGGAAATCACA: CCCGCCCGTGACATGGAAATCACAC
GGGATAAGGGAAATAAGGTACCTGA: GGATAAGGGAAATAAGGTACCTGAC
ACACATGCTGTCGGCGATTCATTGC: CACATGCTGTCGGCGATTCATTGCA
GATGAATCGTTGACGACCATGCCTG: ATGAATCGTTGACGACCATGCCTGC
TCTAAACTCGATTTTATGATCCTTA: CTAAACTCGATTTTATGATCCTTAT
GTTGCCGTGGCGATCCTGCGCCCTT: TTGCCGTGGCGATCCTGCGCCCTTT
GTCATCTCGGCCCTTACTTCAGTGG: TCATCTCGGCCCTTACTTCAGTGGC
CATCATAACGCCCTTGTAAGCCTTC: ATCATAACGCCCTTGTAAGCCTTCG
AACTTGAGCGCTGTTGATGGATTTT: ACTTGAGCGCTGTTGATGGATTTTC
TGTGACAAGGGAGCCGTGACAAGGC: GTGACAAGGGAGCCGTGACAAGGCC
TCACAATCTTTAGTCGCTGATATGT: CACAATCTTTAGTCGCTGATATGTC
TTAGGTATCTGACAACATCCAGGGC: TAGGTATCTGACAACATCCAGGGCA
GGGACTTCTTTACGGCTCAAGCCAC: GGACTTCTTTACGGCTCAAGCCACG
ACGTCGTGCGTACTGACATGCGTCC: CGTCGTGCGTACTGACATGCGTCCT
CCCTATTCGACATGGTTTTAGTGGT: CCTATTCGACATGGTTTTAGTGGTT
TAATTTTATGCCCGGACAGATTCTG: AATTTTATGCCCGGACAGATTCTGT
AGATGTGAGACTCGAAAATACGTCT: GATGTGAGACTCGAAAATACGTCTA
GGATTTTGAAGCCATAGCCACCGGG: GATTTTGAAGCCATAGCCACCGGGC
CCCAGCAGAGCGGACACTCTTATCA: CCAGCAGAGCGGACACTCTTATCAT
TCAGCCCCTTGTGTTTGACATTGAC: CAGCCCCTTGTGTTTGACATTGACA
ACCCCTTAGTAATTAATTTTATGCC: CCCCTTAGTAATTAATTTTATGCCC
CTTTACGTCGATGCCTTCCTATTAC: TTTACGTCGATGCCTTCCTATTACG
AGCAGGAAAACCCAGTCGGGGGGTC: GCAGGAAAACCCAGTCGGGGGGTCT
CGAACTTGAGCGCTGTTGATGGATT: GAACTTGAGCGCTGTTGATGGATTT
ACTGGTGAGTTTAATCACGAAGTCT: CTGGTGAGTTTAATCACGAAGTCTG
AAGGACAATACAAGTAAAACAACAT: AGGACAATACAAGTAAAACAACATC
CACATATGGGCAGGCGCCTCGCCAC: ACATATGGGCAGGCGCCTCGCCACT
GCGCTGTTTGGTAGAATCATTGTCT: CGCTGTTTGGTAGAATCATTGTCTC
GCTGAATCCTCATAACTTGCGGACG: CTGAATCCTCATAACTTGCGGACGG
TTTGGTAGAATCATTGTCTCCCACC: TTGGTAGAATCATTGTCTCCCACCG
AAGGCAGTTAGTAGATGTCCTACGT: AGGCAGTTAGTAGATGTCCTACGTA
GGGCAGTTCAATCAAGTCACACGCC: GGCAGTTCAATCAAGTCACACGCCA
GACCAGTGGAACTGCAGAGGTGGCC: ACCAGTGGAACTGCAGAGGTGGCCT
TTAGTAATTAATTTTATGCCCGGAC: TAGTAATTAATTTTATGCCCGGACA
TGCAGAGGTGGCCTAACCACGACTT: GCAGAGGTGGCCTAACCACGACTTG
TTTCAGCGATGTCGGTTAAAGCCAC: TTCAGCGATGTCGGTTAAAGCCACT
TGAGATCTAATCTCGGTGGTCTCTC: GAGATCTAATCTCGGTGGTCTCTCG
CTATACCAATGGAGTTATAGGATCG: TATACCAATGGAGTTATAGGATCGA
CTGACAACATCCAGGGCAGCTAGCG: TGACAACATCCAGGGCAGCTAGCGC
TTGCAGCCCACCCTAGCAACGTTCT: TGCAGCCCACCCTAGCAACGTTCTC
GCGCGACACGTCTATTTAAGGGGTC: CGCGACACGTCTATTTAAGGGGTCA
CGCTATAGTCGAATCGGCTGACTGA: GCTATAGTCGAATCGGCTGACTGAC
CACTAAAGCATATTTATAGGGTCCT: ACTAAAGCATATTTATAGGGTCCTC
GATGTCGGTTAAAGCCACTGTCTGA: ATGTCGGTTAAAGCCACTGTCTGAA
CAGGCAACCTAACTATGTCGCAGGA: AGGCAACCTAACTATGTCGCAGGAC
GACCCGCGCCACGAAGCCCGAGCCT: ACCCGCGCCACGAAGCCCGAGCCTA
CGTACTGACTCGGCTTCTTGCAGTC: GTACTGACTCGGCTTCTTGCAGTCC
CAGCGATGTCGGTTAAAGCCACTGT: AGCGATGTCGGTTAAAGCCACTGTC
AAGTAAAACAACATCTTAGCCCCCG: AGTAAAACAACATCTTAGCCCCCGA
CTGTCGGCGATTCATTGCAGCCCAC: TGTCGGCGATTCATTGCAGCCCACC
GCAGATGTGAGACTCGAAAATACGT: CAGATGTGAGACTCGAAAATACGTC
CGAGCAATGGATATTAATACTTGGA: GAGCAATGGATATTAATACTTGGAG
CGAAGATAGAATTGTAGGAGAAAAG: GAAGATAGAATTGTAGGAGAAAAGT
CGGTGGTCAGTACATTTTATAACCA: GGTGGTCAGTACATTTTATAACCAG
GAAGTAGTCACCAGCCGCGGGACTT: AAGTAGTCACCAGCCGCGGGACTTC
CCTCGGGTGCTACGGGCGCTGTTTG: CTCGGGTGCTACGGGCGCTGTTTGG
CACTGCTAAGCGACCTCTTCGCAGT: ACTGCTAAGCGACCTCTTCGCAGTG
TGTCCCAACGTGCGTGCACTCCCAA: GTCCCAACGTGCGTGCACTCCCAAT
GTGTCGTGAGGGTGACTAAGTTCTC: TGTCGTGAGGGTGACTAAGTTCTCA
GCCTGCACAGACTGAAGTCATTCTG: CCTGCACAGACTGAAGTCATTCTGT
CATTGCACCTCCGTGACCAAACTGG: ATTGCACCTCCGTGACCAAACTGGG
GCCCGAACTAGCTACCACCGCCAGA: CCCGAACTAGCTACCACCGCCAGAA
TGCTACACACTAAGCGCATCAACGA: GCTACACACTAAGCGCATCAACGAT
AGCATCTAGCGGCGTGCGACCCAGC: GCATCTAGCGGCGTGCGACCCAGCA
TCGCTAATCATGCGGTGGACATGGG: CGCTAATCATGCGGTGGACATGGGC
ACGGGTAGGGGGGAGTGTTGTGATC: CGGGTAGGGGGGAGTGTTGTGATCA
AACGACGTCGTGCGTACTGACATGC: ACGACGTCGTGCGTACTGACATGCG
TGACTTAAGCACGGACTCCACGACG: GACTTAAGCACGGACTCCACGACGT
TCAATCAAGTCACACGCCAAATATG: CAATCAAGTCACACGCCAAATATGG
AAGTGCCGCCCCCACCTTTAGATGA: AGTGCCGCCCCCACCTTTAGATGAA
GAGTCGATACATCATAACGCCCTTG: AGTCGATACATCATAACGCCCTTGT
CCCGCTCGGCCTCAAAAAATGTCCT: CCGCTCGGCCTCAAAAAATGTCCTC
GATATATGTGTCATCTCGGCCCTTA: ATATATGTGTCATCTCGGCCCTTAC
ACCTGGATTAGTGGGGGAGCCCATG: CCTGGATTAGTGGGGGAGCCCATGA
ATATTTATAGGGTCCTCACTAAGCA: TATTTATAGGGTCCTCACTAAGCAC
AGGGCCTGTCCCGAGAGCCAGGGGG: GGGCCTGTCCCGAGAGCCAGGGGGA
CCCTCCGAGCTCTGTAGCTGTCACT: CCTCCGAGCTCTGTAGCTGTCACTA
AAAACCTATTTATGCCGAGAGCGAC: AAACCTATTTATGCCGAGAGCGACT
ATTTATAGGGTCCTCACTAAGCACT: TTTATAGGGTCCTCACTAAGCACTT
CTTGCCCTCGGGTGCTACGGGCGCT: TTGCCCTCGGGTGCTACGGGCGCTG
TGCTATCCACGGTCCTATCGCCCAG: GCTATCCACGGTCCTATCGCCCAGT
TGCCTAGCTGCTACGTGAGTACCAC: GCCTAGCTGCTACGTGAGTACCACC
TTCACGTCATCCCTAAGTGAAGGTA: TCACGTCATCCCTAAGTGAAGGTAG
CATCGAGCGTTCCAAATGCCCGCTC: ATCGAGCGTTCCAAATGCCCGCTCG
AAACCATTGGGAAACAGTTAGAACG: AACCATTGGGAAACAGTTAGAACGA
AATCACGAAGTCTGCGATTGATTTT: ATCACGAAGTCTGCGATTGATTTTC
CGTCGATGCCTTCCTATTACGGCCC: GTCGATGCCTTCCTATTACGGCCCG
TACTTAACGGCAAATGGAGTTTGCA: ACTTAACGGCAAATGGAGTTTGCAG
CTCCAGACTGAGATCTAATCTCGGT: TCCAGACTGAGATCTAATCTCGGTG
CTTGGCCCCCGGGTACTCAATTGTT: TTGGCCCCCGGGTACTCAATTGTTT
CTTCCTATTACGGCCCGAGTGAGAT: TTCCTATTACGGCCCGAGTGAGATG
CGCCGTCAACCGCTAAAGCATCAAG: GCCGTCAACCGCTAAAGCATCAAGT
ACGTTGGCACTATCGCCTAAGGTCA: CGTTGGCACTATCGCCTAAGGTCAC
AGGACAATACAAGTAAAACAACATC: GGACAATACAAGTAAAACAACATCT
TTTGTGAGAGTGAAGCAGACGCGTG: TTGTGAGAGTGAAGCAGACGCGTGC
CGATTTGGTAGTTGCTTCTATTCAT: GATTTGGTAGTTGCTTCTATTCATG
GTACAAAACTTCGAAATCACGCCGA: TACAAAACTTCGAAATCACGCCGAT
GGCAGCGCGGTTTCCTAATTCTTGA: GCAGCGCGGTTTCCTAATTCTTGAG
GCTTCTATTCATGGAAAACCAAAAC: CTTCTATTCATGGAAAACCAAAACA
CGCGTGCACAGGGACTCACTAAAGC: GCGTGCACAGGGACTCACTAAAGCA
AACGTGCGTGCACTCCCAATGGTTA: ACGTGCGTGCACTCCCAATGGTTAG
CATTGGGAAACAGTTAGAACGATGC: ATTGGGAAACAGTTAGAACGATGCC
GTATATACCAATATTAGCCCTGCCT: TATATACCAATATTAGCCCTGCCTA
CGCCGCAGTTGCATGTAAGGCTTCT: GCCGCAGTTGCATGTAAGGCTTCTG
TTAGATGGCGCCTGTTATTTCCTAC: TAGATGGCGCCTGTTATTTCCTACG
CGCGACACGTCTATTTAAGGGGTCA: GCGACACGTCTATTTAAGGGGTCAT
TTTATGCCCGGACAGATTCTGTATT: TTATGCCCGGACAGATTCTGTATTT
TGGGAAACAGTTAGAACGATGCCTG: GGGAAACAGTTAGAACGATGCCTGT
GCTCAAGCCACGTTGGCACTATCGC: CTCAAGCCACGTTGGCACTATCGCC
GCACCTCCGTGACCAAACTGGGTTG: CACCTCCGTGACCAAACTGGGTTGT
TGCGTGCACTCCCAATGGTTAGCAC: GCGTGCACTCCCAATGGTTAGCACA
CTCGCCGCAGTTGCATGTAAGGCTT: TCGCCGCAGTTGCATGTAAGGCTTC
ATCTAAACTCGATTTTATGATCCTT: TCTAAACTCGATTTTATGATCCTTA
GAGTCCCCATCGAGCGTTCCAAATG: AGTCCCCATCGAGCGTTCCAAATGC
TGACCTCGCCGCAGTTGCATGTAAG: GACCTCGCCGCAGTTGCATGTAAGG
GACGTATACACTGTAGTATGCTCGG: ACGTATACACTGTAGTATGCTCGGA
TGAGAGTGAAGCAGACGCGTGCACA: GAGAGTGAAGCAGACGCGTGCACAG
CTACGGCTTGGCCCCCGGGTACTCA: TACGGCTTGGCCCCCGGGTACTCAA
TGAAGTACGGGTAGGGGGGAGTGTT: GAAGTACGGGTAGGGGGGAGTGTTG
TTGTGTCGTGAGGGTGACTAAGTTC: TGTGTCGTGAGGGTGACTAAGTTCT
TCGAATCGGCTGACTGACCAGACAT: CGAATCGGCTGACTGACCAGACATC
GACACGAAATTCAGTCGACCAGTGG: ACACGAAATTCAGTCGACCAGTGGA
GTGTTGTGATCAAATTCTCTGAGTC: TGTTGTGATCAAATTCTCTGAGTCA
GCGGCCCCGCCGATTTGCTATCCAC: CGGCCCCGCCGATTTGCTATCCACG
CCTAGCAGACATCGGGACCGACAAG: CTAGCAGACATCGGGACCGACAAGC
AGCCTCATAAAATAGCCATGACGGT: GCCTCATAAAATAGCCATGACGGTT
ATGGATTTTCCTAGGTAGAAAAAGG: TGGATTTTCCTAGGTAGAAAAAGGC
AACGGTTTACGGCTTTGTAAAAGAG: ACGGTTTACGGCTTTGTAAAAGAGG
TGATGCCCGAGGTATTGGGAGTAAC: GATGCCCGAGGTATTGGGAGTAACT
CTCCGAGTATTTTTGGGCGTTTCTG: TCCGAGTATTTTTGGGCGTTTCTGC
AAGGGAGCCGTGACAAGGCCGCAGG: AGGGAGCCGTGACAAGGCCGCAGGC
GTCCCTTACCCATGTTGTCCGAACG: TCCCTTACCCATGTTGTCCGAACGA
TATGTCCTTGCGGCCCCGCCGATTT: ATGTCCTTGCGGCCCCGCCGATTTG
TCCTAGCGACCCATTCGCGTGGGGA: CCTAGCGACCCATTCGCGTGGGGAC
TTATAAAACTCACAATCTTTAGTCG: TATAAAACTCACAATCTTTAGTCGC
AATATCTCCTGTACGGTCGACACTC: ATATCTCCTGTACGGTCGACACTCT
TACTTGCCCTCGGGTGCTACGGGCG: ACTTGCCCTCGGGTGCTACGGGCGC
CGTCGCCCTTGTCCCTTACCCATGT: GTCGCCCTTGTCCCTTACCCATGTT
AAAAAATCTCGATGGGCATTAACCC: AAAAATCTCGATGGGCATTAACCCT
ACGCCTTTCCCGGCGTGTCCGACTG: CGCCTTTCCCGGCGTGTCCGACTGA
CTGGCTGAATCCTCATAACTTGCGG: TGGCTGAATCCTCATAACTTGCGGA
AGTCCCGAACTGGCGATGCACCGCT: GTCCCGAACTGGCGATGCACCGCTG
TTGGGATCAGCCGGAGCGGTTTGAC: TGGGATCAGCCGGAGCGGTTTGACG
CCCCTAAATAAGCTGGCCAAACGGA: CCCTAAATAAGCTGGCCAAACGGAG
ACTCTGGCTATCTTCCTCTGGTTGT: CTCTGGCTATCTTCCTCTGGTTGTT
ACGATGCCTGTACGCCTTTCGAAGT: CGATGCCTGTACGCCTTTCGAAGTT
TCTCTAGTCACCACATTAACGTTCG: CTCTAGTCACCACATTAACGTTCGG
GGGGTCGGCAACTGCAAATTTGTTA: GGGTCGGCAACTGCAAATTTGTTAC
CTGTCACTACGGCTTGGCCCCCGGG: TGTCACTACGGCTTGGCCCCCGGGT
GTTATTTCCTACGTCTCGTGTGAGT: TTATTTCCTACGTCTCGTGTGAGTT
CAAGTCCCGAACTGGCGATGCACCG: AAGTCCCGAACTGGCGATGCACCGC
GGGTGAGATCTTATCGATCTAAACT: GGTGAGATCTTATCGATCTAAACTC
TTAAGACCTAAACAGAACAACGCCA: TAAGACCTAAACAGAACAACGCCAT
CAAGTAAAACAACATCTTAGCCCCC: AAGTAAAACAACATCTTAGCCCCCG
CTCCGTGACCAAACTGGGTTGTTAT: TCCGTGACCAAACTGGGTTGTTATA
CGACTGATCCTCAACATTCACGTCA: GACTGATCCTCAACATTCACGTCAT
CCAGCCTGCACAGACTGAAGTCATT: CAGCCTGCACAGACTGAAGTCATTC
GCCCACCCTAGCAACGTTCTCTCCC: CCCACCCTAGCAACGTTCTCTCCCT
ATCTGGCCCGTAAAGCTGAAACTCA: TCTGGCCCGTAAAGCTGAAACTCAC
GGCAGGCGCCTCGCCACTTTGTTGA: GCAGGCGCCTCGCCACTTTGTTGAT
TTTACACGCGGCTCACGAGAGGAAG: TTACACGCGGCTCACGAGAGGAAGT
GTCTGCCCGAACTAGCTACCACCGC: TCTGCCCGAACTAGCTACCACCGCC
GTCCTTTTTGATATGAAAATATCCG: TCCTTTTTGATATGAAAATATCCGG
TATACCGTTAATATCTCCTGTACGG: ATACCGTTAATATCTCCTGTACGGT
GATAGGCGTAAAGCTGTCACCAGTC: ATAGGCGTAAAGCTGTCACCAGTCT
TGGCACTATCGCCTAAGGTCACGGT: GGCACTATCGCCTAAGGTCACGGTC
GACGGCACCTTCGTACGGAGTCTGG: ACGGCACCTTCGTACGGAGTCTGGG
GCAGGCCTTGATGCTTGTCCACAGC: CAGGCCTTGATGCTTGTCCACAGCA
GTGCTACGGGCGCTGTTTGGTAGAA: TGCTACGGGCGCTGTTTGGTAGAAT
GAGTTAATTCGCACTGATTGATTGA: AGTTAATTCGCACTGATTGATTGAT
TGAACGTGAACCTCCATTTAGCATC: GAACGTGAACCTCCATTTAGCATCC
CATAACTTGCGGACGGCATTGGGAT: ATAACTTGCGGACGGCATTGGGATC
TGATCGTAGTATACCGTTAATATCT: GATCGTAGTATACCGTTAATATCTC
CAGCGCGGTTTCCTAATTCTTGAGC: AGCGCGGTTTCCTAATTCTTGAGCT
ACAGTATTGTCGTACGTCAAGTACG: CAGTATTGTCGTACGTCAAGTACGG
GCCTTTCCCGGCGTGTCCGACTGAT: CCTTTCCCGGCGTGTCCGACTGATC
ACACTCCCAACTCTTGGTAAATCTG: CACTCCCAACTCTTGGTAAATCTGT
ACATTTCTTATCAACATCGTCAGAA: CATTTCTTATCAACATCGTCAGAAG
AATGGAGTTTGCAGATAAGACGTTC: ATGGAGTTTGCAGATAAGACGTTCC
TCTTGCAGTCCTACAGCAGGCCTTG: CTTGCAGTCCTACAGCAGGCCTTGA
GGATTTTCCTAGGTAGAAAAAGGCC: GATTTTCCTAGGTAGAAAAAGGCCT
TAAGGTACCTGACATAACCAACGAC: AAGGTACCTGACATAACCAACGACA
CTAATCATCAAGAAACAGACAATTC: TAATCATCAAGAAACAGACAATTCT
TCGGACGAAGATAGAATTGTAGGAG: CGGACGAAGATAGAATTGTAGGAGA
AGTTACGTTCCTCACATGGCCATCG: GTTACGTTCCTCACATGGCCATCGG
GCTAGCGCTCAAACATGGTACTTCT: CTAGCGCTCAAACATGGTACTTCTT
ATATGAAAATATCCGGTTAAGACCT: TATGAAAATATCCGGTTAAGACCTA
TGTTCGGTAAGGCAATCCAGCGCCC: GTTCGGTAAGGCAATCCAGCGCCCC
ATGGTACAAAACTTCGAAATCACGC: TGGTACAAAACTTCGAAATCACGCC
ATCAACGATTATATCGCGGTTACAA: TCAACGATTATATCGCGGTTACAAA
AACATCTTAGCCCCCGAGGCCATTG: ACATCTTAGCCCCCGAGGCCATTGG
TACGGCCTTGTGGTCCAACCCCTAA: ACGGCCTTGTGGTCCAACCCCTAAA
AGCGCCCGGACACACATGCTGTCGG: GCGCCCGGACACACATGCTGTCGGC
AAAACCTGGATTAGTGGGGGAGCCC: AAACCTGGATTAGTGGGGGAGCCCA
GTCTTCACAGCATCTAGCGGCGTGC: TCTTCACAGCATCTAGCGGCGTGCG
CGCATAATCACTGCCATGGTATTGC: GCATAATCACTGCCATGGTATTGCC
TAGCGTTTGGTTCGGATAAAATCGC: AGCGTTTGGTTCGGATAAAATCGCC
CTTAAGCACGGACTCCACGACGTAT: TTAAGCACGGACTCCACGACGTATA
TCGATAAAATGGCGGGCATTCTGTG: CGATAAAATGGCGGGCATTCTGTGC
TCAATTGTTTGTAATCATGCGGCTA: CAATTGTTTGTAATCATGCGGCTAC
GAATGCAGGCAACCTAACTATGTCG: AATGCAGGCAACCTAACTATGTCGC
AAATATGGTACAAAACTTCGAAATC: AATATGGTACAAAACTTCGAAATCA
TATCCGGTTAAGACCTAAACAGAAC: ATCCGGTTAAGACCTAAACAGAACA
TATGGGCAGGCGCCTCGCCACTTTG: ATGGGCAGGCGCCTCGCCACTTTGT
TAAAGCCCCTCCGAGCTCTGTAGCT: AAAGCCCCTCCGAGCTCTGTAGCTG
ACACGCTGGTTGGGACTGGCTGAAT: CACGCTGGTTGGGACTGGCTGAATC
TTATGCCGAGAGCGACTACGTGCTT: TATGCCGAGAGCGACTACGTGCTTT
CGGTACATTTCTTATCAACATCGTC: GGTACATTTCTTATCAACATCGTCA
CAAACTGGGTTGTTATATTGTGTCG: AAACTGGGTTGTTATATTGTGTCGT
TACGTGAGTACCACCGCCCATTTGT: ACGTGAGTACCACCGCCCATTTGTG
TCCCTTAGGTATCTGACAACATCCA: CCCTTAGGTATCTGACAACATCCAG
GCAGACGCGTGCACAGGGACTCACT: CAGACGCGTGCACAGGGACTCACTA
CAGTCGGGGGGTCTCTTTCATCTCC: AGTCGGGGGGTCTCTTTCATCTCCT
TCTAATACCAGCCTGCACAGACTGA: CTAATACCAGCCTGCACAGACTGAA
TCTGGCCCGTAAAGCTGAAACTCAC: CTGGCCCGTAAAGCTGAAACTCACA
GTACTTCTTGTTCGGTAAGGCAATC: TACTTCTTGTTCGGTAAGGCAATCC
GACACGGATTTTGAAGCCATAGCCA: ACACGGATTTTGAAGCCATAGCCAC
CCTTACTCAACGTGTCAGGGCTGGC: CTTACTCAACGTGTCAGGGCTGGCC
CCGAGCTATTTTAGACGGCACCTTC: CGAGCTATTTTAGACGGCACCTTCG
GGAGTCTGGGAACGAGCGGGGCCCC: GAGTCTGGGAACGAGCGGGGCCCCC
GTGTACTCTCTACGGGGGCGTAGCA: TGTACTCTCTACGGGGGCGTAGCAA
CAGTGACACCCCATCCTAGCAGACA: AGTGACACCCCATCCTAGCAGACAT
CGTAAAGCTGTCACCAGTCTCTAGT: GTAAAGCTGTCACCAGTCTCTAGTC
TCCGTCAGGTGAATGGATTAATAGC: CCGTCAGGTGAATGGATTAATAGCG
ATCATCAAGAAACAGACAATTCTCA: TCATCAAGAAACAGACAATTCTCAG
ACGCGGCTCACGAGAGGAAGTAGTC: CGCGGCTCACGAGAGGAAGTAGTCA
CCCGGTACATTTCTTATCAACATCG: CCGGTACATTTCTTATCAACATCGT
CAGCTGGTCCAGACTTTCTAGAGCA: AGCTGGTCCAGACTTTCTAGAGCAC
CCTGACATAACCAACGACACTTCCT: CTGACATAACCAACGACACTTCCTC
AGATGTCCTACGTACGGCTAGACCC: GATGTCCTACGTACGGCTAGACCCG
CTCTAGTCACCACATTAACGTTCGG: TCTAGTCACCACATTAACGTTCGGC
TCGCCCAGTGGAGGCACTTCGGCGC: CGCCCAGTGGAGGCACTTCGGCGCC
GTGGGGGAGCCCATGAGACCCCTTA: TGGGGGAGCCCATGAGACCCCTTAG
TATTTATAGGGTCCTCACTAAGCAC: ATTTATAGGGTCCTCACTAAGCACT
TGGCCCGTAAAGCTGAAACTCACAT: GGCCCGTAAAGCTGAAACTCACATG
GTAGTTGCTTCTATTCATGGAAAAC: TAGTTGCTTCTATTCATGGAAAACC
TACGCCCAGCAGAGCGGACACTCTT: ACGCCCAGCAGAGCGGACACTCTTA
TCGGTGGTCTCTCGACGGGCAACCA: CGGTGGTCTCTCGACGGGCAACCAC
GGCGGGATGGAATTCCTGAATCTGG: GCGGGATGGAATTCCTGAATCTGGC
TGTCTGCCCGAACTAGCTACCACCG: GTCTGCCCGAACTAGCTACCACCGC
ACGTGAGTACCACCGCCCATTTGTG: CGTGAGTACCACCGCCCATTTGTGA
GATGCTTGTCCACAGCACGTCGATA: ATGCTTGTCCACAGCACGTCGATAA
GTAGAATCATTGTCTCCCACCGGTG: TAGAATCATTGTCTCCCACCGGTGG
CGGTTTGACGTATACACTGTAGTAT: GGTTTGACGTATACACTGTAGTATG
ATCCTTATTGACGTTTGCATTATAA: TCCTTATTGACGTTTGCATTATAAA
TAGCGGCGTGCGACCCAGCAAATAT: AGCGGCGTGCGACCCAGCAAATATA
GTACTCAGATAACACTGGATAGGCG: TACTCAGATAACACTGGATAGGCGT
GGCCGGGCATTGGAAATTTCGCTTT: GCCGGGCATTGGAAATTTCGCTTTC
CAACCGCTAAAGCATCAAGTCCCGA: AACCGCTAAAGCATCAAGTCCCGAA
CAGCGCCCCGCTAGCTGCTGTTTAT: AGCGCCCCGCTAGCTGCTGTTTATC
GCCGATTTTCTTTAGATCGTGGAAA: CCGATTTTCTTTAGATCGTGGAAAG
GGTAGGGGGGAGTGTTGTGATCAAA: GTAGGGGGGAGTGTTGTGATCAAAT
TTGATTTAGCTTGTGGGTCGTATAT: TGATTTAGCTTGTGGGTCGTATATA
GTTTGAAGAAATATGAGTCGCTAAT: TTTGAAGAAATATGAGTCGCTAATC
CATATGGGCAGGCGCCTCGCCACTT: ATATGGGCAGGCGCCTCGCCACTTT
TGACTGACCAGACATCTCCAGACTG: GACTGACCAGACATCTCCAGACTGA
CTAAAGCATCAAGTCCCGAACTGGC: TAAAGCATCAAGTCCCGAACTGGCG
AACCCTACTAGACACGGATTTTGAA: ACCCTACTAGACACGGATTTTGAAG
CCATCTCGGACGGGGTCGGCAACTG: CATCTCGGACGGGGTCGGCAACTGC
CTAGTGAATAAGAATCAGCCCCTTG: TAGTGAATAAGAATCAGCCCCTTGT
CAGACTGAGATCTAATCTCGGTGGT: AGACTGAGATCTAATCTCGGTGGTC
CGGTTTACGGCTTTGTAAAAGAGGC: GGTTTACGGCTTTGTAAAAGAGGCG
ATAGTCGAATCGGCTGACTGACCAG: TAGTCGAATCGGCTGACTGACCAGA
CTCGTGTGAGTTAGAATATCGCCCG: TCGTGTGAGTTAGAATATCGCCCGA
ACAAGGCCGCAGGCAGATGTGAGAC: CAAGGCCGCAGGCAGATGTGAGACT
GACCAGACATCTCCAGACTGAGATC: ACCAGACATCTCCAGACTGAGATCT
GTACCACCGCCCATTTGTGAGAGTG: TACCACCGCCCATTTGTGAGAGTGA
CTATTCGACATGGTTTTAGTGGTTC: TATTCGACATGGTTTTAGTGGTTCC
ATAAGGGGTGAGATCTTATCGATCT: TAAGGGGTGAGATCTTATCGATCTA
AGCTGTCACTACGGCTTGGCCCCCG: GCTGTCACTACGGCTTGGCCCCCGG
AGTGGAACTGCAGAGGTGGCCTAAC: GTGGAACTGCAGAGGTGGCCTAACC
TGCGGACGGCATTGGGATCAGCCGG: GCGGACGGCATTGGGATCAGCCGGA
ATGGTCACGCCGATTTGGTAGTTGC: TGGTCACGCCGATTTGGTAGTTGCT
GCCGAGACGGGTTTAAATTGATGTC: CCGAGACGGGTTTAAATTGATGTCG
GCCGCAGTTGCATGTAAGGCTTCTG: CCGCAGTTGCATGTAAGGCTTCTGG
GCTGGCCAAACGGAGAATAACTAAA: CTGGCCAAACGGAGAATAACTAAAT
ACACTGTGCTATGTCTGTTGATGGA: CACTGTGCTATGTCTGTTGATGGAA
CCGCAGTTGCATGTAAGGCTTCTGG: CGCAGTTGCATGTAAGGCTTCTGGG
AATAACATCAACACGCTGGTTGGGA: ATAACATCAACACGCTGGTTGGGAC
GGCTTGCATGTCCCAACGTGCGTGC: GCTTGCATGTCCCAACGTGCGTGCA
ATGTATTTCAGCGATGTCGGTTAAA: TGTATTTCAGCGATGTCGGTTAAAG
ACCCTAGATGGAAACCACGAGAGCT: CCCTAGATGGAAACCACGAGAGCTG
GGAAACCACGAGAGCTGAATAAGTG: GAAACCACGAGAGCTGAATAAGTGA
GATCGAGGGAGTCGATACATCATAA: ATCGAGGGAGTCGATACATCATAAC
AACCTCCATTTAGCATCCGTCAGGT: ACCTCCATTTAGCATCCGTCAGGTG
CAGGAAAACCCAGTCGGGGGGTCTC: AGGAAAACCCAGTCGGGGGGTCTCT
ACATCAACACGCTGGTTGGGACTGG: CATCAACACGCTGGTTGGGACTGGC
AGTTAGTAGATGTCCTACGTACGGC: GTTAGTAGATGTCCTACGTACGGCT
AGTTATAGGATCGAGGGAGTCGATA: GTTATAGGATCGAGGGAGTCGATAC
CCCACTGGGAATAACATCAACACGC: CCACTGGGAATAACATCAACACGCT
ACGGCTAGACCCGCGCCACGAAGCC: CGGCTAGACCCGCGCCACGAAGCCC
GGTACCTGACATAACCAACGACACT: GTACCTGACATAACCAACGACACTT
CGATGCCTTCCTATTACGGCCCGAG: GATGCCTTCCTATTACGGCCCGAGT
CGTCCGAACAGTATTGTCGTACGTC: GTCCGAACAGTATTGTCGTACGTCA
CTGCATGTTTACTTGGATTCGGTGC: TGCATGTTTACTTGGATTCGGTGCC
AGATGATTAATTCTCTTTCCAGCTG: GATGATTAATTCTCTTTCCAGCTGT
CCTTGTAAGCCTTCGGCCGAGACGG: CTTGTAAGCCTTCGGCCGAGACGGG
TAGTAATTAATTTTATGCCCGGACA: AGTAATTAATTTTATGCCCGGACAG
CACGACCTCATTACATCAAACTCTC: ACGACCTCATTACATCAAACTCTCA
GCGTAGCAAACATGAGCGCCCGGAC: CGTAGCAAACATGAGCGCCCGGACA
CAGTTGCATGTAAGGCTTCTGGGGT: AGTTGCATGTAAGGCTTCTGGGGTG
TGTAGTATGCTCGGATCACGGTATT: GTAGTATGCTCGGATCACGGTATTG
GTGAGACTCGAAAATACGTCTAATA: TGAGACTCGAAAATACGTCTAATAC
GCCCGGACACACATGCTGTCGGCGA: CCCGGACACACATGCTGTCGGCGAT
AGGGCTGGCCTTGTTGCGCAAAACC: GGGCTGGCCTTGTTGCGCAAAACCT
CACAGTCTCCCTTCGGCAGCGCGGT: ACAGTCTCCCTTCGGCAGCGCGGTT
TCCCCATCGAGCGTTCCAAATGCCC: CCCCATCGAGCGTTCCAAATGCCCG
AAACCAAAACACAAATTGTGTTGCC: AACCAAAACACAAATTGTGTTGCCG
GGTCCAACCCCTAAATAAGCTGGCC: GTCCAACCCCTAAATAAGCTGGCCA
TGCAGATAAGACGTTCCTCAAGAGG: GCAGATAAGACGTTCCTCAAGAGGA
TCATCTCGGCCCTTACTTCAGTGGC: CATCTCGGCCCTTACTTCAGTGGCA
GGTCTCTTTCATCTCCTAGCGACCC: GTCTCTTTCATCTCCTAGCGACCCA
CTCAAACATGGTACTTCTTGTTCGG: TCAAACATGGTACTTCTTGTTCGGT
TGGAATTCCTGAATCTGGCCCGTAA: GGAATTCCTGAATCTGGCCCGTAAA
ATGTCGCGTTAGCCCTTCTCCCACT: TGTCGCGTTAGCCCTTCTCCCACTG
TTTACGAATCCTGACAGAAATTAGA: TTACGAATCCTGACAGAAATTAGAA
TGTTTGACATTGACAACGGCTTTGA: GTTTGACATTGACAACGGCTTTGAC
CTATCCACGGTCCTATCGCCCAGTG: TATCCACGGTCCTATCGCCCAGTGG
GCGCCCCGCTAGCTGCTGTTTATCT: CGCCCCGCTAGCTGCTGTTTATCTC
GGTTGTTTGAACTGGTGAGTTTAAT: GTTGTTTGAACTGGTGAGTTTAATC
CCGCTAAAGCATCAAGTCCCGAACT: CGCTAAAGCATCAAGTCCCGAACTG
TCTCCTGTACGGTCGACACTCTGGC: CTCCTGTACGGTCGACACTCTGGCC
AAAAAAATCTCGATGGGCATTAACC: AAAAAATCTCGATGGGCATTAACCC
TGATGAGTTAATTCGCACTGATTGA: GATGAGTTAATTCGCACTGATTGAT
AGCAGGCCTTGATGCTTGTCCACAG: GCAGGCCTTGATGCTTGTCCACAGC
GACCCGCCCGTGACATGGAAATCAC: ACCCGCCCGTGACATGGAAATCACA
ATAGAATTGTAGGAGAAAAGTGCCG: TAGAATTGTAGGAGAAAAGTGCCGC
GATCTAAACTCGATTTTATGATCCT: ATCTAAACTCGATTTTATGATCCTT
ACGCGTGCACAGGGACTCACTAAAG: CGCGTGCACAGGGACTCACTAAAGC
ACTGTGCTATGTCTGTTGATGGAAT: CTGTGCTATGTCTGTTGATGGAATG
GCCCCTTGTGTTTGACATTGACAAC: CCCCTTGTGTTTGACATTGACAACG
AGCGCCCCGCTAGCTGCTGTTTATC: GCGCCCCGCTAGCTGCTGTTTATCT
CGGTTACAAACCATTGGGAAACAGT: GGTTACAAACCATTGGGAAACAGTT
CGCGGTTACAAACCATTGGGAAACA: GCGGTTACAAACCATTGGGAAACAG
TCTTTACGGCTCAAGCCACGTTGGC: CTTTACGGCTCAAGCCACGTTGGCA
AAGTTCTCACAGTGTGACAAGGGAG: AGTTCTCACAGTGTGACAAGGGAGC
GGTAATTACTAAAAAAATCTCGATG: GTAATTACTAAAAAAATCTCGATGG
TTTGTCATCACGGACCATTGCACCT: TTGTCATCACGGACCATTGCACCTC
CTTCGTACGGAGTCTGGGAACGAGC: TTCGTACGGAGTCTGGGAACGAGCG
CGTGGAAAGCGTGCTTATCCCTTAG: GTGGAAAGCGTGCTTATCCCTTAGG
CTCGTACACCGACACGAAATTCAGT: TCGTACACCGACACGAAATTCAGTC
CAAACGGAGAATAACTAAATCTATA: AAACGGAGAATAACTAAATCTATAC
AAGGCACATATGGGCAGGCGCCTCG: AGGCACATATGGGCAGGCGCCTCGC
GATGGAAACCACGAGAGCTGAATAA: ATGGAAACCACGAGAGCTGAATAAG
TATACACTGTAGTATGCTCGGATCA: ATACACTGTAGTATGCTCGGATCAC
GAACTAGCTACCACCGCCAGAAGCC: AACTAGCTACCACCGCCAGAAGCCG
CGGCTAGACCCGCGCCACGAAGCCC: GGCTAGACCCGCGCCACGAAGCCCG
ATCTTCCTCTGGTTGTTTGAACTGG: TCTTCCTCTGGTTGTTTGAACTGGT
CCTCAAAAAATGTCCTCGAGCACGG: CTCAAAAAATGTCCTCGAGCACGGA
TCATTACATCAAACTCTCAGAGCCA: CATTACATCAAACTCTCAGAGCCAT
AATCCAGCGCCCCGCTAGCTGCTGT: ATCCAGCGCCCCGCTAGCTGCTGTT
ACGAGAGCTGAATAAGTGAAACAAA: CGAGAGCTGAATAAGTGAAACAAAG
TACAAAACTTCGAAATCACGCCGAT: ACAAAACTTCGAAATCACGCCGATT
AGTGAAACAAAGCACGTCCGAACAG: GTGAAACAAAGCACGTCCGAACAGT
TCAAAAGTACACTCCCAACTCTTGG: CAAAAGTACACTCCCAACTCTTGGT
TGTACTCTCTACGGGGGCGTAGCAA: GTACTCTCTACGGGGGCGTAGCAAA
CCACTGGGAATAACATCAACACGCT: CACTGGGAATAACATCAACACGCTG
TAATCATGCGGCTACTATATACCGT: AATCATGCGGCTACTATATACCGTT
TGTCCTCGAGCACGGACCCGCCCGT: GTCCTCGAGCACGGACCCGCCCGTG
TATATACCAATATTAGCCCTGCCTA: ATATACCAATATTAGCCCTGCCTAT
TTTAAATTGATGTCGCGTTAGCCCT: TTAAATTGATGTCGCGTTAGCCCTT
CTAACTATGTCGCAGGACTTACGAC: TAACTATGTCGCAGGACTTACGACA
AACAGAACAACGCCATCTCGGACGG: ACAGAACAACGCCATCTCGGACGGG
ACTCTCCGAGTATTTTTGGGCGTTT: CTCTCCGAGTATTTTTGGGCGTTTC
GTTGATCGTAGTATACCGTTAATAT: TTGATCGTAGTATACCGTTAATATC
ACATGGTACTTCTTGTTCGGTAAGG: CATGGTACTTCTTGTTCGGTAAGGC
GGATATTAATACTTGGAGCAGACTC: GATATTAATACTTGGAGCAGACTCC
CGTTAGCCCTTCTCCCACTGGGAAT: GTTAGCCCTTCTCCCACTGGGAATA
CCGAACTGGCTTGCATGTCCCAACG: CGAACTGGCTTGCATGTCCCAACGT
ATTCCCTATGATCAAACGCCGCACC: TTCCCTATGATCAAACGCCGCACCA
CCGCCCGTGACATGGAAATCACACT: CGCCCGTGACATGGAAATCACACTG
AGTCGCTAATCATGCGGTGGACATG: GTCGCTAATCATGCGGTGGACATGG
GGGACCGACAAGCAGCTGTTGGTGG: GGACCGACAAGCAGCTGTTGGTGGG
GCGGGACTTCTTTACGGCTCAAGCC: CGGGACTTCTTTACGGCTCAAGCCA
GATTCGGTGCCTGTAGCGTTTGGTT: ATTCGGTGCCTGTAGCGTTTGGTTC
GTATATGCTCGGTCACCGAAAACCT: TATATGCTCGGTCACCGAAAACCTA
ATCGGACGAAGATAGAATTGTAGGA: TCGGACGAAGATAGAATTGTAGGAG
CCTATTTATGCCGAGAGCGACTACG: CTATTTATGCCGAGAGCGACTACGT
TGCGCAAAACCTGGATTAGTGGGGG: GCGCAAAACCTGGATTAGTGGGGGA
CCGCCCACGGTAATTACTAAAAAAA: CGCCCACGGTAATTACTAAAAAAAT
CCCGCCGATTTGCTATCCACGGTCC: CCGCCGATTTGCTATCCACGGTCCT
CATGGAAATCACACTGATGAGTTAA: ATGGAAATCACACTGATGAGTTAAT
AGGCGTAAAGCTGTCACCAGTCTCT: GGCGTAAAGCTGTCACCAGTCTCTA
GTTCTGGCCTCGAGAACTTTACGTC: TTCTGGCCTCGAGAACTTTACGTCG
GGTGACTAAGTTCTCACAGTGTGAC: GTGACTAAGTTCTCACAGTGTGACA
CCGAAGGCGGGATGGAATTCCTGAA: CGAAGGCGGGATGGAATTCCTGAAT
AGGCAGTTAGTAGATGTCCTACGTA: GGCAGTTAGTAGATGTCCTACGTAC
GAATAACTAAATCTATACCAATGGA: AATAACTAAATCTATACCAATGGAG
CGGGCATTGGAAATTTCGCTTTCGC: GGGCATTGGAAATTTCGCTTTCGCT
CCTAGATGGAAACCACGAGAGCTGA: CTAGATGGAAACCACGAGAGCTGAA
ACAGCACGTCGATAAAATGGCGGGC: CAGCACGTCGATAAAATGGCGGGCA
GTTAATATCTCCTGTACGGTCGACA: TTAATATCTCCTGTACGGTCGACAC
GCATCCGTCAGGTGAATGGATTAAT: CATCCGTCAGGTGAATGGATTAATA
GCATCAAGTCCCGAACTGGCGATGC: CATCAAGTCCCGAACTGGCGATGCA
AACTTTACGTCGATGCCTTCCTATT: ACTTTACGTCGATGCCTTCCTATTA
AGCGACCCATTCGCGTGGGGACTCT: GCGACCCATTCGCGTGGGGACTCTG
ATGGAGTTTGCAGATAAGACGTTCC: TGGAGTTTGCAGATAAGACGTTCCT
GCCATGACGGTTAAATCTGAAGGAC: CCATGACGGTTAAATCTGAAGGACA
ACGTCTCGTGTGAGTTAGAATATCG: CGTCTCGTGTGAGTTAGAATATCGC
GGCACTATCGCCTAAGGTCACGGTC: GCACTATCGCCTAAGGTCACGGTCT
AATTCAGTCGACCAGTGGAACTGCA: ATTCAGTCGACCAGTGGAACTGCAG
TGTCGCGTTAGCCCTTCTCCCACTG: GTCGCGTTAGCCCTTCTCCCACTGG
CATGGTACTTCTTGTTCGGTAAGGC: ATGGTACTTCTTGTTCGGTAAGGCA
TTAGTGGGGGAGCCCATGAGACCCC: TAGTGGGGGAGCCCATGAGACCCCT
CATATTTTCACGCTCCACAGTCTCC: ATATTTTCACGCTCCACAGTCTCCC
TCGACCAGTGGAACTGCAGAGGTGG: CGACCAGTGGAACTGCAGAGGTGGC
GTTTGCAGATAAGACGTTCCTCAAG: TTTGCAGATAAGACGTTCCTCAAGA
TTTATAACCAGGCGCGACACGTCTA: TTATAACCAGGCGCGACACGTCTAT
TATAGTCGAATCGGCTGACTGACCA: ATAGTCGAATCGGCTGACTGACCAG
TGTCCTACGTACGGCTAGACCCGCG: GTCCTACGTACGGCTAGACCCGCGC
CAATATTAGCCCTGCCTATAGTTAC: AATATTAGCCCTGCCTATAGTTACG
TGGCCTTACTCAACGTGTCAGGGCT: GGCCTTACTCAACGTGTCAGGGCTG
CGGACACACATGCTGTCGGCGATTC: GGACACACATGCTGTCGGCGATTCA
AATAACTAAATCTATACCAATGGAG: ATAACTAAATCTATACCAATGGAGT
CATGTTTACTTGGATTCGGTGCCTG: ATGTTTACTTGGATTCGGTGCCTGT
GGGACTCTGGCTATCTTCCTCTGGT: GGACTCTGGCTATCTTCCTCTGGTT
TTAATTCGCACTGATTGATTGATTT: TAATTCGCACTGATTGATTGATTTA
CGAAATTCCGCCGTCAACCGCTAAA: GAAATTCCGCCGTCAACCGCTAAAG
TACGGCTCAAGCCACGTTGGCACTA: ACGGCTCAAGCCACGTTGGCACTAT
TCTGTGTCGGCCGGGCATTGGAAAT: CTGTGTCGGCCGGGCATTGGAAATT
TATCCGGTACATCTCCGTAGGGCCT: ATCCGGTACATCTCCGTAGGGCCTG
CGACCTCTTCGCAGTGAATCCTAGT: GACCTCTTCGCAGTGAATCCTAGTG
ATCAAGTAGTCCTTTTTGATATGAA: TCAAGTAGTCCTTTTTGATATGAAA
GTCCCAACGTGCGTGCACTCCCAAT: TCCCAACGTGCGTGCACTCCCAATG
AATTGACCCACTGCTAAGCGACCTC: ATTGACCCACTGCTAAGCGACCTCT
GAGGCCATTGGCAAGGCAGTTAGTA: AGGCCATTGGCAAGGCAGTTAGTAG
TTCCAGCTGTGACAGTCGTAACGGC: TCCAGCTGTGACAGTCGTAACGGCC
GCTTGTCTGCCCGAACTAGCTACCA: CTTGTCTGCCCGAACTAGCTACCAC
TCGGCTTCTTGCAGTCCTACAGCAG: CGGCTTCTTGCAGTCCTACAGCAGG
GCCCCGCCGATTTGCTATCCACGGT: CCCCGCCGATTTGCTATCCACGGTC
ATGCCTGCACTCGAAATTCCGCCGT: TGCCTGCACTCGAAATTCCGCCGTC
CTGATCCTCAACATTCACGTCATCC: TGATCCTCAACATTCACGTCATCCC
TCGGTGCCTGTAGCGTTTGGTTCGG: CGGTGCCTGTAGCGTTTGGTTCGGA
TAAGGGAAATAAGGTACCTGACATA: AAGGGAAATAAGGTACCTGACATAA
AGATTTGTAGTACTCAGATAACACT: GATTTGTAGTACTCAGATAACACTG
CTGAGATCTAATCTCGGTGGTCTCT: TGAGATCTAATCTCGGTGGTCTCTC
CGGTTTCCTAATTCTTGAGCTATTA: GGTTTCCTAATTCTTGAGCTATTAG
AAGGTCACGGTCTTCACAGCATCTA: AGGTCACGGTCTTCACAGCATCTAG
CTGTGCTCGCCATGCTAGGACGAGG: TGTGCTCGCCATGCTAGGACGAGGA
TAACGGTTTACGGCTTTGTAAAAGA: AACGGTTTACGGCTTTGTAAAAGAG
GGCGTTTCTGCATGTTTACTTGGAT: GCGTTTCTGCATGTTTACTTGGATT
CTAGCGGCGTGCGACCCAGCAAATA: TAGCGGCGTGCGACCCAGCAAATAT
ACCTTTAGATGAATCGTTGACGACC: CCTTTAGATGAATCGTTGACGACCA
CACGCCAAATATGGTACAAAACTTC: ACGCCAAATATGGTACAAAACTTCG
GCCTTTCGAAGTTCAACCGAACTGG: CCTTTCGAAGTTCAACCGAACTGGC
CTACGTGCTTTGATACAGCTGGTCC: TACGTGCTTTGATACAGCTGGTCCA
CTGTATTTAGATATGTATTTCAGCG: TGTATTTAGATATGTATTTCAGCGA
CCACCGCCCTGACCTCGCCGCAGTT: CACCGCCCTGACCTCGCCGCAGTTG
GGGAGTGTTGTGATCAAATTCTCTG: GGAGTGTTGTGATCAAATTCTCTGA
GGACCATTGCACCTCCGTGACCAAA: GACCATTGCACCTCCGTGACCAAAC
ATCGCATAATCACTGCCATGGTATT: TCGCATAATCACTGCCATGGTATTG
GTGCACAGGGACTCACTAAAGCATA: TGCACAGGGACTCACTAAAGCATAT
ATACCAATATTAGCCCTGCCTATAG: TACCAATATTAGCCCTGCCTATAGT
GTGCTTTGATACAGCTGGTCCAGAC: TGCTTTGATACAGCTGGTCCAGACT
CGTTATTACGCCCAGCAGAGCGGAC: GTTATTACGCCCAGCAGAGCGGACA
TCACGGTCTTCACAGCATCTAGCGG: CACGGTCTTCACAGCATCTAGCGGC
ATTGTAGCAGGAAAACCCAGTCGGG: TTGTAGCAGGAAAACCCAGTCGGGG
GCGTTTGGTTCGGATAAAATCGCCG: CGTTTGGTTCGGATAAAATCGCCGC
TGGCTTGCATGTCCCAACGTGCGTG: GGCTTGCATGTCCCAACGTGCGTGC
CTACCCTAGATGGAAACCACGAGAG: TACCCTAGATGGAAACCACGAGAGC
ATGAGTCGCTAATCATGCGGTGGAC: TGAGTCGCTAATCATGCGGTGGACA
TATACCAATATTAGCCCTGCCTATA: ATACCAATATTAGCCCTGCCTATAG
TCCCTTCGGCAGCGCGGTTTCCTAA: CCCTTCGGCAGCGCGGTTTCCTAAT
ACGGCACCTTCGTACGGAGTCTGGG: CGGCACCTTCGTACGGAGTCTGGGA
GATTATATCGCGGTTACAAACCATT: ATTATATCGCGGTTACAAACCATTG
CACGAAGCCCGAGCCTATGTAAACG: ACGAAGCCCGAGCCTATGTAAACGG
TAGATGGCGCCTGTTATTTCCTACG: AGATGGCGCCTGTTATTTCCTACGT
GACTGAGATCTAATCTCGGTGGTCT: ACTGAGATCTAATCTCGGTGGTCTC
GACATGCGTCCTGAGCTAAAGCCCC: ACATGCGTCCTGAGCTAAAGCCCCT
TGTCTGTTGATGGAATGCATGGATA: GTCTGTTGATGGAATGCATGGATAA
TAGTCGAATCGGCTGACTGACCAGA: AGTCGAATCGGCTGACTGACCAGAC
CTGTAGCGTTTGGTTCGGATAAAAT: TGTAGCGTTTGGTTCGGATAAAATC
GTTTGGTTCGGATAAAATCGCCGCA: TTTGGTTCGGATAAAATCGCCGCAT
CTAGCAGACATCGGGACCGACAAGC: TAGCAGACATCGGGACCGACAAGCA
GTCGCGTTAGCCCTTCTCCCACTGG: TCGCGTTAGCCCTTCTCCCACTGGG
CGCCGATTTTCTTTAGATCGTGGAA: GCCGATTTTCTTTAGATCGTGGAAA
CAGGACTTACGACATCAAGCGCGAA: AGGACTTACGACATCAAGCGCGAAC
TACGTCGATGCCTTCCTATTACGGC: ACGTCGATGCCTTCCTATTACGGCC
GGCCTCAAAAAATGTCCTCGAGCAC: GCCTCAAAAAATGTCCTCGAGCACG
AGCGGTTTGACGTATACACTGTAGT: GCGGTTTGACGTATACACTGTAGTA
CGGCTTCTTGCAGTCCTACAGCAGG: GGCTTCTTGCAGTCCTACAGCAGGC
ACACTGGATAGGCGTAAAGCTGTCA: CACTGGATAGGCGTAAAGCTGTCAC
GTGAACCTCCATTTAGCATCCGTCA: TGAACCTCCATTTAGCATCCGTCAG
ATATGGTACAAAACTTCGAAATCAC: TATGGTACAAAACTTCGAAATCACG
TTGTGAGAGTGAAGCAGACGCGTGC: TGTGAGAGTGAAGCAGACGCGTGCA
AACTGGTGAGTTTAATCACGAAGTC: ACTGGTGAGTTTAATCACGAAGTCT
GGACCCACAGCGTTTAAGGTTGGAC: GACCCACAGCGTTTAAGGTTGGACA
ACGGGTTTAAATTGATGTCGCGTTA: CGGGTTTAAATTGATGTCGCGTTAG
AGCCCACCCTAGCAACGTTCTCTCC: GCCCACCCTAGCAACGTTCTCTCCC
TGATTAATTCTCTTTCCAGCTGTGA: GATTAATTCTCTTTCCAGCTGTGAC
GTGGTCCAACCCCTAAATAAGCTGG: TGGTCCAACCCCTAAATAAGCTGGC
CAGCCCACCCTAGCAACGTTCTCTC: AGCCCACCCTAGCAACGTTCTCTCC
CCAATATTAGCCCTGCCTATAGTTA: CAATATTAGCCCTGCCTATAGTTAC
GATGCACCGCTGTTAGATCAAGTAG: ATGCACCGCTGTTAGATCAAGTAGT
TGGATTAGTGGGGGAGCCCATGAGA: GGATTAGTGGGGGAGCCCATGAGAC
GTACATCTCCGTAGGGCCTGTCCCG: TACATCTCCGTAGGGCCTGTCCCGA
GCGAACTTGAGCGCTGTTGATGGAT: CGAACTTGAGCGCTGTTGATGGATT
TTGTTCGGTAAGGCAATCCAGCGCC: TGTTCGGTAAGGCAATCCAGCGCCC
ACGGTTAAATCTGAAGGACAATACA: CGGTTAAATCTGAAGGACAATACAA
CTCTTGGTAAATCTGTTCTTATGAG: TCTTGGTAAATCTGTTCTTATGAGA
AAGTTCAACCGAACTGGCTTGCATG: AGTTCAACCGAACTGGCTTGCATGT
ACTTTCTAGAGCACAATCATATTTT: CTTTCTAGAGCACAATCATATTTTC
GAGCACGGACCCGCCCGTGACATGG: AGCACGGACCCGCCCGTGACATGGA
TTTTATGATCCTTATTGACGTTTGC: TTTATGATCCTTATTGACGTTTGCA
CGCACCAAACAACTCTAGATGTACT: GCACCAAACAACTCTAGATGTACTT
ACGGATTTTGAAGCCATAGCCACCG: CGGATTTTGAAGCCATAGCCACCGG
ACCGTCCTAATCATCAAGAAACAGA: CCGTCCTAATCATCAAGAAACAGAC
ACCGCCAGAAGCCGAGCTATTTTAG: CCGCCAGAAGCCGAGCTATTTTAGA
ACTTCCTCCATAGGATTAGGCAGAA: CTTCCTCCATAGGATTAGGCAGAAG
CCCTTCTCCCACTGGGAATAACATC: CCTTCTCCCACTGGGAATAACATCA
GGGCGTTTCTGCATGTTTACTTGGA: GGCGTTTCTGCATGTTTACTTGGAT
CCCGGGTACTCAATTGTTTGTAATC: CCGGGTACTCAATTGTTTGTAATCA
AAACAACTCTAGATGTACTTATCGC: AACAACTCTAGATGTACTTATCGCA
GCCACGAAGCCCGAGCCTATGTAAA: CCACGAAGCCCGAGCCTATGTAAAC
TCCCTTACCCATGTTGTCCGAACGA: CCCTTACCCATGTTGTCCGAACGAC
TCCAACCCCTAAATAAGCTGGCCAA: CCAACCCCTAAATAAGCTGGCCAAA
AATTTAAGAAATGAGTTAGATGGCG: ATTTAAGAAATGAGTTAGATGGCGC
ACTCGGCTTCTTGCAGTCCTACAGC: CTCGGCTTCTTGCAGTCCTACAGCA
GGACGAGGAAATAACGGTTTACGGC: GACGAGGAAATAACGGTTTACGGCT
TATATACCGTTCTGGCCTCGAGAAC: ATATACCGTTCTGGCCTCGAGAACT
CACGACTTGGCCACCGCCCTGACCT: ACGACTTGGCCACCGCCCTGACCTC
GACGTTCCTCAAGAGGACTCTCCGA: ACGTTCCTCAAGAGGACTCTCCGAG
ATCCGTCAGGTGAATGGATTAATAG: TCCGTCAGGTGAATGGATTAATAGC
GCTGCTACGTGAGTACCACCGCCCA: CTGCTACGTGAGTACCACCGCCCAT
GATGAGTTAATTCGCACTGATTGAT: ATGAGTTAATTCGCACTGATTGATT
GAATTGTAGGAGAAAAGTGCCGCCC: AATTGTAGGAGAAAAGTGCCGCCCC
AAAACTTCGAAATCACGCCGATTTT: AAACTTCGAAATCACGCCGATTTTC
GCCACCGCCCTGACCTCGCCGCAGT: CCACCGCCCTGACCTCGCCGCAGTT
CACTGTGCTATGTCTGTTGATGGAA: ACTGTGCTATGTCTGTTGATGGAAT
ACGAAGATAGAATTGTAGGAGAAAA: CGAAGATAGAATTGTAGGAGAAAAG
CCCCACCACCGTCCTAATCATCAAG: CCCACCACCGTCCTAATCATCAAGA
AAATATAACACAATTTGTTTTGTCA: AATATAACACAATTTGTTTTGTCAT
AGACATCTCCAGACTGAGATCTAAT: GACATCTCCAGACTGAGATCTAATC
TAGCTACCACCGCCAGAAGCCGAGC: AGCTACCACCGCCAGAAGCCGAGCT
TGTGGTCCAACCCCTAAATAAGCTG: GTGGTCCAACCCCTAAATAAGCTGG
CCTTGTCCCTTACCCATGTTGTCCG: CTTGTCCCTTACCCATGTTGTCCGA
GTCATCACGGACCATTGCACCTCCG: TCATCACGGACCATTGCACCTCCGT
CACTGATTGATTGATTTAGCTTGTG: ACTGATTGATTGATTTAGCTTGTGG
ATTGTGTTGCCGTGGCGATCCTGCG: TTGTGTTGCCGTGGCGATCCTGCGC
CGCACACTAGCACGTACTCGTACAC: GCACACTAGCACGTACTCGTACACC
GGTGCCTGTAGCGTTTGGTTCGGAT: GTGCCTGTAGCGTTTGGTTCGGATA
GGCTCACACTACCCTAGATGGAAAC: GCTCACACTACCCTAGATGGAAACC
TCGGCAACTGCAAATTTGTTACTTG: CGGCAACTGCAAATTTGTTACTTGC
ACAACATCTTAGCCCCCGAGGCCAT: CAACATCTTAGCCCCCGAGGCCATT
TGACAAGGCCGCAGGCAGATGTGAG: GACAAGGCCGCAGGCAGATGTGAGA
CGTACACCGACACGAAATTCAGTCG: GTACACCGACACGAAATTCAGTCGA
AGTGGAGGCACTTCGGCGCCGAGCA: GTGGAGGCACTTCGGCGCCGAGCAA
GGACAATACAAGTAAAACAACATCT: GACAATACAAGTAAAACAACATCTT
ACGGACCCACAGCGTTTAAGGTTGG: CGGACCCACAGCGTTTAAGGTTGGA
AAGGTACCTGACATAACCAACGACA: AGGTACCTGACATAACCAACGACAC
AAAGTGCCGCCCCCACCTTTAGATG: AAGTGCCGCCCCCACCTTTAGATGA
AGACTGAAGTCATTCTGTGTCGGCC: GACTGAAGTCATTCTGTGTCGGCCG
AATTACTAAAAAAATCTCGATGGGC: ATTACTAAAAAAATCTCGATGGGCA
CCCGAGAGCCAGGGGGATTTTAGCA: CCGAGAGCCAGGGGGATTTTAGCAG
GCACGTCCGAACAGTATTGTCGTAC: CACGTCCGAACAGTATTGTCGTACG
AATCGTACTGACTCGGCTTCTTGCA: ATCGTACTGACTCGGCTTCTTGCAG
CGTGAGGGTGACTAAGTTCTCACAG: GTGAGGGTGACTAAGTTCTCACAGT
ACGTCTACCTTCCGGGAATGAGTCC: CGTCTACCTTCCGGGAATGAGTCCC
GCAGACATCGGGACCGACAAGCAGC: CAGACATCGGGACCGACAAGCAGCT
CCGTCCTAATCATCAAGAAACAGAC: CGTCCTAATCATCAAGAAACAGACA
TCCAGACTTTCTAGAGCACAATCAT: CCAGACTTTCTAGAGCACAATCATA
GCCTTGATGCTTGTCCACAGCACGT: CCTTGATGCTTGTCCACAGCACGTC
TTGATACAGCTGGTCCAGACTTTCT: TGATACAGCTGGTCCAGACTTTCTA
ATCGTGGAAAGCGTGCTTATCCCTT: TCGTGGAAAGCGTGCTTATCCCTTA
TTAAAGCCACTGTCTGAATAAATTT: TAAAGCCACTGTCTGAATAAATTTA
GCTGATATGTCCTTGCGGCCCCGCC: CTGATATGTCCTTGCGGCCCCGCCG
CCACGAGAGCTGAATAAGTGAAACA: CACGAGAGCTGAATAAGTGAAACAA
TAGGATTAGGCAGAAGACATTGAAC: AGGATTAGGCAGAAGACATTGAACG
TCACTAAGCACTTTCATGAAGTACG: CACTAAGCACTTTCATGAAGTACGG
CGAGGAAATAACGGTTTACGGCTTT: GAGGAAATAACGGTTTACGGCTTTG
GCCACTGTCTGAATAAATTTAAGAA: CCACTGTCTGAATAAATTTAAGAAA
TACTAGCTATGGTCAAAAGTACACT: ACTAGCTATGGTCAAAAGTACACTC
AAAACTCACAATCTTTAGTCGCTGA: AAACTCACAATCTTTAGTCGCTGAT
TGACACCCCATCCTAGCAGACATCG: GACACCCCATCCTAGCAGACATCGG
GCCATCGGACGAAGATAGAATTGTA: CCATCGGACGAAGATAGAATTGTAG
CAATGGTTAGCACACTGTGCTATGT: AATGGTTAGCACACTGTGCTATGTC
TAGCACACTGTGCTATGTCTGTTGA: AGCACACTGTGCTATGTCTGTTGAT
CGTAGGGCCTGTCCCGAGAGCCAGG: GTAGGGCCTGTCCCGAGAGCCAGGG
CACCGCTGTTAGATCAAGTAGTCCT: ACCGCTGTTAGATCAAGTAGTCCTT
ATGCCGAGAGCGACTACGTGCTTTG: TGCCGAGAGCGACTACGTGCTTTGA
TGACTTAAGAACGCCTTTCCCGGCG: GACTTAAGAACGCCTTTCCCGGCGT
GCCCGGTACATTTCTTATCAACATC: CCCGGTACATTTCTTATCAACATCG
CAGTTAGAACGATGCCTGTACGCCT: AGTTAGAACGATGCCTGTACGCCTT
CAGAAGCCGAGCTATTTTAGACGGC: AGAAGCCGAGCTATTTTAGACGGCA
GGGAACGAGCGGGGCCCCCCACCAC: GGAACGAGCGGGGCCCCCCACCACC
ACTGCCATGGTATTGCCCATCGTGA: CTGCCATGGTATTGCCCATCGTGAT
ACTTCTTTACGGCTCAAGCCACGTT: CTTCTTTACGGCTCAAGCCACGTTG
CCAGCTGTGACAGTCGTAACGGCCC: CAGCTGTGACAGTCGTAACGGCCCG
TTCTTTAGATCGTGGAAAGCGTGCT: TCTTTAGATCGTGGAAAGCGTGCTT
TTTTTGATATGAAAATATCCGGTTA: TTTTGATATGAAAATATCCGGTTAA
CGGCCGAGACGGGTTTAAATTGATG: GGCCGAGACGGGTTTAAATTGATGT
TCCCTACGTGCCTAGCTGCTACGTG: CCCTACGTGCCTAGCTGCTACGTGA
TAGGACGAGGAAATAACGGTTTACG: AGGACGAGGAAATAACGGTTTACGG
TAACTAAATCTATACCAATGGAGTT: AACTAAATCTATACCAATGGAGTTA
AGTGAAGGTAGCGTCGCCCTTGTCC: GTGAAGGTAGCGTCGCCCTTGTCCC
AAGTCGTCATGGTCACGCCGATTTG: AGTCGTCATGGTCACGCCGATTTGG
GTTGTGATCAAATTCTCTGAGTCAG: TTGTGATCAAATTCTCTGAGTCAGT
ATATCGCGGTTACAAACCATTGGGA: TATCGCGGTTACAAACCATTGGGAA
AGGGGGGAGTGTTGTGATCAAATTC: GGGGGGAGTGTTGTGATCAAATTCT
GTACACTCCCAACTCTTGGTAAATC: TACACTCCCAACTCTTGGTAAATCT
TCATTGCAGCCCACCCTAGCAACGT: CATTGCAGCCCACCCTAGCAACGTT
CGGTCACCGAAAACCTATTTATGCC: GGTCACCGAAAACCTATTTATGCCG
AAGCTGGCCAAACGGAGAATAACTA: AGCTGGCCAAACGGAGAATAACTAA
CACACTACCCTAGATGGAAACCACG: ACACTACCCTAGATGGAAACCACGA
GACATGGGCAGTTCAATCAAGTCAC: ACATGGGCAGTTCAATCAAGTCACA
ACTGGCTGAATCCTCATAACTTGCG: CTGGCTGAATCCTCATAACTTGCGG
CGTACGTCAAGTACGGCCTTGTGGT: GTACGTCAAGTACGGCCTTGTGGTC
TCCGGTTAAGACCTAAACAGAACAA: CCGGTTAAGACCTAAACAGAACAAC
CTATATACCGTTCTGGCCTCGAGAA: TATATACCGTTCTGGCCTCGAGAAC
ATGGCGCCTGTTATTTCCTACGTCT: TGGCGCCTGTTATTTCCTACGTCTC
CGTGCTTTGATACAGCTGGTCCAGA: GTGCTTTGATACAGCTGGTCCAGAC
ACTGATGAGTTAATTCGCACTGATT: CTGATGAGTTAATTCGCACTGATTG
TGCGGCTACTATATACCGTTCTGGC: GCGGCTACTATATACCGTTCTGGCC
TAAGTGAAACAAAGCACGTCCGAAC: AAGTGAAACAAAGCACGTCCGAACA
TAACACAATTTGTTTTGTCATCACG: AACACAATTTGTTTTGTCATCACGG
CCAACGTGCGTGCACTCCCAATGGT: CAACGTGCGTGCACTCCCAATGGTT
ATAAGTGAAACAAAGCACGTCCGAA: TAAGTGAAACAAAGCACGTCCGAAC
ACTGGCTTGCATGTCCCAACGTGCG: CTGGCTTGCATGTCCCAACGTGCGT
GCTTACCCTCCCGCCCACGGTAATT: CTTACCCTCCCGCCCACGGTAATTA
TTTCACGCTCCACAGTCTCCCTTCG: TTCACGCTCCACAGTCTCCCTTCGG
TATGCCCGGACAGATTCTGTATTTA: ATGCCCGGACAGATTCTGTATTTAG
GGAGTTTGCAGATAAGACGTTCCTC: GAGTTTGCAGATAAGACGTTCCTCA
TGAAACTCACATGGCTATGGAGATG: GAAACTCACATGGCTATGGAGATGA
TTACAAACCATTGGGAAACAGTTAG: TACAAACCATTGGGAAACAGTTAGA
TAAACAGAACAACGCCATCTCGGAC: AAACAGAACAACGCCATCTCGGACG
TCTCACGTCTACCTTCCGGGAATGA: CTCACGTCTACCTTCCGGGAATGAG
GGGAATAACATCAACACGCTGGTTG: GGAATAACATCAACACGCTGGTTGG
ATAAAATAGCCATGACGGTTAAATC: TAAAATAGCCATGACGGTTAAATCT
TCTTGGTAAATCTGTTCTTATGAGA: CTTGGTAAATCTGTTCTTATGAGAT
GGTTGTTATATTGTGTCGTGAGGGT: GTTGTTATATTGTGTCGTGAGGGTG
TGACATGGAAATCACACTGATGAGT: GACATGGAAATCACACTGATGAGTT
ACTCTCTACGGGGGCGTAGCAAACA: CTCTCTACGGGGGCGTAGCAAACAT
AAGCATCAAGTCCCGAACTGGCGAT: AGCATCAAGTCCCGAACTGGCGATG
TGCTTACCCTCCCGCCCACGGTAAT: GCTTACCCTCCCGCCCACGGTAATT
TGGATAGGCGTAAAGCTGTCACCAG: GGATAGGCGTAAAGCTGTCACCAGT
TCACAGTGTGACAAGGGAGCCGTGA: CACAGTGTGACAAGGGAGCCGTGAC
TCTGCAAGCCGTATGAGCCTCATAA: CTGCAAGCCGTATGAGCCTCATAAA
ATCTGACAACATCCAGGGCAGCTAG: TCTGACAACATCCAGGGCAGCTAGC
CCCGGCGTGTCCGACTGATCCTCAA: CCGGCGTGTCCGACTGATCCTCAAC
GACTGGCTGAATCCTCATAACTTGC: ACTGGCTGAATCCTCATAACTTGCG
ATATCTCCTGTACGGTCGACACTCT: TATCTCCTGTACGGTCGACACTCTG
TCGGCCGGGCATTGGAAATTTCGCT: CGGCCGGGCATTGGAAATTTCGCTT
AATTGTAGGAGAAAAGTGCCGCCCC: ATTGTAGGAGAAAAGTGCCGCCCCC
CCCTGACCTCGCCGCAGTTGCATGT: CCTGACCTCGCCGCAGTTGCATGTA
TTTCCTAATTCTTGAGCTATTAGAA: TTCCTAATTCTTGAGCTATTAGAAT
GCTCCACAGTCTCCCTTCGGCAGCG: CTCCACAGTCTCCCTTCGGCAGCGC
GACGGGCAACCACGGGGAATTGAAT: ACGGGCAACCACGGGGAATTGAATG
GCTGTGACAGTCGTAACGGCCCGGT: CTGTGACAGTCGTAACGGCCCGGTA
TTAGAACGATGCCTGTACGCCTTTC: TAGAACGATGCCTGTACGCCTTTCG
ATGACGTTTGAAGAAATATGAGTCG: TGACGTTTGAAGAAATATGAGTCGC
GTTTGGTAGAATCATTGTCTCCCAC: TTTGGTAGAATCATTGTCTCCCACC
TTATCAACATCGTCAGAAGTGACTT: TATCAACATCGTCAGAAGTGACTTA
AAAGCCCCTCCGAGCTCTGTAGCTG: AAGCCCCTCCGAGCTCTGTAGCTGT
TACGGCTTGGCCCCCGGGTACTCAA: ACGGCTTGGCCCCCGGGTACTCAAT
AACAACGCCATCTCGGACGGGGTCG: ACAACGCCATCTCGGACGGGGTCGG
TCTGTAGCTGTCACTACGGCTTGGC: CTGTAGCTGTCACTACGGCTTGGCC
CGGCAAATGGAGTTTGCAGATAAGA: GGCAAATGGAGTTTGCAGATAAGAC
TCCCGAACTGGCGATGCACCGCTGT: CCCGAACTGGCGATGCACCGCTGTT
TAACGGCAAATGGAGTTTGCAGATA: AACGGCAAATGGAGTTTGCAGATAA
ACACTGTAGTATGCTCGGATCACGG: CACTGTAGTATGCTCGGATCACGGT
CTTGAGCGCTGTTGATGGATTTTCC: TTGAGCGCTGTTGATGGATTTTCCT
ACGACGTCGTGCGTACTGACATGCG: CGACGTCGTGCGTACTGACATGCGT
TAGTGAATAAGAATCAGCCCCTTGT: AGTGAATAAGAATCAGCCCCTTGTG
AAACCTATTTATGCCGAGAGCGACT: AACCTATTTATGCCGAGAGCGACTA
TCACCAGCCGCGGGACTTCTTTACG: CACCAGCCGCGGGACTTCTTTACGG
GATTTAGCTTGTGGGTCGTATATAC: ATTTAGCTTGTGGGTCGTATATACC
ATCTCGGACGGGGTCGGCAACTGCA: TCTCGGACGGGGTCGGCAACTGCAA
CCCTTGTAAGCCTTCGGCCGAGACG: CCTTGTAAGCCTTCGGCCGAGACGG
AACGGCCCGGTACATTTCTTATCAA: ACGGCCCGGTACATTTCTTATCAAC
TGACGTATACACTGTAGTATGCTCG: GACGTATACACTGTAGTATGCTCGG
TCATGGAAAACCAAAACACAAATTG: CATGGAAAACCAAAACACAAATTGT
GTTAGATCAAGTAGTCCTTTTTGAT: TTAGATCAAGTAGTCCTTTTTGATA
AGAGATCTCTGGCCTTACTCAACGT: GAGATCTCTGGCCTTACTCAACGTG
GAGTCGCTAATCATGCGGTGGACAT: AGTCGCTAATCATGCGGTGGACATG
AACGTTCGGCAGGCCGGCGGGATAA: ACGTTCGGCAGGCCGGCGGGATAAG
CACCCTAGCAACGTTCTCTCCCTAC: ACCCTAGCAACGTTCTCTCCCTACG
GAAAGCGTGCTTATCCCTTAGGTAT: AAAGCGTGCTTATCCCTTAGGTATC
GCCTCAAAAAATGTCCTCGAGCACG: CCTCAAAAAATGTCCTCGAGCACGG
AGGGTCCTCACTAAGCACTTTCATG: GGGTCCTCACTAAGCACTTTCATGA
GATCAAACGCCGCACCAAACAACTC: ATCAAACGCCGCACCAAACAACTCT
TGTTTGTAATCATGCGGCTACTATA: GTTTGTAATCATGCGGCTACTATAT
TGCACTCCCAATGGTTAGCACACTG: GCACTCCCAATGGTTAGCACACTGT
GTCGTGAGGGTGACTAAGTTCTCAC: TCGTGAGGGTGACTAAGTTCTCACA
CGCCTGTTATTTCCTACGTCTCGTG: GCCTGTTATTTCCTACGTCTCGTGT
TAGGGTCCTCACTAAGCACTTTCAT: AGGGTCCTCACTAAGCACTTTCATG
CGACCCAGCAAATATAACACAATTT: GACCCAGCAAATATAACACAATTTG
GCCCTTACTTCAGTGGCAAATTGAC: CCCTTACTTCAGTGGCAAATTGACC
ACTTGAGCGCTGTTGATGGATTTTC: CTTGAGCGCTGTTGATGGATTTTCC
TCACTGCCATGGTATTGCCCATCGT: CACTGCCATGGTATTGCCCATCGTG
TTAAATCTGAAGGACAATACAAGTA: TAAATCTGAAGGACAATACAAGTAA
CACCAGCCGCGGGACTTCTTTACGG: ACCAGCCGCGGGACTTCTTTACGGC
TGAACGTTATTACGCCCAGCAGAGC: GAACGTTATTACGCCCAGCAGAGCG
TCCTCACTAAGCACTTTCATGAAGT: CCTCACTAAGCACTTTCATGAAGTA
GTGATCAAATTCTCTGAGTCAGTGG: TGATCAAATTCTCTGAGTCAGTGGC
CATGAGACCCCTTAGTAATTAATTT: ATGAGACCCCTTAGTAATTAATTTT
CCTGGATTAGTGGGGGAGCCCATGA: CTGGATTAGTGGGGGAGCCCATGAG
GGTACAAAACTTCGAAATCACGCCG: GTACAAAACTTCGAAATCACGCCGA
AATAACGGTTTACGGCTTTGTAAAA: ATAACGGTTTACGGCTTTGTAAAAG
GACGTCGTGCGTACTGACATGCGTC: ACGTCGTGCGTACTGACATGCGTCC
TGATGTGCTACTTAACGGCAAATGG: GATGTGCTACTTAACGGCAAATGGA
ATCTATACCAATGGAGTTATAGGAT: TCTATACCAATGGAGTTATAGGATC
GTCAGAAGTGACTTAAGAACGCCTT: TCAGAAGTGACTTAAGAACGCCTTT
CGATCCTGCGCCCTTTCTGCAAGCC: GATCCTGCGCCCTTTCTGCAAGCCG
ACCAACGACACTTCCTCCATAGGAT: CCAACGACACTTCCTCCATAGGATT
ATCTCCTGTACGGTCGACACTCTGG: TCTCCTGTACGGTCGACACTCTGGC
CCATCGGACGAAGATAGAATTGTAG: CATCGGACGAAGATAGAATTGTAGG
GCCCGAGTGAGATGATGTGCTACTT: CCCGAGTGAGATGATGTGCTACTTA
GAGTATTTTTGGGCGTTTCTGCATG: AGTATTTTTGGGCGTTTCTGCATGT
ATTCTGTGTCGGCCGGGCATTGGAA: TTCTGTGTCGGCCGGGCATTGGAAA
ATTTTATGATCCTTATTGACGTTTG: TTTTATGATCCTTATTGACGTTTGC
GGCGGCAAACGCAGTCAATACCAGA: GCGGCAAACGCAGTCAATACCAGAG
AGCAGACGCGTGCACAGGGACTCAC: GCAGACGCGTGCACAGGGACTCACT
GGCATTAACCCTACTAGACACGGAT: GCATTAACCCTACTAGACACGGATT
CCTTACTTCAGTGGCAAATTGACCC: CTTACTTCAGTGGCAAATTGACCCA
TAATTAATTTTATGCCCGGACAGAT: AATTAATTTTATGCCCGGACAGATT
TGATACAGCTGGTCCAGACTTTCTA: GATACAGCTGGTCCAGACTTTCTAG
GGGGGAGTGTTGTGATCAAATTCTC: GGGGAGTGTTGTGATCAAATTCTCT
CCAATGGTTAGCACACTGTGCTATG: CAATGGTTAGCACACTGTGCTATGT
GTAAAAGAGGCGGCAAACGCAGTCA: TAAAAGAGGCGGCAAACGCAGTCAA
AGACATCGGGACCGACAAGCAGCTG: GACATCGGGACCGACAAGCAGCTGT
TTGGCCCCCGGGTACTCAATTGTTT: TGGCCCCCGGGTACTCAATTGTTTG
CTGTTCTTATGAGATATATGTGTCA: TGTTCTTATGAGATATATGTGTCAT
GATAAGGGGTGAGATCTTATCGATC: ATAAGGGGTGAGATCTTATCGATCT
GCCTATGTAAACGGACCCACAGCGT: CCTATGTAAACGGACCCACAGCGTT
GTTCCGCACGACCTCATTACATCAA: TTCCGCACGACCTCATTACATCAAA
CGATACATCATAACGCCCTTGTAAG: GATACATCATAACGCCCTTGTAAGC
GAGAACTTTACGTCGATGCCTTCCT: AGAACTTTACGTCGATGCCTTCCTA
TTACTTGGATTCGGTGCCTGTAGCG: TACTTGGATTCGGTGCCTGTAGCGT
ACCGTTCTGGCCTCGAGAACTTTAC: CCGTTCTGGCCTCGAGAACTTTACG
TGTAAGGCTTCTGGGGTGTCCGCTA: GTAAGGCTTCTGGGGTGTCCGCTAT
CACCACATTAACGTTCGGCAGGCCG: ACCACATTAACGTTCGGCAGGCCGG
GCCAAGGCACATATGGGCAGGCGCC: CCAAGGCACATATGGGCAGGCGCCT
CTCTGAGTCAGTGGCGCTCGTTAGC: TCTGAGTCAGTGGCGCTCGTTAGCT
TATGTCTGTTGATGGAATGCATGGA: ATGTCTGTTGATGGAATGCATGGAT
AATATAACACAATTTGTTTTGTCAT: ATATAACACAATTTGTTTTGTCATC
CGGTTAAATCTGAAGGACAATACAA: GGTTAAATCTGAAGGACAATACAAG
TCTCCCTTCGGCAGCGCGGTTTCCT: CTCCCTTCGGCAGCGCGGTTTCCTA
TCTCGGACGGGGTCGGCAACTGCAA: CTCGGACGGGGTCGGCAACTGCAAA
TGGTACTTCTTGTTCGGTAAGGCAA: GGTACTTCTTGTTCGGTAAGGCAAT
AACAGTTAGAACGATGCCTGTACGC: ACAGTTAGAACGATGCCTGTACGCC
TGAATCCTAGTGAATAAGAATCAGC: GAATCCTAGTGAATAAGAATCAGCC
CCTCCATAGGATTAGGCAGAAGACA: CTCCATAGGATTAGGCAGAAGACAT
CCGAGTATTTTTGGGCGTTTCTGCA: CGAGTATTTTTGGGCGTTTCTGCAT
TGGCTCACACTACCCTAGATGGAAA: GGCTCACACTACCCTAGATGGAAAC
GGTACATCTCCGTAGGGCCTGTCCC: GTACATCTCCGTAGGGCCTGTCCCG
ACTGACTCGGCTTCTTGCAGTCCTA: CTGACTCGGCTTCTTGCAGTCCTAC
GTAGCAGGAAAACCCAGTCGGGGGG: TAGCAGGAAAACCCAGTCGGGGGGT
AGTTAGAATATCGCCCGAAGGCGGG: GTTAGAATATCGCCCGAAGGCGGGA
CCGCCCATTTGTGAGAGTGAAGCAG: CGCCCATTTGTGAGAGTGAAGCAGA
GGCGCGACACGTCTATTTAAGGGGT: GCGCGACACGTCTATTTAAGGGGTC
AATCATCAAGAAACAGACAATTCTC: ATCATCAAGAAACAGACAATTCTCA
TCCCAACGTGCGTGCACTCCCAATG: CCCAACGTGCGTGCACTCCCAATGG
TCTCTACGGGGGCGTAGCAAACATG: CTCTACGGGGGCGTAGCAAACATGA
CACTGCCATGGTATTGCCCATCGTG: ACTGCCATGGTATTGCCCATCGTGA
CCATAGCCACCGGGCGTCACCTGAA: CATAGCCACCGGGCGTCACCTGAAC
TAACGTTCGGCAGGCCGGCGGGATA: AACGTTCGGCAGGCCGGCGGGATAA
GCTAGACCCGCGCCACGAAGCCCGA: CTAGACCCGCGCCACGAAGCCCGAG
CAACCACGGGGAATTGAATGCAGGC: AACCACGGGGAATTGAATGCAGGCA
TCGTGATGCCCGAGGTATTGGGAGT: CGTGATGCCCGAGGTATTGGGAGTA
TGTGGGTCGTATATACCAATATTAG: GTGGGTCGTATATACCAATATTAGC
CGTGCCTAGCTGCTACGTGAGTACC: GTGCCTAGCTGCTACGTGAGTACCA
TTGTAAGCCTTCGGCCGAGACGGGT: TGTAAGCCTTCGGCCGAGACGGGTT
ACATATGGGCAGGCGCCTCGCCACT: CATATGGGCAGGCGCCTCGCCACTT
GTTTGACATTGACAACGGCTTTGAC: TTTGACATTGACAACGGCTTTGACT
AGAAAAGTGCCGCCCCCACCTTTAG: GAAAAGTGCCGCCCCCACCTTTAGA
TTTTCACGCTCCACAGTCTCCCTTC: TTTCACGCTCCACAGTCTCCCTTCG
TTACATCAAACTCTCAGAGCCATGA: TACATCAAACTCTCAGAGCCATGAC
AGCTGGTCCAGACTTTCTAGAGCAC: GCTGGTCCAGACTTTCTAGAGCACA
TTCGTACGGAGTCTGGGAACGAGCG: TCGTACGGAGTCTGGGAACGAGCGG
CGGGGAATTGAATGCAGGCAACCTA: GGGGAATTGAATGCAGGCAACCTAA
TATTTCAGCGATGTCGGTTAAAGCC: ATTTCAGCGATGTCGGTTAAAGCCA
TTCTGCAAGCCGTATGAGCCTCATA: TCTGCAAGCCGTATGAGCCTCATAA
CCAAACTGGGTTGTTATATTGTGTC: CAAACTGGGTTGTTATATTGTGTCG
AGGGAGTTGCTTACCCTCCCGCCCA: GGGAGTTGCTTACCCTCCCGCCCAC
CATCAACACGCTGGTTGGGACTGGC: ATCAACACGCTGGTTGGGACTGGCT
CAACACGCTGGTTGGGACTGGCTGA: AACACGCTGGTTGGGACTGGCTGAA
TGATGCTTGTCCACAGCACGTCGAT: GATGCTTGTCCACAGCACGTCGATA
TCGGCCTCAAAAAATGTCCTCGAGC: CGGCCTCAAAAAATGTCCTCGAGCA
AATGGATATTAATACTTGGAGCAGA: ATGGATATTAATACTTGGAGCAGAC
TATTCATGGAAAACCAAAACACAAA: ATTCATGGAAAACCAAAACACAAAT
GTCCAACCCCTAAATAAGCTGGCCA: TCCAACCCCTAAATAAGCTGGCCAA
CGCGGGACTTCTTTACGGCTCAAGC: GCGGGACTTCTTTACGGCTCAAGCC
TCGCAGGACTTACGACATCAAGCGC: CGCAGGACTTACGACATCAAGCGCG
GAACTGCAGAGGTGGCCTAACCACG: AACTGCAGAGGTGGCCTAACCACGA
AGTGAGATGATGTGCTACTTAACGG: GTGAGATGATGTGCTACTTAACGGC
GATCGTGGAAAGCGTGCTTATCCCT: ATCGTGGAAAGCGTGCTTATCCCTT
AGATATATGTGTCATCTCGGCCCTT: GATATATGTGTCATCTCGGCCCTTA
CCGTGACATGGAAATCACACTGATG: CGTGACATGGAAATCACACTGATGA
GTGGGGACTCTGGCTATCTTCCTCT: TGGGGACTCTGGCTATCTTCCTCTG
TCTAGAGCACAATCATATTTTCACG: CTAGAGCACAATCATATTTTCACGC
GCGGGATGGAATTCCTGAATCTGGC: CGGGATGGAATTCCTGAATCTGGCC
TCAGGCGCCTAGCTACTAGCTATGG: CAGGCGCCTAGCTACTAGCTATGGT
CGCAGTCAATACCAGAGATCTCTGG: GCAGTCAATACCAGAGATCTCTGGC
CAGTCAATACCAGAGATCTCTGGCC: AGTCAATACCAGAGATCTCTGGCCT
CTCCACAGTCTCCCTTCGGCAGCGC: TCCACAGTCTCCCTTCGGCAGCGCG
TTGAGCGCTGTTGATGGATTTTCCT: TGAGCGCTGTTGATGGATTTTCCTA
CGCTCAAACATGGTACTTCTTGTTC: GCTCAAACATGGTACTTCTTGTTCG
GGACACTCTTATCATGTAAGTGTAC: GACACTCTTATCATGTAAGTGTACT
ATCAAGCGCGAACTTGAGCGCTGTT: TCAAGCGCGAACTTGAGCGCTGTTG
ACCAGAGATCTCTGGCCTTACTCAA: CCAGAGATCTCTGGCCTTACTCAAC
CCATTGGGAAACAGTTAGAACGATG: CATTGGGAAACAGTTAGAACGATGC
ATGAATCGTTGACGACCATGCCTGC: TGAATCGTTGACGACCATGCCTGCA
ACCAAACTGGGTTGTTATATTGTGT: CCAAACTGGGTTGTTATATTGTGTC
AGCACACTGTGCTATGTCTGTTGAT: GCACACTGTGCTATGTCTGTTGATG
ATTAGCCCTGCCTATAGTTACGTTC: TTAGCCCTGCCTATAGTTACGTTCC
TAGTGGGGGAGCCCATGAGACCCCT: AGTGGGGGAGCCCATGAGACCCCTT
AAATTCTCTGAGTCAGTGGCGCTCG: AATTCTCTGAGTCAGTGGCGCTCGT
ACTTGCCCTCGGGTGCTACGGGCGC: CTTGCCCTCGGGTGCTACGGGCGCT
ACTCACTAAAGCATATTTATAGGGT: CTCACTAAAGCATATTTATAGGGTC
CTTACCCATGTTGTCCGAACGACGT: TTACCCATGTTGTCCGAACGACGTC
TCAAGAGGACTCTCCGAGTATTTTT: CAAGAGGACTCTCCGAGTATTTTTG
TAAGAACGCCTTTCCCGGCGTGTCC: AAGAACGCCTTTCCCGGCGTGTCCG
CAGTCTCTAGTCACCACATTAACGT: AGTCTCTAGTCACCACATTAACGTT
TCCTATCGCCCAGTGGAGGCACTTC: CCTATCGCCCAGTGGAGGCACTTCG
GCACTGATTGATTGATTTAGCTTGT: CACTGATTGATTGATTTAGCTTGTG
CCGAGCCTATGTAAACGGACCCACA: CGAGCCTATGTAAACGGACCCACAG
GCCCCCGAGGCCATTGGCAAGGCAG: CCCCCGAGGCCATTGGCAAGGCAGT
TGTATTTCAGCGATGTCGGTTAAAG: GTATTTCAGCGATGTCGGTTAAAGC
GCCGATTTGGTAGTTGCTTCTATTC: CCGATTTGGTAGTTGCTTCTATTCA
TGGAGTTTGCAGATAAGACGTTCCT: GGAGTTTGCAGATAAGACGTTCCTC
TGCACCTCCGTGACCAAACTGGGTT: GCACCTCCGTGACCAAACTGGGTTG
TCCTTGCGGCCCCGCCGATTTGCTA: CCTTGCGGCCCCGCCGATTTGCTAT
GTTACGTTCCTCACATGGCCATCGG: TTACGTTCCTCACATGGCCATCGGA
ATTCGGTGCTATCGCACACTAGCAC: TTCGGTGCTATCGCACACTAGCACG
ACACGCGGCTCACGAGAGGAAGTAG: CACGCGGCTCACGAGAGGAAGTAGT
GCTGTTGGTGGGTGACTTAAGCACG: CTGTTGGTGGGTGACTTAAGCACGG
TACACACTAAGCGCATCAACGATTA: ACACACTAAGCGCATCAACGATTAT
CGGGGTCGGCAACTGCAAATTTGTT: GGGGTCGGCAACTGCAAATTTGTTA
GGCTGAATCCTCATAACTTGCGGAC: GCTGAATCCTCATAACTTGCGGACG
CGGTTAAGACCTAAACAGAACAACG: GGTTAAGACCTAAACAGAACAACGC
CGGGATAAGGGAAATAAGGTACCTG: GGGATAAGGGAAATAAGGTACCTGA
AATATGAGTCGCTAATCATGCGGTG: ATATGAGTCGCTAATCATGCGGTGG
GTGCACTCCCAATGGTTAGCACACT: TGCACTCCCAATGGTTAGCACACTG
AATTCTTGAGCTATTAGAATCGTAC: ATTCTTGAGCTATTAGAATCGTACT
ACGAAATTCAGTCGACCAGTGGAAC: CGAAATTCAGTCGACCAGTGGAACT
TAGCTATGGTCAAAAGTACACTCCC: AGCTATGGTCAAAAGTACACTCCCA
TCTCGGCCCTTACTTCAGTGGCAAA: CTCGGCCCTTACTTCAGTGGCAAAT
ATGGCCATCGGACGAAGATAGAATT: TGGCCATCGGACGAAGATAGAATTG
CTCCCAACTCTTGGTAAATCTGTTC: TCCCAACTCTTGGTAAATCTGTTCT
GGTATTGTAGCAGGAAAACCCAGTC: GTATTGTAGCAGGAAAACCCAGTCG
ACCATGCCTGCACTCGAAATTCCGC: CCATGCCTGCACTCGAAATTCCGCC
CGCAGTGAATCCTAGTGAATAAGAA: GCAGTGAATCCTAGTGAATAAGAAT
GACTTGGCCACCGCCCTGACCTCGC: ACTTGGCCACCGCCCTGACCTCGCC
GGTCTTCACAGCATCTAGCGGCGTG: GTCTTCACAGCATCTAGCGGCGTGC
TGGAGGCACTTCGGCGCCGAGCAAT: GGAGGCACTTCGGCGCCGAGCAATG
CTGGCCTTGTTGCGCAAAACCTGGA: TGGCCTTGTTGCGCAAAACCTGGAT
GCTAAAGCATCAAGTCCCGAACTGG: CTAAAGCATCAAGTCCCGAACTGGC
AAGCAGACGCGTGCACAGGGACTCA: AGCAGACGCGTGCACAGGGACTCAC
TCTCCCTACGTGCCTAGCTGCTACG: CTCCCTACGTGCCTAGCTGCTACGT
TCTCGATGGGCATTAACCCTACTAG: CTCGATGGGCATTAACCCTACTAGA
TTACGGCTCAAGCCACGTTGGCACT: TACGGCTCAAGCCACGTTGGCACTA
AGAGGAAGTAGTCACCAGCCGCGGG: GAGGAAGTAGTCACCAGCCGCGGGA
TAATTCTTGAGCTATTAGAATCGTA: AATTCTTGAGCTATTAGAATCGTAC
ACGTCTAATACCAGCCTGCACAGAC: CGTCTAATACCAGCCTGCACAGACT
AGGCCTTGATGCTTGTCCACAGCAC: GGCCTTGATGCTTGTCCACAGCACG
GTCGCCCTTGTCCCTTACCCATGTT: TCGCCCTTGTCCCTTACCCATGTTG
GGAATTCCTGAATCTGGCCCGTAAA: GAATTCCTGAATCTGGCCCGTAAAG
GCGTCCTGAGCTAAAGCCCCTCCGA: CGTCCTGAGCTAAAGCCCCTCCGAG
ATCGCCCAGTGGAGGCACTTCGGCG: TCGCCCAGTGGAGGCACTTCGGCGC
ATTTGTTACTTGCCCTCGGGTGCTA: TTTGTTACTTGCCCTCGGGTGCTAC
TTTGAAGCCATAGCCACCGGGCGTC: TTGAAGCCATAGCCACCGGGCGTCA
CCCGAACTAGCTACCACCGCCAGAA: CCGAACTAGCTACCACCGCCAGAAG
TCCGCACGACCTCATTACATCAAAC: CCGCACGACCTCATTACATCAAACT
TCGGCAGCGCGGTTTCCTAATTCTT: CGGCAGCGCGGTTTCCTAATTCTTG
CCTACAGCAGGCCTTGATGCTTGTC: CTACAGCAGGCCTTGATGCTTGTCC
ATTAGTGGGGGAGCCCATGAGACCC: TTAGTGGGGGAGCCCATGAGACCCC
GCATCTAGCGGCGTGCGACCCAGCA: CATCTAGCGGCGTGCGACCCAGCAA
AAGTACACTCCCAACTCTTGGTAAA: AGTACACTCCCAACTCTTGGTAAAT
TCTTGTTCGGTAAGGCAATCCAGCG: CTTGTTCGGTAAGGCAATCCAGCGC
TCATATTTTCACGCTCCACAGTCTC: CATATTTTCACGCTCCACAGTCTCC
TGCAGTCCTACAGCAGGCCTTGATG: GCAGTCCTACAGCAGGCCTTGATGC
ATATATGTGTCATCTCGGCCCTTAC: TATATGTGTCATCTCGGCCCTTACT
GTTGGTGGGTGACTTAAGCACGGAC: TTGGTGGGTGACTTAAGCACGGACT
CGGCGGGATAAGGGAAATAAGGTAC: GGCGGGATAAGGGAAATAAGGTACC
TGTAGTACTCAGATAACACTGGATA: GTAGTACTCAGATAACACTGGATAG
CGGAGAATAACTAAATCTATACCAA: GGAGAATAACTAAATCTATACCAAT
CTTGTCTGCCCGAACTAGCTACCAC: TTGTCTGCCCGAACTAGCTACCACC
AGGAAAACCCAGTCGGGGGGTCTCT: GGAAAACCCAGTCGGGGGGTCTCTT
TGCAAGCCGTATGAGCCTCATAAAA: GCAAGCCGTATGAGCCTCATAAAAT
GAAGGACAATACAAGTAAAACAACA: AAGGACAATACAAGTAAAACAACAT
TACTGACTCGGCTTCTTGCAGTCCT: ACTGACTCGGCTTCTTGCAGTCCTA
GATGCCTGTACGCCTTTCGAAGTTC: ATGCCTGTACGCCTTTCGAAGTTCA
GCCAAACGGAGAATAACTAAATCTA: CCAAACGGAGAATAACTAAATCTAT
CACTGATGAGTTAATTCGCACTGAT: ACTGATGAGTTAATTCGCACTGATT
TCGTTAGCTTAACAACTTTACGAAT: CGTTAGCTTAACAACTTTACGAATC
GTTAAGACCTAAACAGAACAACGCC: TTAAGACCTAAACAGAACAACGCCA
CCGCATCCCTATTCGACATGGTTTT: CGCATCCCTATTCGACATGGTTTTA
GCCTTCGGCCGAGACGGGTTTAAAT: CCTTCGGCCGAGACGGGTTTAAATT
GGCAGAAGACATTGAACGTTATTAC: GCAGAAGACATTGAACGTTATTACG
GGCTTCTTGCAGTCCTACAGCAGGC: GCTTCTTGCAGTCCTACAGCAGGCC
AATTCGCACTGATTGATTGATTTAG: ATTCGCACTGATTGATTGATTTAGC
AGCAGACATCGGGACCGACAAGCAG: GCAGACATCGGGACCGACAAGCAGC
CTAAATAAGCTGGCCAAACGGAGAA: TAAATAAGCTGGCCAAACGGAGAAT
CACTCTGGCCAAGGCACATATGGGC: ACTCTGGCCAAGGCACATATGGGCA
CTAGGACGAGGAAATAACGGTTTAC: TAGGACGAGGAAATAACGGTTTACG
TGGTCTCTCGACGGGCAACCACGGG: GGTCTCTCGACGGGCAACCACGGGG
TGTACGCCTTTCGAAGTTCAACCGA: GTACGCCTTTCGAAGTTCAACCGAA
ACTTAAGCACGGACTCCACGACGTA: CTTAAGCACGGACTCCACGACGTAT
TCCTAATCATCAAGAAACAGACAAT: CCTAATCATCAAGAAACAGACAATT
TCGGGTGCTACGGGCGCTGTTTGGT: CGGGTGCTACGGGCGCTGTTTGGTA
CCGCCGATTTGCTATCCACGGTCCT: CGCCGATTTGCTATCCACGGTCCTA
CGGCACCTTCGTACGGAGTCTGGGA: GGCACCTTCGTACGGAGTCTGGGAA
CCTAGCAACGTTCTCTCCCTACGTG: CTAGCAACGTTCTCTCCCTACGTGC
AGATGGCGCCTGTTATTTCCTACGT: GATGGCGCCTGTTATTTCCTACGTC
CTACTATATACCGTTCTGGCCTCGA: TACTATATACCGTTCTGGCCTCGAG
ACCATTGGGAAACAGTTAGAACGAT: CCATTGGGAAACAGTTAGAACGATG
CGCGTGGGGACTCTGGCTATCTTCC: GCGTGGGGACTCTGGCTATCTTCCT
TCGACGGGCAACCACGGGGAATTGA: CGACGGGCAACCACGGGGAATTGAA
CCCGCTAGCTGCTGTTTATCTCACG: CCGCTAGCTGCTGTTTATCTCACGT
AACGAGCGGGGCCCCCCACCACCGT: ACGAGCGGGGCCCCCCACCACCGTC
AAAGCACGTCCGAACAGTATTGTCG: AAGCACGTCCGAACAGTATTGTCGT
GTCCACAGCACGTCGATAAAATGGC: TCCACAGCACGTCGATAAAATGGCG
ACCCATTCGCGTGGGGACTCTGGCT: CCCATTCGCGTGGGGACTCTGGCTA
TTCTGCATGTTTACTTGGATTCGGT: TCTGCATGTTTACTTGGATTCGGTG
GACTCTGGCTATCTTCCTCTGGTTG: ACTCTGGCTATCTTCCTCTGGTTGT
GCAAACGCAGTCAATACCAGAGATC: CAAACGCAGTCAATACCAGAGATCT
ATCAAACGCCGCACCAAACAACTCT: TCAAACGCCGCACCAAACAACTCTA
CAAATTCTCTGAGTCAGTGGCGCTC: AAATTCTCTGAGTCAGTGGCGCTCG
ACCCAGTCGGGGGGTCTCTTTCATC: CCCAGTCGGGGGGTCTCTTTCATCT
ATGCCTTCCTATTACGGCCCGAGTG: TGCCTTCCTATTACGGCCCGAGTGA
AATCAGCCCCTTGTGTTTGACATTG: ATCAGCCCCTTGTGTTTGACATTGA
CATGGTTTTAGTGGTTCCGCACGAC: ATGGTTTTAGTGGTTCCGCACGACC
GTTAGATGGCGCCTGTTATTTCCTA: TTAGATGGCGCCTGTTATTTCCTAC
GCCGCAGGCAGATGTGAGACTCGAA: CCGCAGGCAGATGTGAGACTCGAAA
CGATGCCTGTACGCCTTTCGAAGTT: GATGCCTGTACGCCTTTCGAAGTTC
TTCCCTATGATCAAACGCCGCACCA: TCCCTATGATCAAACGCCGCACCAA
GCGGCAAACGCAGTCAATACCAGAG: CGGCAAACGCAGTCAATACCAGAGA
CAAGCCACGTTGGCACTATCGCCTA: AAGCCACGTTGGCACTATCGCCTAA
TCTCGTGTGAGTTAGAATATCGCCC: CTCGTGTGAGTTAGAATATCGCCCG
ACATTAACGTTCGGCAGGCCGGCGG: CATTAACGTTCGGCAGGCCGGCGGG
GTTCGGTAAGGCAATCCAGCGCCCC: TTCGGTAAGGCAATCCAGCGCCCCG
TTAATCACGAAGTCTGCGATTGATT: TAATCACGAAGTCTGCGATTGATTT
TTATATTGTGTCGTGAGGGTGACTA: TATATTGTGTCGTGAGGGTGACTAA
ATTTTCCTAGGTAGAAAAAGGCCTT: TTTTCCTAGGTAGAAAAAGGCCTTA
GCTACGTGAGTACCACCGCCCATTT: CTACGTGAGTACCACCGCCCATTTG
GTGCTATCGCACACTAGCACGTACT: TGCTATCGCACACTAGCACGTACTC
TAGACCCGCGCCACGAAGCCCGAGC: AGACCCGCGCCACGAAGCCCGAGCC
CTGTTTATCTCACGTCTACCTTCCG: TGTTTATCTCACGTCTACCTTCCGG
AAGAATCAGCCCCTTGTGTTTGACA: AGAATCAGCCCCTTGTGTTTGACAT
CTCCCAATGGTTAGCACACTGTGCT: TCCCAATGGTTAGCACACTGTGCTA
TCTGAGTCAGTGGCGCTCGTTAGCT: CTGAGTCAGTGGCGCTCGTTAGCTT
CTATGTCTGTTGATGGAATGCATGG: TATGTCTGTTGATGGAATGCATGGA
CGTATATACCAATATTAGCCCTGCC: GTATATACCAATATTAGCCCTGCCT
ATACGTCTAATACCAGCCTGCACAG: TACGTCTAATACCAGCCTGCACAGA
CCGCACGACCTCATTACATCAAACT: CGCACGACCTCATTACATCAAACTC
GGGCGTAGCAAACATGAGCGCCCGG: GGCGTAGCAAACATGAGCGCCCGGA
GTTCAATCAAGTCACACGCCAAATA: TTCAATCAAGTCACACGCCAAATAT
ACCTCGCCGCAGTTGCATGTAAGGC: CCTCGCCGCAGTTGCATGTAAGGCT
ACCACGACTTGGCCACCGCCCTGAC: CCACGACTTGGCCACCGCCCTGACC
CCGCGGGACTTCTTTACGGCTCAAG: CGCGGGACTTCTTTACGGCTCAAGC
ACAAAGCACGTCCGAACAGTATTGT: CAAAGCACGTCCGAACAGTATTGTC
TGAGTTAGAATATCGCCCGAAGGCG: GAGTTAGAATATCGCCCGAAGGCGG
CGTCAACCGCTAAAGCATCAAGTCC: GTCAACCGCTAAAGCATCAAGTCCC
TACCACCGCCAGAAGCCGAGCTATT: ACCACCGCCAGAAGCCGAGCTATTT
AACACTGGATAGGCGTAAAGCTGTC: ACACTGGATAGGCGTAAAGCTGTCA
CATCCGTCAGGTGAATGGATTAATA: ATCCGTCAGGTGAATGGATTAATAG
TTGTGTTGCCGTGGCGATCCTGCGC: TGTGTTGCCGTGGCGATCCTGCGCC
ATATGTATTTCAGCGATGTCGGTTA: TATGTATTTCAGCGATGTCGGTTAA
GATAAAATCGCCGCATCCCTATTCG: ATAAAATCGCCGCATCCCTATTCGA
GCCGTCAACCGCTAAAGCATCAAGT: CCGTCAACCGCTAAAGCATCAAGTC
AACAGACAATTCTCAGAAGTCGTCA: ACAGACAATTCTCAGAAGTCGTCAT
GCTGAAACTCACATGGCTATGGAGA: CTGAAACTCACATGGCTATGGAGAT
GGTGGGTGACTTAAGCACGGACTCC: GTGGGTGACTTAAGCACGGACTCCA
GATCAAATTCTCTGAGTCAGTGGCG: ATCAAATTCTCTGAGTCAGTGGCGC
AACTCTAGATGTACTTATCGCATAA: ACTCTAGATGTACTTATCGCATAAT
GTTAGCTTAACAACTTTACGAATCC: TTAGCTTAACAACTTTACGAATCCT
CACGTCTATTTAAGGGGTCATCCAC: ACGTCTATTTAAGGGGTCATCCACC
ACGTTCCTCACATGGCCATCGGACG: CGTTCCTCACATGGCCATCGGACGA
AGCGTTTAAGGTTGGACAGTGACAC: GCGTTTAAGGTTGGACAGTGACACC
ACTTACGACATCAAGCGCGAACTTG: CTTACGACATCAAGCGCGAACTTGA
GTCATGGTCACGCCGATTTGGTAGT: TCATGGTCACGCCGATTTGGTAGTT
GGTAGCGTCGCCCTTGTCCCTTACC: GTAGCGTCGCCCTTGTCCCTTACCC
GAATAAGAATCAGCCCCTTGTGTTT: AATAAGAATCAGCCCCTTGTGTTTG
AACACAATTTGTTTTGTCATCACGG: ACACAATTTGTTTTGTCATCACGGA
TGTGAGACTCGAAAATACGTCTAAT: GTGAGACTCGAAAATACGTCTAATA
AAACGGACCCACAGCGTTTAAGGTT: AACGGACCCACAGCGTTTAAGGTTG
ACATCTCCAGACTGAGATCTAATCT: CATCTCCAGACTGAGATCTAATCTC
CTTATCCCTTAGGTATCTGACAACA: TTATCCCTTAGGTATCTGACAACAT
TACCTGACATAACCAACGACACTTC: ACCTGACATAACCAACGACACTTCC
AGCTCTGTAGCTGTCACTACGGCTT: GCTCTGTAGCTGTCACTACGGCTTG
TAATTACTAAAAAAATCTCGATGGG: AATTACTAAAAAAATCTCGATGGGC
CGGGCGTCACCTGAACGTGAACCTC: GGGCGTCACCTGAACGTGAACCTCC
CTGCTAAGCGACCTCTTCGCAGTGA: TGCTAAGCGACCTCTTCGCAGTGAA
ACGTACGGCTAGACCCGCGCCACGA: CGTACGGCTAGACCCGCGCCACGAA
CGGTGCCTGTAGCGTTTGGTTCGGA: GGTGCCTGTAGCGTTTGGTTCGGAT
TTTGCATTATAAAACTCACAATCTT: TTGCATTATAAAACTCACAATCTTT
CCGAACTAGCTACCACCGCCAGAAG: CGAACTAGCTACCACCGCCAGAAGC
CTACGTGAGTACCACCGCCCATTTG: TACGTGAGTACCACCGCCCATTTGT
TGTTTTGTCATCACGGACCATTGCA: GTTTTGTCATCACGGACCATTGCAC
ATGGAAATCACACTGATGAGTTAAT: TGGAAATCACACTGATGAGTTAATT
AATACCAGAGATCTCTGGCCTTACT: ATACCAGAGATCTCTGGCCTTACTC
GGCTGCAGGGTTAACGATCATTCCC: GCTGCAGGGTTAACGATCATTCCCT
ATGCTCGGTCACCGAAAACCTATTT: TGCTCGGTCACCGAAAACCTATTTA
CGTTCCAAATGCCCGCTCGGCCTCA: GTTCCAAATGCCCGCTCGGCCTCAA
GCTTATCCCTTAGGTATCTGACAAC: CTTATCCCTTAGGTATCTGACAACA
TGCTGTTTATCTCACGTCTACCTTC: GCTGTTTATCTCACGTCTACCTTCC
TCAAGCCACGTTGGCACTATCGCCT: CAAGCCACGTTGGCACTATCGCCTA
TGCCTGTACGCCTTTCGAAGTTCAA: GCCTGTACGCCTTTCGAAGTTCAAC
TCTCTTTCCAGCTGTGACAGTCGTA: CTCTTTCCAGCTGTGACAGTCGTAA
CAAAACTTCGAAATCACGCCGATTT: AAAACTTCGAAATCACGCCGATTTT
CGACACTTCCTCCATAGGATTAGGC: GACACTTCCTCCATAGGATTAGGCA
CTCGACGGGCAACCACGGGGAATTG: TCGACGGGCAACCACGGGGAATTGA
CTACTTAACGGCAAATGGAGTTTGC: TACTTAACGGCAAATGGAGTTTGCA
CAGATAACACTGGATAGGCGTAAAG: AGATAACACTGGATAGGCGTAAAGC
CGATTGATTTTCGTCAGGCGCCTAG: GATTGATTTTCGTCAGGCGCCTAGC
TTCCGCCGTCAACCGCTAAAGCATC: TCCGCCGTCAACCGCTAAAGCATCA
TGGGAACGAGCGGGGCCCCCCACCA: GGGAACGAGCGGGGCCCCCCACCAC
ACATGGAAATCACACTGATGAGTTA: CATGGAAATCACACTGATGAGTTAA
GGGTCTCTTTCATCTCCTAGCGACC: GGTCTCTTTCATCTCCTAGCGACCC
TACACGCGGCTCACGAGAGGAAGTA: ACACGCGGCTCACGAGAGGAAGTAG
TATAACCAGGCGCGACACGTCTATT: ATAACCAGGCGCGACACGTCTATTT
CCCTTGTGTTTGACATTGACAACGG: CCTTGTGTTTGACATTGACAACGGC
GGCTATGGAGATGATTAATTCTCTT: GCTATGGAGATGATTAATTCTCTTT
GGACCCGCCCGTGACATGGAAATCA: GACCCGCCCGTGACATGGAAATCAC
CGTGGCGATCCTGCGCCCTTTCTGC: GTGGCGATCCTGCGCCCTTTCTGCA
GAAAACCCAGTCGGGGGGTCTCTTT: AAAACCCAGTCGGGGGGTCTCTTTC
GACCTCTTCGCAGTGAATCCTAGTG: ACCTCTTCGCAGTGAATCCTAGTGA
ATCCCTTAGGTATCTGACAACATCC: TCCCTTAGGTATCTGACAACATCCA
GACCTCGCCGCAGTTGCATGTAAGG: ACCTCGCCGCAGTTGCATGTAAGGC
TTTCCTACGTCTCGTGTGAGTTAGA: TTCCTACGTCTCGTGTGAGTTAGAA
TGTCCACAGCACGTCGATAAAATGG: GTCCACAGCACGTCGATAAAATGGC
ATAGGATTAGGCAGAAGACATTGAA: TAGGATTAGGCAGAAGACATTGAAC
CGCCCCCACCTTTAGATGAATCGTT: GCCCCCACCTTTAGATGAATCGTTG
GTACTGACTCGGCTTCTTGCAGTCC: TACTGACTCGGCTTCTTGCAGTCCT
TGCACTCGAAATTCCGCCGTCAACC: GCACTCGAAATTCCGCCGTCAACCG
TTAGCCCCCGAGGCCATTGGCAAGG: TAGCCCCCGAGGCCATTGGCAAGGC
AGACTGAGATCTAATCTCGGTGGTC: GACTGAGATCTAATCTCGGTGGTCT
AAGACCTAAACAGAACAACGCCATC: AGACCTAAACAGAACAACGCCATCT
TATAGGGTCCTCACTAAGCACTTTC: ATAGGGTCCTCACTAAGCACTTTCA
AGCACGTCCGAACAGTATTGTCGTA: GCACGTCCGAACAGTATTGTCGTAC
AATAAGCTGGCCAAACGGAGAATAA: ATAAGCTGGCCAAACGGAGAATAAC
CTTGTTCGGTAAGGCAATCCAGCGC: TTGTTCGGTAAGGCAATCCAGCGCC
CAAAAAATGTCCTCGAGCACGGACC: AAAAAATGTCCTCGAGCACGGACCC
GATCCTTATTGACGTTTGCATTATA: ATCCTTATTGACGTTTGCATTATAA
GAGCTGAATAAGTGAAACAAAGCAC: AGCTGAATAAGTGAAACAAAGCACG
TCAAGAAACAGACAATTCTCAGAAG: CAAGAAACAGACAATTCTCAGAAGT
CGGACGAAGATAGAATTGTAGGAGA: GGACGAAGATAGAATTGTAGGAGAA
AGAACTTTACGTCGATGCCTTCCTA: GAACTTTACGTCGATGCCTTCCTAT
CGAACTGGCGATGCACCGCTGTTAG: GAACTGGCGATGCACCGCTGTTAGA
CAAGCGCGAACTTGAGCGCTGTTGA: AAGCGCGAACTTGAGCGCTGTTGAT
TGTGCTATGTCTGTTGATGGAATGC: GTGCTATGTCTGTTGATGGAATGCA
TTGTCTCCCACCGGTGGTCAGTACA: TGTCTCCCACCGGTGGTCAGTACAT
AAACACAAATTGTGTTGCCGTGGCG: AACACAAATTGTGTTGCCGTGGCGA
TGGTAAATCTGTTCTTATGAGATAT: GGTAAATCTGTTCTTATGAGATATA
AAAGCATATTTATAGGGTCCTCACT: AAGCATATTTATAGGGTCCTCACTA
CCGAGGCCATTGGCAAGGCAGTTAG: CGAGGCCATTGGCAAGGCAGTTAGT
TCCTACGTACGGCTAGACCCGCGCC: CCTACGTACGGCTAGACCCGCGCCA
GGGAGTTGCTTACCCTCCCGCCCAC: GGAGTTGCTTACCCTCCCGCCCACG
GCCGATTTGCTATCCACGGTCCTAT: CCGATTTGCTATCCACGGTCCTATC
GAACTGGCTTGCATGTCCCAACGTG: AACTGGCTTGCATGTCCCAACGTGC
CAGTCGACCAGTGGAACTGCAGAGG: AGTCGACCAGTGGAACTGCAGAGGT
CGGCCTTTTACACGCGGCTCACGAG: GGCCTTTTACACGCGGCTCACGAGA
TATTGGGAGTAACTGGCTCACACTA: ATTGGGAGTAACTGGCTCACACTAC
CGGGATGGAATTCCTGAATCTGGCC: GGGATGGAATTCCTGAATCTGGCCC
GATTTTGAAGCCATAGCCACCGGGC: ATTTTGAAGCCATAGCCACCGGGCG
AGAGGACTCTCCGAGTATTTTTGGG: GAGGACTCTCCGAGTATTTTTGGGC
GAGTCTGGGAACGAGCGGGGCCCCC: AGTCTGGGAACGAGCGGGGCCCCCC
AATGCAGGCAACCTAACTATGTCGC: ATGCAGGCAACCTAACTATGTCGCA
AGCAAACATGAGCGCCCGGACACAC: GCAAACATGAGCGCCCGGACACACA
CACTAGCACGTACTCGTACACCGAC: ACTAGCACGTACTCGTACACCGACA
ATGAGATATATGTGTCATCTCGGCC: TGAGATATATGTGTCATCTCGGCCC
CAGACTTTCTAGAGCACAATCATAT: AGACTTTCTAGAGCACAATCATATT
AGATTCTGTATTTAGATATGTATTT: GATTCTGTATTTAGATATGTATTTC
CCGGGTACTCAATTGTTTGTAATCA: CGGGTACTCAATTGTTTGTAATCAT
AGTTCAATCAAGTCACACGCCAAAT: GTTCAATCAAGTCACACGCCAAATA
GGGGAGCCCATGAGACCCCTTAGTA: GGGAGCCCATGAGACCCCTTAGTAA
GTACTGACATGCGTCCTGAGCTAAA: TACTGACATGCGTCCTGAGCTAAAG
GCCCAGCAGAGCGGACACTCTTATC: CCCAGCAGAGCGGACACTCTTATCA
TTGTGGGTCGTATATACCAATATTA: TGTGGGTCGTATATACCAATATTAG
CGGTGGACATGGGCAGTTCAATCAA: GGTGGACATGGGCAGTTCAATCAAG
ATTTTGAAGCCATAGCCACCGGGCG: TTTTGAAGCCATAGCCACCGGGCGT
AATTCCGCCGTCAACCGCTAAAGCA: ATTCCGCCGTCAACCGCTAAAGCAT
TATTTTCACGCTCCACAGTCTCCCT: ATTTTCACGCTCCACAGTCTCCCTT
CCCCGCCGATTTGCTATCCACGGTC: CCCGCCGATTTGCTATCCACGGTCC
TTAGAATATCGCCCGAAGGCGGGAT: TAGAATATCGCCCGAAGGCGGGATG
TTGTCCACAGCACGTCGATAAAATG: TGTCCACAGCACGTCGATAAAATGG
CCACGTTGGCACTATCGCCTAAGGT: CACGTTGGCACTATCGCCTAAGGTC
GTGACAGTCGTAACGGCCCGGTACA: TGACAGTCGTAACGGCCCGGTACAT
ATGAGCCTCATAAAATAGCCATGAC: TGAGCCTCATAAAATAGCCATGACG
TCCGAACAGTATTGTCGTACGTCAA: CCGAACAGTATTGTCGTACGTCAAG
TCCTCACATGGCCATCGGACGAAGA: CCTCACATGGCCATCGGACGAAGAT
AAGTGAAACAAAGCACGTCCGAACA: AGTGAAACAAAGCACGTCCGAACAG
TTAAGCACGGACTCCACGACGTATA: TAAGCACGGACTCCACGACGTATAT
TTTCATCTCCTAGCGACCCATTCGC: TTCATCTCCTAGCGACCCATTCGCG
CATCTCGGACGGGGTCGGCAACTGC: ATCTCGGACGGGGTCGGCAACTGCA
GAAGAAATATGAGTCGCTAATCATG: AAGAAATATGAGTCGCTAATCATGC
CGACTTGGCCACCGCCCTGACCTCG: GACTTGGCCACCGCCCTGACCTCGC
GGTAGAATCATTGTCTCCCACCGGT: GTAGAATCATTGTCTCCCACCGGTG
TCTAATCTCGGTGGTCTCTCGACGG: CTAATCTCGGTGGTCTCTCGACGGG
CAGATGTGAGACTCGAAAATACGTC: AGATGTGAGACTCGAAAATACGTCT
CAGTCCTACAGCAGGCCTTGATGCT: AGTCCTACAGCAGGCCTTGATGCTT
CCATGACGGTTAAATCTGAAGGACA: CATGACGGTTAAATCTGAAGGACAA
GCGTACTGACATGCGTCCTGAGCTA: CGTACTGACATGCGTCCTGAGCTAA
CCGCTAGCTGCTGTTTATCTCACGT: CGCTAGCTGCTGTTTATCTCACGTC
TATATGCTCGGTCACCGAAAACCTA: ATATGCTCGGTCACCGAAAACCTAT
CTCTCGACGGGCAACCACGGGGAAT: TCTCGACGGGCAACCACGGGGAATT
GCGTGTCCGACTGATCCTCAACATT: CGTGTCCGACTGATCCTCAACATTC
GAATCCTGACAGAAATTAGAAGGGA: AATCCTGACAGAAATTAGAAGGGAG
AGTACACTCCCAACTCTTGGTAAAT: GTACACTCCCAACTCTTGGTAAATC
ATGCGGCTACTATATACCGTTCTGG: TGCGGCTACTATATACCGTTCTGGC
GGGTACTCAATTGTTTGTAATCATG: GGTACTCAATTGTTTGTAATCATGC
AGTAACTGGCTCACACTACCCTAGA: GTAACTGGCTCACACTACCCTAGAT
ATGTGTCATCTCGGCCCTTACTTCA: TGTGTCATCTCGGCCCTTACTTCAG
ATACCAGCCTGCACAGACTGAAGTC: TACCAGCCTGCACAGACTGAAGTCA
TAGCAACGTTCTCTCCCTACGTGCC: AGCAACGTTCTCTCCCTACGTGCCT
TAGCACGTACTCGTACACCGACACG: AGCACGTACTCGTACACCGACACGA
GCTGGCCTTGTTGCGCAAAACCTGG: CTGGCCTTGTTGCGCAAAACCTGGA
ACTTAACGGCAAATGGAGTTTGCAG: CTTAACGGCAAATGGAGTTTGCAGA
ATGTCGGTTAAAGCCACTGTCTGAA: TGTCGGTTAAAGCCACTGTCTGAAT
GATCCTGCGCCCTTTCTGCAAGCCG: ATCCTGCGCCCTTTCTGCAAGCCGT
CCACGACGTATATGCTCGGTCACCG: CACGACGTATATGCTCGGTCACCGA
ATAGGATCGAGGGAGTCGATACATC: TAGGATCGAGGGAGTCGATACATCA
GACTTCTTTACGGCTCAAGCCACGT: ACTTCTTTACGGCTCAAGCCACGTT
CCATGACGTTTGAAGAAATATGAGT: CATGACGTTTGAAGAAATATGAGTC
TAGCAGGAAAACCCAGTCGGGGGGT: AGCAGGAAAACCCAGTCGGGGGGTC
CCTCGAGAACTTTACGTCGATGCCT: CTCGAGAACTTTACGTCGATGCCTT
ACATGGCTATGGAGATGATTAATTC: CATGGCTATGGAGATGATTAATTCT
CGTCTACCTTCCGGGAATGAGTCCC: GTCTACCTTCCGGGAATGAGTCCCC
AACCTATTTATGCCGAGAGCGACTA: ACCTATTTATGCCGAGAGCGACTAC
CGTCGATAAAATGGCGGGCATTCTG: GTCGATAAAATGGCGGGCATTCTGT
GCTGGTTGGGACTGGCTGAATCCTC: CTGGTTGGGACTGGCTGAATCCTCA
TTTTTGGGCGTTTCTGCATGTTTAC: TTTTGGGCGTTTCTGCATGTTTACT
TTCTTTACGGCTCAAGCCACGTTGG: TCTTTACGGCTCAAGCCACGTTGGC
CCAAATATGGTACAAAACTTCGAAA: CAAATATGGTACAAAACTTCGAAAT
TTATTGACGTTTGCATTATAAAACT: TATTGACGTTTGCATTATAAAACTC
CCATTGCACCTCCGTGACCAAACTG: CATTGCACCTCCGTGACCAAACTGG
TGTTATATTGTGTCGTGAGGGTGAC: GTTATATTGTGTCGTGAGGGTGACT
CATTTCTTATCAACATCGTCAGAAG: ATTTCTTATCAACATCGTCAGAAGT
ATCATGCGGCTACTATATACCGTTC: TCATGCGGCTACTATATACCGTTCT
ATTTCCTACGTCTCGTGTGAGTTAG: TTTCCTACGTCTCGTGTGAGTTAGA
GTAACGGCCCGGTACATTTCTTATC: TAACGGCCCGGTACATTTCTTATCA
CACGGATTTTGAAGCCATAGCCACC: ACGGATTTTGAAGCCATAGCCACCG
GGTGGCCTAACCACGACTTGGCCAC: GTGGCCTAACCACGACTTGGCCACC
TTGTCATCACGGACCATTGCACCTC: TGTCATCACGGACCATTGCACCTCC
GCTATAGTCGAATCGGCTGACTGAC: CTATAGTCGAATCGGCTGACTGACC
CCTAATCATCAAGAAACAGACAATT: CTAATCATCAAGAAACAGACAATTC
AGGAAATAACGGTTTACGGCTTTGT: GGAAATAACGGTTTACGGCTTTGTA
GAGCGCTGTTGATGGATTTTCCTAG: AGCGCTGTTGATGGATTTTCCTAGG
CGTTCCTCACATGGCCATCGGACGA: GTTCCTCACATGGCCATCGGACGAA
TCTGTTGATGGAATGCATGGATAAG: CTGTTGATGGAATGCATGGATAAGG
CAATGGAGTTATAGGATCGAGGGAG: AATGGAGTTATAGGATCGAGGGAGT
CTCTTCGCAGTGAATCCTAGTGAAT: TCTTCGCAGTGAATCCTAGTGAATA
GAAGTGACTTAAGAACGCCTTTCCC: AAGTGACTTAAGAACGCCTTTCCCG
CAGTGAATCCTAGTGAATAAGAATC: AGTGAATCCTAGTGAATAAGAATCA
GGCGATTCATTGCAGCCCACCCTAG: GCGATTCATTGCAGCCCACCCTAGC
TGTTATTTCCTACGTCTCGTGTGAG: GTTATTTCCTACGTCTCGTGTGAGT
AGCAGCTGTTGGTGGGTGACTTAAG: GCAGCTGTTGGTGGGTGACTTAAGC
TCCTAGCAGACATCGGGACCGACAA: CCTAGCAGACATCGGGACCGACAAG
GATATGTATTTCAGCGATGTCGGTT: ATATGTATTTCAGCGATGTCGGTTA
TTTAATCACGAAGTCTGCGATTGAT: TTAATCACGAAGTCTGCGATTGATT
AATGCATGGATAAGGGGTGAGATCT: ATGCATGGATAAGGGGTGAGATCTT
GTAATTAATTTTATGCCCGGACAGA: TAATTAATTTTATGCCCGGACAGAT
GGAGAATAACTAAATCTATACCAAT: GAGAATAACTAAATCTATACCAATG
GGACTCTCCGAGTATTTTTGGGCGT: GACTCTCCGAGTATTTTTGGGCGTT
GTCCGACTGATCCTCAACATTCACG: TCCGACTGATCCTCAACATTCACGT
AGCCCCTCCGAGCTCTGTAGCTGTC: GCCCCTCCGAGCTCTGTAGCTGTCA
TAGCTGTCACTACGGCTTGGCCCCC: AGCTGTCACTACGGCTTGGCCCCCG
TGGCAAGGCAGTTAGTAGATGTCCT: GGCAAGGCAGTTAGTAGATGTCCTA
GCCTAGCTGCTACGTGAGTACCACC: CCTAGCTGCTACGTGAGTACCACCG
CGTGACCAAACTGGGTTGTTATATT: GTGACCAAACTGGGTTGTTATATTG
AAGCCGAGCTATTTTAGACGGCACC: AGCCGAGCTATTTTAGACGGCACCT
AAGCCTTCGGCCGAGACGGGTTTAA: AGCCTTCGGCCGAGACGGGTTTAAA
GGCGTGCGACCCAGCAAATATAACA: GCGTGCGACCCAGCAAATATAACAC
TGGGCATTAACCCTACTAGACACGG: GGGCATTAACCCTACTAGACACGGA
CCCTTACTTCAGTGGCAAATTGACC: CCTTACTTCAGTGGCAAATTGACCC
CGTTCCTCAAGAGGACTCTCCGAGT: GTTCCTCAAGAGGACTCTCCGAGTA
AACGCCGCACCAAACAACTCTAGAT: ACGCCGCACCAAACAACTCTAGATG
ACGTTCTCTCCCTACGTGCCTAGCT: CGTTCTCTCCCTACGTGCCTAGCTG
CCTATGTAAACGGACCCACAGCGTT: CTATGTAAACGGACCCACAGCGTTT
AGGCACTTCGGCGCCGAGCAATGGA: GGCACTTCGGCGCCGAGCAATGGAT
CGAATCCTGACAGAAATTAGAAGGG: GAATCCTGACAGAAATTAGAAGGGA
CAGTTCAATCAAGTCACACGCCAAA: AGTTCAATCAAGTCACACGCCAAAT
TGGGTTGTTATATTGTGTCGTGAGG: GGGTTGTTATATTGTGTCGTGAGGG
CCTAGCTGCTACGTGAGTACCACCG: CTAGCTGCTACGTGAGTACCACCGC
TTTCGAAGTTCAACCGAACTGGCTT: TTCGAAGTTCAACCGAACTGGCTTG
GCCAAATATGGTACAAAACTTCGAA: CCAAATATGGTACAAAACTTCGAAA
ATTTGGTAGTTGCTTCTATTCATGG: TTTGGTAGTTGCTTCTATTCATGGA
GCGACCCAGCAAATATAACACAATT: CGACCCAGCAAATATAACACAATTT
ATACCGTTAATATCTCCTGTACGGT: TACCGTTAATATCTCCTGTACGGTC
GTGAAACAAAGCACGTCCGAACAGT: TGAAACAAAGCACGTCCGAACAGTA
ACGATCATTCCCTATGATCAAACGC: CGATCATTCCCTATGATCAAACGCC
CGTGACATGGAAATCACACTGATGA: GTGACATGGAAATCACACTGATGAG
AACTGCAGAGGTGGCCTAACCACGA: ACTGCAGAGGTGGCCTAACCACGAC
ACGGTCTTCACAGCATCTAGCGGCG: CGGTCTTCACAGCATCTAGCGGCGT
GTGACACCCCATCCTAGCAGACATC: TGACACCCCATCCTAGCAGACATCG
CAGCATCTAGCGGCGTGCGACCCAG: AGCATCTAGCGGCGTGCGACCCAGC
GAACGATGCCTGTACGCCTTTCGAA: AACGATGCCTGTACGCCTTTCGAAG
GAAGTCTGCGATTGATTTTCGTCAG: AAGTCTGCGATTGATTTTCGTCAGG
GCCATGGTATTGCCCATCGTGATGC: CCATGGTATTGCCCATCGTGATGCC
TTCGCGTGGGGACTCTGGCTATCTT: TCGCGTGGGGACTCTGGCTATCTTC
CTATCGCCCAGTGGAGGCACTTCGG: TATCGCCCAGTGGAGGCACTTCGGC
TGGACATGGGCAGTTCAATCAAGTC: GGACATGGGCAGTTCAATCAAGTCA
GATCTAATCTCGGTGGTCTCTCGAC: ATCTAATCTCGGTGGTCTCTCGACG
GAGAGCGACTACGTGCTTTGATACA: AGAGCGACTACGTGCTTTGATACAG
CACTTCCTCCATAGGATTAGGCAGA: ACTTCCTCCATAGGATTAGGCAGAA
CCTAGTGAATAAGAATCAGCCCCTT: CTAGTGAATAAGAATCAGCCCCTTG
CCGGTACATTTCTTATCAACATCGT: CGGTACATTTCTTATCAACATCGTC
ATCCTAGCAGACATCGGGACCGACA: TCCTAGCAGACATCGGGACCGACAA
TTGGCCACCGCCCTGACCTCGCCGC: TGGCCACCGCCCTGACCTCGCCGCA
ACACGGATTTTGAAGCCATAGCCAC: CACGGATTTTGAAGCCATAGCCACC
AAAAATGTCCTCGAGCACGGACCCG: AAAATGTCCTCGAGCACGGACCCGC
GACAGATTCTGTATTTAGATATGTA: ACAGATTCTGTATTTAGATATGTAT
TGACCCACTGCTAAGCGACCTCTTC: GACCCACTGCTAAGCGACCTCTTCG
GCAAACATGAGCGCCCGGACACACA: CAAACATGAGCGCCCGGACACACAT
ATGAGTTAATTCGCACTGATTGATT: TGAGTTAATTCGCACTGATTGATTG
CTTTCGCTTGTCTGCCCGAACTAGC: TTTCGCTTGTCTGCCCGAACTAGCT
AAAACAACATCTTAGCCCCCGAGGC: AAACAACATCTTAGCCCCCGAGGCC
TCAAATTCTCTGAGTCAGTGGCGCT: CAAATTCTCTGAGTCAGTGGCGCTC
CACTCGAAATTCCGCCGTCAACCGC: ACTCGAAATTCCGCCGTCAACCGCT
CCCTATGATCAAACGCCGCACCAAA: CCTATGATCAAACGCCGCACCAAAC
GCAACTGCAAATTTGTTACTTGCCC: CAACTGCAAATTTGTTACTTGCCCT
ATTTGTAGTACTCAGATAACACTGG: TTTGTAGTACTCAGATAACACTGGA
AGCCTTCGGCCGAGACGGGTTTAAA: GCCTTCGGCCGAGACGGGTTTAAAT
TACATTTTATAACCAGGCGCGACAC: ACATTTTATAACCAGGCGCGACACG
TGCACAGGGACTCACTAAAGCATAT: GCACAGGGACTCACTAAAGCATATT
GTAGAAAAAGGCCTTACGGCTGCAG: TAGAAAAAGGCCTTACGGCTGCAGG
CGACGTCGTGCGTACTGACATGCGT: GACGTCGTGCGTACTGACATGCGTC
CGCCGATTTGCTATCCACGGTCCTA: GCCGATTTGCTATCCACGGTCCTAT
GAACTTTACGTCGATGCCTTCCTAT: AACTTTACGTCGATGCCTTCCTATT
CCCTTAGGTATCTGACAACATCCAG: CCTTAGGTATCTGACAACATCCAGG
AGGTATCTGACAACATCCAGGGCAG: GGTATCTGACAACATCCAGGGCAGC
TCGATCTAAACTCGATTTTATGATC: CGATCTAAACTCGATTTTATGATCC
TATTATCCGGTACATCTCCGTAGGG: ATTATCCGGTACATCTCCGTAGGGC
CCGGGAATGAGTCCCCATCGAGCGT: CGGGAATGAGTCCCCATCGAGCGTT
TATCTTCCTCTGGTTGTTTGAACTG: ATCTTCCTCTGGTTGTTTGAACTGG
GGGGGAGCCCATGAGACCCCTTAGT: GGGGAGCCCATGAGACCCCTTAGTA
AAATCGCCGCATCCCTATTCGACAT: AATCGCCGCATCCCTATTCGACATG
TCCCACTGGGAATAACATCAACACG: CCCACTGGGAATAACATCAACACGC
GAACTTGAGCGCTGTTGATGGATTT: AACTTGAGCGCTGTTGATGGATTTT
AAGGCCGCAGGCAGATGTGAGACTC: AGGCCGCAGGCAGATGTGAGACTCG
AGTACGGCCTTGTGGTCCAACCCCT: GTACGGCCTTGTGGTCCAACCCCTA
TAAACTCGATTTTATGATCCTTATT: AAACTCGATTTTATGATCCTTATTG
TTCGCTTGTCTGCCCGAACTAGCTA: TCGCTTGTCTGCCCGAACTAGCTAC
CATGCCTGCACTCGAAATTCCGCCG: ATGCCTGCACTCGAAATTCCGCCGT
CACAAATTGTGTTGCCGTGGCGATC: ACAAATTGTGTTGCCGTGGCGATCC
TCTACCTTCCGGGAATGAGTCCCCA: CTACCTTCCGGGAATGAGTCCCCAT
TAGTATGCTCGGATCACGGTATTGT: AGTATGCTCGGATCACGGTATTGTA
GTATGAGCCTCATAAAATAGCCATG: TATGAGCCTCATAAAATAGCCATGA
CCCCCACCTTTAGATGAATCGTTGA: CCCCACCTTTAGATGAATCGTTGAC
AAGGGGTGAGATCTTATCGATCTAA: AGGGGTGAGATCTTATCGATCTAAA
GTAAGGCAATCCAGCGCCCCGCTAG: TAAGGCAATCCAGCGCCCCGCTAGC
GTAGATGTCCTACGTACGGCTAGAC: TAGATGTCCTACGTACGGCTAGACC
GTTAGTAGATGTCCTACGTACGGCT: TTAGTAGATGTCCTACGTACGGCTA
GCGCCTGTTATTTCCTACGTCTCGT: CGCCTGTTATTTCCTACGTCTCGTG
CATTCTGTGCTCGCCATGCTAGGAC: ATTCTGTGCTCGCCATGCTAGGACG
CCTGTTATTTCCTACGTCTCGTGTG: CTGTTATTTCCTACGTCTCGTGTGA
TTCGGTGCCTGTAGCGTTTGGTTCG: TCGGTGCCTGTAGCGTTTGGTTCGG
CGAGCGGGGCCCCCCACCACCGTCC: GAGCGGGGCCCCCCACCACCGTCCT
GGCATTGGGATCAGCCGGAGCGGTT: GCATTGGGATCAGCCGGAGCGGTTT
TTGGGAAACAGTTAGAACGATGCCT: TGGGAAACAGTTAGAACGATGCCTG
GGTACATTTCTTATCAACATCGTCA: GTACATTTCTTATCAACATCGTCAG
GTATGCTCGGATCACGGTATTGTAG: TATGCTCGGATCACGGTATTGTAGC
AAATGCCCGCTCGGCCTCAAAAAAT: AATGCCCGCTCGGCCTCAAAAAATG
CCCCCGAGGCCATTGGCAAGGCAGT: CCCCGAGGCCATTGGCAAGGCAGTT
TGACTAAGTTCTCACAGTGTGACAA: GACTAAGTTCTCACAGTGTGACAAG
TGGCCCCCGGGTACTCAATTGTTTG: GGCCCCCGGGTACTCAATTGTTTGT
CCAAGGCACATATGGGCAGGCGCCT: CAAGGCACATATGGGCAGGCGCCTC
CAGACATCTCCAGACTGAGATCTAA: AGACATCTCCAGACTGAGATCTAAT
TGGGCAGTTCAATCAAGTCACACGC: GGGCAGTTCAATCAAGTCACACGCC
CGATTCATTGCAGCCCACCCTAGCA: GATTCATTGCAGCCCACCCTAGCAA
TTAGCCCTTCTCCCACTGGGAATAA: TAGCCCTTCTCCCACTGGGAATAAC
TTTCGCTTGTCTGCCCGAACTAGCT: TTCGCTTGTCTGCCCGAACTAGCTA
CAGACAATTCTCAGAAGTCGTCATG: AGACAATTCTCAGAAGTCGTCATGG
GAAGCCCGAGCCTATGTAAACGGAC: AAGCCCGAGCCTATGTAAACGGACC
ATCCAGGGCAGCTAGCGCTCAAACA: TCCAGGGCAGCTAGCGCTCAAACAT
GTATCTGACAACATCCAGGGCAGCT: TATCTGACAACATCCAGGGCAGCTA
TGATTGATTGATTTAGCTTGTGGGT: GATTGATTGATTTAGCTTGTGGGTC
CAGGCAGATGTGAGACTCGAAAATA: AGGCAGATGTGAGACTCGAAAATAC
CCCCATCGAGCGTTCCAAATGCCCG: CCCATCGAGCGTTCCAAATGCCCGC
GATGTCGCGTTAGCCCTTCTCCCAC: ATGTCGCGTTAGCCCTTCTCCCACT
GCTCGGTCACCGAAAACCTATTTAT: CTCGGTCACCGAAAACCTATTTATG
GGCCGGCGGGATAAGGGAAATAAGG: GCCGGCGGGATAAGGGAAATAAGGT
ACCAAACAACTCTAGATGTACTTAT: CCAAACAACTCTAGATGTACTTATC
AGATGATGTGCTACTTAACGGCAAA: GATGATGTGCTACTTAACGGCAAAT
AACATCAACACGCTGGTTGGGACTG: ACATCAACACGCTGGTTGGGACTGG
CACAGCACGTCGATAAAATGGCGGG: ACAGCACGTCGATAAAATGGCGGGC
CGTGCGACCCAGCAAATATAACACA: GTGCGACCCAGCAAATATAACACAA
CCACCGTCCTAATCATCAAGAAACA: CACCGTCCTAATCATCAAGAAACAG
ATGATCAAACGCCGCACCAAACAAC: TGATCAAACGCCGCACCAAACAACT
GGTGACTTAAGCACGGACTCCACGA: GTGACTTAAGCACGGACTCCACGAC
CCGATTTGCTATCCACGGTCCTATC: CGATTTGCTATCCACGGTCCTATCG
GCATTAACCCTACTAGACACGGATT: CATTAACCCTACTAGACACGGATTT
CAATCTTTAGTCGCTGATATGTCCT: AATCTTTAGTCGCTGATATGTCCTT
GAAATTCAGTCGACCAGTGGAACTG: AAATTCAGTCGACCAGTGGAACTGC
GTTCCTCAAGAGGACTCTCCGAGTA: TTCCTCAAGAGGACTCTCCGAGTAT
GAAGGCGGGATGGAATTCCTGAATC: AAGGCGGGATGGAATTCCTGAATCT
AACAACTTTACGAATCCTGACAGAA: ACAACTTTACGAATCCTGACAGAAA
GTGTCGGCCGGGCATTGGAAATTTC: TGTCGGCCGGGCATTGGAAATTTCG
ACCCACTGCTAAGCGACCTCTTCGC: CCCACTGCTAAGCGACCTCTTCGCA
CCCACCCTAGCAACGTTCTCTCCCT: CCACCCTAGCAACGTTCTCTCCCTA
CTATGGTCAAAAGTACACTCCCAAC: TATGGTCAAAAGTACACTCCCAACT
CTGATATGTCCTTGCGGCCCCGCCG: TGATATGTCCTTGCGGCCCCGCCGA
TGGAAATTTCGCTTTCGCTTGTCTG: GGAAATTTCGCTTTCGCTTGTCTGC
CGAGTGAGATGATGTGCTACTTAAC: GAGTGAGATGATGTGCTACTTAACG
AAATATCCGGTTAAGACCTAAACAG: AATATCCGGTTAAGACCTAAACAGA
GACTTAAGAACGCCTTTCCCGGCGT: ACTTAAGAACGCCTTTCCCGGCGTG
TGGCCTTGTTGCGCAAAACCTGGAT: GGCCTTGTTGCGCAAAACCTGGATT
TTGATGTCGCGTTAGCCCTTCTCCC: TGATGTCGCGTTAGCCCTTCTCCCA
TTTAGTGGTTCCGCACGACCTCATT: TTAGTGGTTCCGCACGACCTCATTA
GTGCGACCCAGCAAATATAACACAA: TGCGACCCAGCAAATATAACACAAT
GACTCGGCTTCTTGCAGTCCTACAG: ACTCGGCTTCTTGCAGTCCTACAGC
TTCGGCAGGCCGGCGGGATAAGGGA: TCGGCAGGCCGGCGGGATAAGGGAA
GGTTCGGATAAAATCGCCGCATCCC: GTTCGGATAAAATCGCCGCATCCCT
TTTGCAGATAAGACGTTCCTCAAGA: TTGCAGATAAGACGTTCCTCAAGAG
AAATGGAGTTTGCAGATAAGACGTT: AATGGAGTTTGCAGATAAGACGTTC
CAGTACATTTTATAACCAGGCGCGA: AGTACATTTTATAACCAGGCGCGAC
GGCAACCACGGGGAATTGAATGCAG: GCAACCACGGGGAATTGAATGCAGG
TTTTCTTTAGATCGTGGAAAGCGTG: TTTCTTTAGATCGTGGAAAGCGTGC
GCTGAATAAGTGAAACAAAGCACGT: CTGAATAAGTGAAACAAAGCACGTC
TACGCCTTTCGAAGTTCAACCGAAC: ACGCCTTTCGAAGTTCAACCGAACT
AGAAATTAGAAGGGAGTTGCTTACC: GAAATTAGAAGGGAGTTGCTTACCC
TGTTGCGCAAAACCTGGATTAGTGG: GTTGCGCAAAACCTGGATTAGTGGG
GGAGCGGTTTGACGTATACACTGTA: GAGCGGTTTGACGTATACACTGTAG
CTCATTACATCAAACTCTCAGAGCC: TCATTACATCAAACTCTCAGAGCCA
CGCTAGCTGCTGTTTATCTCACGTC: GCTAGCTGCTGTTTATCTCACGTCT
TGACTATTATCCGGTACATCTCCGT: GACTATTATCCGGTACATCTCCGTA
CGGTCGACACTCTGGCCAAGGCACA: GGTCGACACTCTGGCCAAGGCACAT
GCAGTCCTACAGCAGGCCTTGATGC: CAGTCCTACAGCAGGCCTTGATGCT
AGATGTACTTATCGCATAATCACTG: GATGTACTTATCGCATAATCACTGC
CGTGCTTATCCCTTAGGTATCTGAC: GTGCTTATCCCTTAGGTATCTGACA
ATCTCCTAGCGACCCATTCGCGTGG: TCTCCTAGCGACCCATTCGCGTGGG
AAAATCGCCGCATCCCTATTCGACA: AAATCGCCGCATCCCTATTCGACAT
CCGAGCTCTGTAGCTGTCACTACGG: CGAGCTCTGTAGCTGTCACTACGGC
GTGAGATGATGTGCTACTTAACGGC: TGAGATGATGTGCTACTTAACGGCA
TTGATTGATTTAGCTTGTGGGTCGT: TGATTGATTTAGCTTGTGGGTCGTA
TGGTATTGCCCATCGTGATGCCCGA: GGTATTGCCCATCGTGATGCCCGAG
CACATGGCTATGGAGATGATTAATT: ACATGGCTATGGAGATGATTAATTC
CTACCACCGCCAGAAGCCGAGCTAT: TACCACCGCCAGAAGCCGAGCTATT
GGCGTAAAGCTGTCACCAGTCTCTA: GCGTAAAGCTGTCACCAGTCTCTAG
GTAGTATACCGTTAATATCTCCTGT: TAGTATACCGTTAATATCTCCTGTA
TCAGTACATTTTATAACCAGGCGCG: CAGTACATTTTATAACCAGGCGCGA
TTACGCCCAGCAGAGCGGACACTCT: TACGCCCAGCAGAGCGGACACTCTT
TAGCAGACATCGGGACCGACAAGCA: AGCAGACATCGGGACCGACAAGCAG
TTGACATTGACAACGGCTTTGACTA: TGACATTGACAACGGCTTTGACTAT
TGATTTTCGTCAGGCGCCTAGCTAC: GATTTTCGTCAGGCGCCTAGCTACT
CAGCTGTTGGTGGGTGACTTAAGCA: AGCTGTTGGTGGGTGACTTAAGCAC
AGACTTTCTAGAGCACAATCATATT: GACTTTCTAGAGCACAATCATATTT
ACGGTTTACGGCTTTGTAAAAGAGG: CGGTTTACGGCTTTGTAAAAGAGGC
CGCTCGGCCTCAAAAAATGTCCTCG: GCTCGGCCTCAAAAAATGTCCTCGA
CTGCCTATAGTTACGTTCCTCACAT: TGCCTATAGTTACGTTCCTCACATG
CTGGTTGTTTGAACTGGTGAGTTTA: TGGTTGTTTGAACTGGTGAGTTTAA
ATTATATCGCGGTTACAAACCATTG: TTATATCGCGGTTACAAACCATTGG
GCAGCCCACCCTAGCAACGTTCTCT: CAGCCCACCCTAGCAACGTTCTCTC
GAATCCTCATAACTTGCGGACGGCA: AATCCTCATAACTTGCGGACGGCAT
CGATCATTCCCTATGATCAAACGCC: GATCATTCCCTATGATCAAACGCCG
CTACGGGGGCGTAGCAAACATGAGC: TACGGGGGCGTAGCAAACATGAGCG
CTGGCTCACACTACCCTAGATGGAA: TGGCTCACACTACCCTAGATGGAAA
AATACGTCTAATACCAGCCTGCACA: ATACGTCTAATACCAGCCTGCACAG
AGTCACCAGCCGCGGGACTTCTTTA: GTCACCAGCCGCGGGACTTCTTTAC
AACTCTCAGAGCCATGACGTTTGAA: ACTCTCAGAGCCATGACGTTTGAAG
ACAATCATATTTTCACGCTCCACAG: CAATCATATTTTCACGCTCCACAGT
CCTGCGCCCTTTCTGCAAGCCGTAT: CTGCGCCCTTTCTGCAAGCCGTATG
TAGGCAGAAGACATTGAACGTTATT: AGGCAGAAGACATTGAACGTTATTA
TACCGTTAATATCTCCTGTACGGTC: ACCGTTAATATCTCCTGTACGGTCG
TTAATAGCGGCCTTTTACACGCGGC: TAATAGCGGCCTTTTACACGCGGCT
GCTCGTTAGCTTAACAACTTTACGA: CTCGTTAGCTTAACAACTTTACGAA
TCAGGTGAATGGATTAATAGCGGCC: CAGGTGAATGGATTAATAGCGGCCT
AAATAGCCATGACGGTTAAATCTGA: AATAGCCATGACGGTTAAATCTGAA
AGCCGAGCTATTTTAGACGGCACCT: GCCGAGCTATTTTAGACGGCACCTT
GACATAACCAACGACACTTCCTCCA: ACATAACCAACGACACTTCCTCCAT
GCAGGCCGGCGGGATAAGGGAAATA: CAGGCCGGCGGGATAAGGGAAATAA
GTTAGAATATCGCCCGAAGGCGGGA: TTAGAATATCGCCCGAAGGCGGGAT
GTAGCTGTCACTACGGCTTGGCCCC: TAGCTGTCACTACGGCTTGGCCCCC
TGAGCGCCCGGACACACATGCTGTC: GAGCGCCCGGACACACATGCTGTCG
CCCGAGGTATTGGGAGTAACTGGCT: CCGAGGTATTGGGAGTAACTGGCTC
GGACTTCTTTACGGCTCAAGCCACG: GACTTCTTTACGGCTCAAGCCACGT
GAAATTTCGCTTTCGCTTGTCTGCC: AAATTTCGCTTTCGCTTGTCTGCCC
TGCAAATTTGTTACTTGCCCTCGGG: GCAAATTTGTTACTTGCCCTCGGGT
AAAGCATCAAGTCCCGAACTGGCGA: AAGCATCAAGTCCCGAACTGGCGAT
GTCGGTTAAAGCCACTGTCTGAATA: TCGGTTAAAGCCACTGTCTGAATAA
AGTCGACCAGTGGAACTGCAGAGGT: GTCGACCAGTGGAACTGCAGAGGTG
TAACACTGGATAGGCGTAAAGCTGT: AACACTGGATAGGCGTAAAGCTGTC
CAAATGGAGTTTGCAGATAAGACGT: AAATGGAGTTTGCAGATAAGACGTT
ATTATAAAACTCACAATCTTTAGTC: TTATAAAACTCACAATCTTTAGTCG
GAATCCTAGTGAATAAGAATCAGCC: AATCCTAGTGAATAAGAATCAGCCC
AAGAAACAGACAATTCTCAGAAGTC: AGAAACAGACAATTCTCAGAAGTCG
CCTCGCCACTTTGTTGATTCGGTGC: CTCGCCACTTTGTTGATTCGGTGCT
CCTCTTCGCAGTGAATCCTAGTGAA: CTCTTCGCAGTGAATCCTAGTGAAT
ATTTAAGGGGTCATCCACCATGCTA: TTTAAGGGGTCATCCACCATGCTAC
GGGCCCCCCACCACCGTCCTAATCA: GGCCCCCCACCACCGTCCTAATCAT
AGCCATAGCCACCGGGCGTCACCTG: GCCATAGCCACCGGGCGTCACCTGA
GAAACTCACATGGCTATGGAGATGA: AAACTCACATGGCTATGGAGATGAT
CTGGCCTCGAGAACTTTACGTCGAT: TGGCCTCGAGAACTTTACGTCGATG
AGCATCAAGTCCCGAACTGGCGATG: GCATCAAGTCCCGAACTGGCGATGC
TAAGCACTTTCATGAAGTACGGGTA: AAGCACTTTCATGAAGTACGGGTAG
GTCAGGTGAATGGATTAATAGCGGC: TCAGGTGAATGGATTAATAGCGGCC
AGTTGCTTACCCTCCCGCCCACGGT: GTTGCTTACCCTCCCGCCCACGGTA
CTTCTCCCACTGGGAATAACATCAA: TTCTCCCACTGGGAATAACATCAAC
GACAATTCTCAGAAGTCGTCATGGT: ACAATTCTCAGAAGTCGTCATGGTC
ACTTGCGGACGGCATTGGGATCAGC: CTTGCGGACGGCATTGGGATCAGCC
ATTTTATAACCAGGCGCGACACGTC: TTTTATAACCAGGCGCGACACGTCT
TGTTTACTTGGATTCGGTGCCTGTA: GTTTACTTGGATTCGGTGCCTGTAG
GGCTCACGAGAGGAAGTAGTCACCA: GCTCACGAGAGGAAGTAGTCACCAG
ACGGTATTGTAGCAGGAAAACCCAG: CGGTATTGTAGCAGGAAAACCCAGT
GCTGTTTATCTCACGTCTACCTTCC: CTGTTTATCTCACGTCTACCTTCCG
CATATTTATAGGGTCCTCACTAAGC: ATATTTATAGGGTCCTCACTAAGCA
CATGGGCAGTTCAATCAAGTCACAC: ATGGGCAGTTCAATCAAGTCACACG
GCAAGCCGTATGAGCCTCATAAAAT: CAAGCCGTATGAGCCTCATAAAATA
CGGCCCTTACTTCAGTGGCAAATTG: GGCCCTTACTTCAGTGGCAAATTGA
GACCTAAACAGAACAACGCCATCTC: ACCTAAACAGAACAACGCCATCTCG
CAAGGCAGTTAGTAGATGTCCTACG: AAGGCAGTTAGTAGATGTCCTACGT
TCGTGCGTACTGACATGCGTCCTGA: CGTGCGTACTGACATGCGTCCTGAG
CCACCGGTGGTCAGTACATTTTATA: CACCGGTGGTCAGTACATTTTATAA
CTTTGTTGATTCGGTGCTATCGCAC: TTTGTTGATTCGGTGCTATCGCACA
TACCCATGTTGTCCGAACGACGTCG: ACCCATGTTGTCCGAACGACGTCGT
ACGTCTATTTAAGGGGTCATCCACC: CGTCTATTTAAGGGGTCATCCACCA
CTCTGTAGCTGTCACTACGGCTTGG: TCTGTAGCTGTCACTACGGCTTGGC
GTCAATACCAGAGATCTCTGGCCTT: TCAATACCAGAGATCTCTGGCCTTA
CCGCTCGGCCTCAAAAAATGTCCTC: CGCTCGGCCTCAAAAAATGTCCTCG
ATCTAGCGGCGTGCGACCCAGCAAA: TCTAGCGGCGTGCGACCCAGCAAAT
AGACGGCACCTTCGTACGGAGTCTG: GACGGCACCTTCGTACGGAGTCTGG
GAAGTACGGGTAGGGGGGAGTGTTG: AAGTACGGGTAGGGGGGAGTGTTGT
TGGGTGACTTAAGCACGGACTCCAC: GGGTGACTTAAGCACGGACTCCACG
TATTCGACATGGTTTTAGTGGTTCC: ATTCGACATGGTTTTAGTGGTTCCG
TAATATCTCCTGTACGGTCGACACT: AATATCTCCTGTACGGTCGACACTC
TCAGTGGCAAATTGACCCACTGCTA: CAGTGGCAAATTGACCCACTGCTAA
TACAAGTAAAACAACATCTTAGCCC: ACAAGTAAAACAACATCTTAGCCCC
TTAACGTTCGGCAGGCCGGCGGGAT: TAACGTTCGGCAGGCCGGCGGGATA
ATTGGAAATTTCGCTTTCGCTTGTC: TTGGAAATTTCGCTTTCGCTTGTCT
TATCGCACACTAGCACGTACTCGTA: ATCGCACACTAGCACGTACTCGTAC
ATTCTCAGAAGTCGTCATGGTCACG: TTCTCAGAAGTCGTCATGGTCACGC
CGAGCCTATGTAAACGGACCCACAG: GAGCCTATGTAAACGGACCCACAGC
CAGGCGCGACACGTCTATTTAAGGG: AGGCGCGACACGTCTATTTAAGGGG
TAAATCTATACCAATGGAGTTATAG: AAATCTATACCAATGGAGTTATAGG
ACTAGACACGGATTTTGAAGCCATA: CTAGACACGGATTTTGAAGCCATAG
CTTGTTGCGCAAAACCTGGATTAGT: TTGTTGCGCAAAACCTGGATTAGTG
ATTGAATGCAGGCAACCTAACTATG: TTGAATGCAGGCAACCTAACTATGT
AGCGCTGTTGATGGATTTTCCTAGG: GCGCTGTTGATGGATTTTCCTAGGT
TTAGTAGATGTCCTACGTACGGCTA: TAGTAGATGTCCTACGTACGGCTAG
AGCCTATGTAAACGGACCCACAGCG: GCCTATGTAAACGGACCCACAGCGT
AACTGGGTTGTTATATTGTGTCGTG: ACTGGGTTGTTATATTGTGTCGTGA
CTCGATGGGCATTAACCCTACTAGA: TCGATGGGCATTAACCCTACTAGAC
TTTTATGCCCGGACAGATTCTGTAT: TTTATGCCCGGACAGATTCTGTATT
ACCATGCTACACACTAAGCGCATCA: CCATGCTACACACTAAGCGCATCAA
TAGAATCATTGTCTCCCACCGGTGG: AGAATCATTGTCTCCCACCGGTGGT
CACGGGGAATTGAATGCAGGCAACC: ACGGGGAATTGAATGCAGGCAACCT
TCATAACTTGCGGACGGCATTGGGA: CATAACTTGCGGACGGCATTGGGAT
GGTCCTCACTAAGCACTTTCATGAA: GTCCTCACTAAGCACTTTCATGAAG
GAATTGAATGCAGGCAACCTAACTA: AATTGAATGCAGGCAACCTAACTAT
TCCCAACTCTTGGTAAATCTGTTCT: CCCAACTCTTGGTAAATCTGTTCTT
CACACTAGCACGTACTCGTACACCG: ACACTAGCACGTACTCGTACACCGA
CACAGACTGAAGTCATTCTGTGTCG: ACAGACTGAAGTCATTCTGTGTCGG
TTATGATCCTTATTGACGTTTGCAT: TATGATCCTTATTGACGTTTGCATT
AACACGCTGGTTGGGACTGGCTGAA: ACACGCTGGTTGGGACTGGCTGAAT
CGTCAAGTACGGCCTTGTGGTCCAA: GTCAAGTACGGCCTTGTGGTCCAAC
ATCGATCTAAACTCGATTTTATGAT: TCGATCTAAACTCGATTTTATGATC
CTTATCGCATAATCACTGCCATGGT: TTATCGCATAATCACTGCCATGGTA
ACTGGGTTGTTATATTGTGTCGTGA: CTGGGTTGTTATATTGTGTCGTGAG
ACTCAGATAACACTGGATAGGCGTA: CTCAGATAACACTGGATAGGCGTAA
TTTTCCTAGGTAGAAAAAGGCCTTA: TTTCCTAGGTAGAAAAAGGCCTTAC
TCAGATAACACTGGATAGGCGTAAA: CAGATAACACTGGATAGGCGTAAAG
TGGCCTAACCACGACTTGGCCACCG: GGCCTAACCACGACTTGGCCACCGC
GACGGCATTGGGATCAGCCGGAGCG: ACGGCATTGGGATCAGCCGGAGCGG
CCAAATGCCCGCTCGGCCTCAAAAA: CAAATGCCCGCTCGGCCTCAAAAAA
ACAGCGTTTAAGGTTGGACAGTGAC: CAGCGTTTAAGGTTGGACAGTGACA
AGCAGAGCGGACACTCTTATCATGT: GCAGAGCGGACACTCTTATCATGTA
GGTCACGGTCTTCACAGCATCTAGC: GTCACGGTCTTCACAGCATCTAGCG
CGCCCTTTCTGCAAGCCGTATGAGC: GCCCTTTCTGCAAGCCGTATGAGCC
GGTCCAGACTTTCTAGAGCACAATC: GTCCAGACTTTCTAGAGCACAATCA
GGGAAACAGTTAGAACGATGCCTGT: GGAAACAGTTAGAACGATGCCTGTA
AAAAGTACACTCCCAACTCTTGGTA: AAAGTACACTCCCAACTCTTGGTAA
CAGACATCGGGACCGACAAGCAGCT: AGACATCGGGACCGACAAGCAGCTG
CATGCTAGGACGAGGAAATAACGGT: ATGCTAGGACGAGGAAATAACGGTT
GCATTGGGATCAGCCGGAGCGGTTT: CATTGGGATCAGCCGGAGCGGTTTG
ACCAGCCTGCACAGACTGAAGTCAT: CCAGCCTGCACAGACTGAAGTCATT
CTGAATAAATTTAAGAAATGAGTTA: TGAATAAATTTAAGAAATGAGTTAG
CTCCATTTAGCATCCGTCAGGTGAA: TCCATTTAGCATCCGTCAGGTGAAT
ACGGCCCGGTACATTTCTTATCAAC: CGGCCCGGTACATTTCTTATCAACA
GGAATTGAATGCAGGCAACCTAACT: GAATTGAATGCAGGCAACCTAACTA
CCATGCCTGCACTCGAAATTCCGCC: CATGCCTGCACTCGAAATTCCGCCG
GGATGGAATTCCTGAATCTGGCCCG: GATGGAATTCCTGAATCTGGCCCGT
GATTAGGCAGAAGACATTGAACGTT: ATTAGGCAGAAGACATTGAACGTTA
TTGTAAAAGAGGCGGCAAACGCAGT: TGTAAAAGAGGCGGCAAACGCAGTC
TCTTATCAACATCGTCAGAAGTGAC: CTTATCAACATCGTCAGAAGTGACT
CGGGTGCTACGGGCGCTGTTTGGTA: GGGTGCTACGGGCGCTGTTTGGTAG
TGAATGCAGGCAACCTAACTATGTC: GAATGCAGGCAACCTAACTATGTCG
CGACCCATTCGCGTGGGGACTCTGG: GACCCATTCGCGTGGGGACTCTGGC
GAGAGCCAGGGGGATTTTAGCAGAT: AGAGCCAGGGGGATTTTAGCAGATT
GATGGCGCCTGTTATTTCCTACGTC: ATGGCGCCTGTTATTTCCTACGTCT
TTGCTTACCCTCCCGCCCACGGTAA: TGCTTACCCTCCCGCCCACGGTAAT
GCTACTATATACCGTTCTGGCCTCG: CTACTATATACCGTTCTGGCCTCGA
AGTTCAACCGAACTGGCTTGCATGT: GTTCAACCGAACTGGCTTGCATGTC
TGGCGCTCGTTAGCTTAACAACTTT: GGCGCTCGTTAGCTTAACAACTTTA
CGAAAACCTATTTATGCCGAGAGCG: GAAAACCTATTTATGCCGAGAGCGA
TCGGCGATTCATTGCAGCCCACCCT: CGGCGATTCATTGCAGCCCACCCTA
TCTTTAGTCGCTGATATGTCCTTGC: CTTTAGTCGCTGATATGTCCTTGCG
ACTGACCAGACATCTCCAGACTGAG: CTGACCAGACATCTCCAGACTGAGA
GCAGTTGCATGTAAGGCTTCTGGGG: CAGTTGCATGTAAGGCTTCTGGGGT
TATCGCCTAAGGTCACGGTCTTCAC: ATCGCCTAAGGTCACGGTCTTCACA
CATCAACGATTATATCGCGGTTACA: ATCAACGATTATATCGCGGTTACAA
TCTGTGCTCGCCATGCTAGGACGAG: CTGTGCTCGCCATGCTAGGACGAGG
TTGCGCAAAACCTGGATTAGTGGGG: TGCGCAAAACCTGGATTAGTGGGGG
AGGTGAATGGATTAATAGCGGCCTT: GGTGAATGGATTAATAGCGGCCTTT
CCTAGCTACTAGCTATGGTCAAAAG: CTAGCTACTAGCTATGGTCAAAAGT
TGGGAGTAACTGGCTCACACTACCC: GGGAGTAACTGGCTCACACTACCCT
GGCAGTTCAATCAAGTCACACGCCA: GCAGTTCAATCAAGTCACACGCCAA
TTCAGCGATGTCGGTTAAAGCCACT: TCAGCGATGTCGGTTAAAGCCACTG
AGCGACCTCTTCGCAGTGAATCCTA: GCGACCTCTTCGCAGTGAATCCTAG
CTCAGATAACACTGGATAGGCGTAA: TCAGATAACACTGGATAGGCGTAAA
CAGATTCTGTATTTAGATATGTATT: AGATTCTGTATTTAGATATGTATTT
ACCACATTAACGTTCGGCAGGCCGG: CCACATTAACGTTCGGCAGGCCGGC
CAACGCCATCTCGGACGGGGTCGGC: AACGCCATCTCGGACGGGGTCGGCA
ATGCTCGGATCACGGTATTGTAGCA: TGCTCGGATCACGGTATTGTAGCAG
TATGTGTCATCTCGGCCCTTACTTC: ATGTGTCATCTCGGCCCTTACTTCA
CGCGTTAGCCCTTCTCCCACTGGGA: GCGTTAGCCCTTCTCCCACTGGGAA
CTTATCATGTAAGTGTACTCTCTAC: TTATCATGTAAGTGTACTCTCTACG
GTCGTACGTCAAGTACGGCCTTGTG: TCGTACGTCAAGTACGGCCTTGTGG
GAATCTGGCCCGTAAAGCTGAAACT: AATCTGGCCCGTAAAGCTGAAACTC
GTACGGGTAGGGGGGAGTGTTGTGA: TACGGGTAGGGGGGAGTGTTGTGAT
AACGCCATCTCGGACGGGGTCGGCA: ACGCCATCTCGGACGGGGTCGGCAA
GAAATTCCGCCGTCAACCGCTAAAG: AAATTCCGCCGTCAACCGCTAAAGC
ATGCGTCCTGAGCTAAAGCCCCTCC: TGCGTCCTGAGCTAAAGCCCCTCCG
GGGTGACTAAGTTCTCACAGTGTGA: GGTGACTAAGTTCTCACAGTGTGAC
AAGCCACGTTGGCACTATCGCCTAA: AGCCACGTTGGCACTATCGCCTAAG
TGAGTCAGTGGCGCTCGTTAGCTTA: GAGTCAGTGGCGCTCGTTAGCTTAA
CCCCATCCTAGCAGACATCGGGACC: CCCATCCTAGCAGACATCGGGACCG
GCGTGCACTCCCAATGGTTAGCACA: CGTGCACTCCCAATGGTTAGCACAC
TGTGTTTGACATTGACAACGGCTTT: GTGTTTGACATTGACAACGGCTTTG
CATTGGGATCAGCCGGAGCGGTTTG: ATTGGGATCAGCCGGAGCGGTTTGA
CATAGGATTAGGCAGAAGACATTGA: ATAGGATTAGGCAGAAGACATTGAA
GGCAGATGTGAGACTCGAAAATACG: GCAGATGTGAGACTCGAAAATACGT
GGATTAATAGCGGCCTTTTACACGC: GATTAATAGCGGCCTTTTACACGCG
CATTATAAAACTCACAATCTTTAGT: ATTATAAAACTCACAATCTTTAGTC
TCAACGTGTCAGGGCTGGCCTTGTT: CAACGTGTCAGGGCTGGCCTTGTTG
GTCGTCATGGTCACGCCGATTTGGT: TCGTCATGGTCACGCCGATTTGGTA
ACATGGGCAGTTCAATCAAGTCACA: CATGGGCAGTTCAATCAAGTCACAC
TTGCCGTGGCGATCCTGCGCCCTTT: TGCCGTGGCGATCCTGCGCCCTTTC
AAACCTGGATTAGTGGGGGAGCCCA: AACCTGGATTAGTGGGGGAGCCCAT
ACACGCCAAATATGGTACAAAACTT: CACGCCAAATATGGTACAAAACTTC
ATCACACTGATGAGTTAATTCGCAC: TCACACTGATGAGTTAATTCGCACT
GAGGCGGCAAACGCAGTCAATACCA: AGGCGGCAAACGCAGTCAATACCAG
GTACATTTTATAACCAGGCGCGACA: TACATTTTATAACCAGGCGCGACAC
GCGGGCATTCTGTGCTCGCCATGCT: CGGGCATTCTGTGCTCGCCATGCTA
ACCTAAACAGAACAACGCCATCTCG: CCTAAACAGAACAACGCCATCTCGG
TACTTCAGTGGCAAATTGACCCACT: ACTTCAGTGGCAAATTGACCCACTG
CAGTGGAGGCACTTCGGCGCCGAGC: AGTGGAGGCACTTCGGCGCCGAGCA
AAACATGGTACTTCTTGTTCGGTAA: AACATGGTACTTCTTGTTCGGTAAG
GGTTAAGACCTAAACAGAACAACGC: GTTAAGACCTAAACAGAACAACGCC
AGACACGGATTTTGAAGCCATAGCC: GACACGGATTTTGAAGCCATAGCCA
GTCGATGCCTTCCTATTACGGCCCG: TCGATGCCTTCCTATTACGGCCCGA
AGAAGGGAGTTGCTTACCCTCCCGC: GAAGGGAGTTGCTTACCCTCCCGCC
TGATGGATTTTCCTAGGTAGAAAAA: GATGGATTTTCCTAGGTAGAAAAAG
TCGTACGGAGTCTGGGAACGAGCGG: CGTACGGAGTCTGGGAACGAGCGGG
GCGGCGTGCGACCCAGCAAATATAA: CGGCGTGCGACCCAGCAAATATAAC
TGGGATCAGCCGGAGCGGTTTGACG: GGGATCAGCCGGAGCGGTTTGACGT
GCCGGAGCGGTTTGACGTATACACT: CCGGAGCGGTTTGACGTATACACTG
ACCAGGCGCGACACGTCTATTTAAG: CCAGGCGCGACACGTCTATTTAAGG
GAATATCGCCCGAAGGCGGGATGGA: AATATCGCCCGAAGGCGGGATGGAA
GGCCTTACGGCTGCAGGGTTAACGA: GCCTTACGGCTGCAGGGTTAACGAT
CCCACCGGTGGTCAGTACATTTTAT: CCACCGGTGGTCAGTACATTTTATA
CCGTCAACCGCTAAAGCATCAAGTC: CGTCAACCGCTAAAGCATCAAGTCC
TATAACACAATTTGTTTTGTCATCA: ATAACACAATTTGTTTTGTCATCAC
CGGCGATTCATTGCAGCCCACCCTA: GGCGATTCATTGCAGCCCACCCTAG
TAAAACTCACAATCTTTAGTCGCTG: AAAACTCACAATCTTTAGTCGCTGA
TCGACACTCTGGCCAAGGCACATAT: CGACACTCTGGCCAAGGCACATATG
TAACCACGACTTGGCCACCGCCCTG: AACCACGACTTGGCCACCGCCCTGA
ATTCGCACTGATTGATTGATTTAGC: TTCGCACTGATTGATTGATTTAGCT
GGTTACAAACCATTGGGAAACAGTT: GTTACAAACCATTGGGAAACAGTTA
GTTACAAACCATTGGGAAACAGTTA: TTACAAACCATTGGGAAACAGTTAG
GATAGAATTGTAGGAGAAAAGTGCC: ATAGAATTGTAGGAGAAAAGTGCCG
AGTCTGGGAACGAGCGGGGCCCCCC: GTCTGGGAACGAGCGGGGCCCCCCA
ACTAGCTATGGTCAAAAGTACACTC: CTAGCTATGGTCAAAAGTACACTCC
GCCGCCCCCACCTTTAGATGAATCG: CCGCCCCCACCTTTAGATGAATCGT
ACTCAATTGTTTGTAATCATGCGGC: CTCAATTGTTTGTAATCATGCGGCT
AGCCCTGCCTATAGTTACGTTCCTC: GCCCTGCCTATAGTTACGTTCCTCA
TCAGAGCCATGACGTTTGAAGAAAT: CAGAGCCATGACGTTTGAAGAAATA
TTCGGCAGCGCGGTTTCCTAATTCT: TCGGCAGCGCGGTTTCCTAATTCTT
TAACATCAACACGCTGGTTGGGACT: AACATCAACACGCTGGTTGGGACTG
CTAAGGTCACGGTCTTCACAGCATC: TAAGGTCACGGTCTTCACAGCATCT
TGGTTAGCACACTGTGCTATGTCTG: GGTTAGCACACTGTGCTATGTCTGT
GACGAAGATAGAATTGTAGGAGAAA: ACGAAGATAGAATTGTAGGAGAAAA
CATTCCCTATGATCAAACGCCGCAC: ATTCCCTATGATCAAACGCCGCACC
GTCGCTAATCATGCGGTGGACATGG: TCGCTAATCATGCGGTGGACATGGG
AGACGGGTTTAAATTGATGTCGCGT: GACGGGTTTAAATTGATGTCGCGTT
TCATGCGGTGGACATGGGCAGTTCA: CATGCGGTGGACATGGGCAGTTCAA
TCATCTCCTAGCGACCCATTCGCGT: CATCTCCTAGCGACCCATTCGCGTG
GAAATAACGGTTTACGGCTTTGTAA: AAATAACGGTTTACGGCTTTGTAAA
ATCATAACGCCCTTGTAAGCCTTCG: TCATAACGCCCTTGTAAGCCTTCGG
TATGGTACAAAACTTCGAAATCACG: ATGGTACAAAACTTCGAAATCACGC
TCGATGCCTTCCTATTACGGCCCGA: CGATGCCTTCCTATTACGGCCCGAG
GAACTGGCGATGCACCGCTGTTAGA: AACTGGCGATGCACCGCTGTTAGAT
AGACGCGTGCACAGGGACTCACTAA: GACGCGTGCACAGGGACTCACTAAA
AGGGAGCCGTGACAAGGCCGCAGGC: GGGAGCCGTGACAAGGCCGCAGGCA
CTATCTTCCTCTGGTTGTTTGAACT: TATCTTCCTCTGGTTGTTTGAACTG
GGCAACCTAACTATGTCGCAGGACT: GCAACCTAACTATGTCGCAGGACTT
ATTCCGCCGTCAACCGCTAAAGCAT: TTCCGCCGTCAACCGCTAAAGCATC
TCGTCAGGCGCCTAGCTACTAGCTA: CGTCAGGCGCCTAGCTACTAGCTAT
TTATCGCATAATCACTGCCATGGTA: TATCGCATAATCACTGCCATGGTAT
TTGGGCGTTTCTGCATGTTTACTTG: TGGGCGTTTCTGCATGTTTACTTGG
AGCTGCTGTTTATCTCACGTCTACC: GCTGCTGTTTATCTCACGTCTACCT
GAATGGATTAATAGCGGCCTTTTAC: AATGGATTAATAGCGGCCTTTTACA
ACATGAGCGCCCGGACACACATGCT: CATGAGCGCCCGGACACACATGCTG
TCGGTGCTATCGCACACTAGCACGT: CGGTGCTATCGCACACTAGCACGTA
CTAATCATGCGGTGGACATGGGCAG: TAATCATGCGGTGGACATGGGCAGT
TGCATGTCCCAACGTGCGTGCACTC: GCATGTCCCAACGTGCGTGCACTCC
TTGTCCGAACGACGTCGTGCGTACT: TGTCCGAACGACGTCGTGCGTACTG
GACGAGGAAATAACGGTTTACGGCT: ACGAGGAAATAACGGTTTACGGCTT
CCTCATAAAATAGCCATGACGGTTA: CTCATAAAATAGCCATGACGGTTAA
CCTGCACAGACTGAAGTCATTCTGT: CTGCACAGACTGAAGTCATTCTGTG
CAGGCGCCTCGCCACTTTGTTGATT: AGGCGCCTCGCCACTTTGTTGATTC
ATGATGTGCTACTTAACGGCAAATG: TGATGTGCTACTTAACGGCAAATGG
TACGGAGTCTGGGAACGAGCGGGGC: ACGGAGTCTGGGAACGAGCGGGGCC
GATTAATAGCGGCCTTTTACACGCG: ATTAATAGCGGCCTTTTACACGCGG
TGGGCGTTTCTGCATGTTTACTTGG: GGGCGTTTCTGCATGTTTACTTGGA
GAAAACCAAAACACAAATTGTGTTG: AAAACCAAAACACAAATTGTGTTGC
TATTGACGTTTGCATTATAAAACTC: ATTGACGTTTGCATTATAAAACTCA
CAATGGATATTAATACTTGGAGCAG: AATGGATATTAATACTTGGAGCAGA
GCCTTACTCAACGTGTCAGGGCTGG: CCTTACTCAACGTGTCAGGGCTGGC
GACCTCATTACATCAAACTCTCAGA: ACCTCATTACATCAAACTCTCAGAG
TTTTGAAGCCATAGCCACCGGGCGT: TTTGAAGCCATAGCCACCGGGCGTC
TACTCGTACACCGACACGAAATTCA: ACTCGTACACCGACACGAAATTCAG
CCATAGGATTAGGCAGAAGACATTG: CATAGGATTAGGCAGAAGACATTGA
GACCATTGCACCTCCGTGACCAAAC: ACCATTGCACCTCCGTGACCAAACT
ATCTGAAGGACAATACAAGTAAAAC: TCTGAAGGACAATACAAGTAAAACA
GACAATACAAGTAAAACAACATCTT: ACAATACAAGTAAAACAACATCTTA
TCCACAGTCTCCCTTCGGCAGCGCG: CCACAGTCTCCCTTCGGCAGCGCGG
CTTTACGAATCCTGACAGAAATTAG: TTTACGAATCCTGACAGAAATTAGA
TTCTTATGAGATATATGTGTCATCT: TCTTATGAGATATATGTGTCATCTC
GTAAAACAACATCTTAGCCCCCGAG: TAAAACAACATCTTAGCCCCCGAGG
CTACAGCAGGCCTTGATGCTTGTCC: TACAGCAGGCCTTGATGCTTGTCCA
AATCCTAGTGAATAAGAATCAGCCC: ATCCTAGTGAATAAGAATCAGCCCC
ATATGTCCTTGCGGCCCCGCCGATT: TATGTCCTTGCGGCCCCGCCGATTT
ATTTTCTTTAGATCGTGGAAAGCGT: TTTTCTTTAGATCGTGGAAAGCGTG
TAGCGCTCAAACATGGTACTTCTTG: AGCGCTCAAACATGGTACTTCTTGT
ACTAGCACGTACTCGTACACCGACA: CTAGCACGTACTCGTACACCGACAC
CATGGAAAACCAAAACACAAATTGT: ATGGAAAACCAAAACACAAATTGTG
ACTCTCAGAGCCATGACGTTTGAAG: CTCTCAGAGCCATGACGTTTGAAGA
CTCCGTAGGGCCTGTCCCGAGAGCC: TCCGTAGGGCCTGTCCCGAGAGCCA
AACTGGCGATGCACCGCTGTTAGAT: ACTGGCGATGCACCGCTGTTAGATC
TCGCCTAAGGTCACGGTCTTCACAG: CGCCTAAGGTCACGGTCTTCACAGC
ACCGGGCGTCACCTGAACGTGAACC: CCGGGCGTCACCTGAACGTGAACCT
TGACAACGGCTTTGACTATTATCCG: GACAACGGCTTTGACTATTATCCGG
GACCCCTTAGTAATTAATTTTATGC: ACCCCTTAGTAATTAATTTTATGCC
AAACAAAGCACGTCCGAACAGTATT: AACAAAGCACGTCCGAACAGTATTG
CGATCTAAACTCGATTTTATGATCC: GATCTAAACTCGATTTTATGATCCT
GCACTCCCAATGGTTAGCACACTGT: CACTCCCAATGGTTAGCACACTGTG
ACGTTCGGCAGGCCGGCGGGATAAG: CGTTCGGCAGGCCGGCGGGATAAGG
CGCCAAATATGGTACAAAACTTCGA: GCCAAATATGGTACAAAACTTCGAA
GTGCTCGCCATGCTAGGACGAGGAA: TGCTCGCCATGCTAGGACGAGGAAA
ACTTTACGAATCCTGACAGAAATTA: CTTTACGAATCCTGACAGAAATTAG
GCAAAACCTGGATTAGTGGGGGAGC: CAAAACCTGGATTAGTGGGGGAGCC
TGTGTCATCTCGGCCCTTACTTCAG: GTGTCATCTCGGCCCTTACTTCAGT
CCCATTTGTGAGAGTGAAGCAGACG: CCATTTGTGAGAGTGAAGCAGACGC
AGGGGTGAGATCTTATCGATCTAAA: GGGGTGAGATCTTATCGATCTAAAC
TGGCGGGCATTCTGTGCTCGCCATG: GGCGGGCATTCTGTGCTCGCCATGC
CGAGTATTTTTGGGCGTTTCTGCAT: GAGTATTTTTGGGCGTTTCTGCATG
AGGTATTGGGAGTAACTGGCTCACA: GGTATTGGGAGTAACTGGCTCACAC
TCCCTATGATCAAACGCCGCACCAA: CCCTATGATCAAACGCCGCACCAAA
AGGGCAGCTAGCGCTCAAACATGGT: GGGCAGCTAGCGCTCAAACATGGTA
ATAAGCTGGCCAAACGGAGAATAAC: TAAGCTGGCCAAACGGAGAATAACT
GCCTCGAGAACTTTACGTCGATGCC: CCTCGAGAACTTTACGTCGATGCCT
ATGGTATTGCCCATCGTGATGCCCG: TGGTATTGCCCATCGTGATGCCCGA
GCACTCGAAATTCCGCCGTCAACCG: CACTCGAAATTCCGCCGTCAACCGC
GCTTCTGGGGTGTCCGCTATAGTCG: CTTCTGGGGTGTCCGCTATAGTCGA
ACCACGAGAGCTGAATAAGTGAAAC: CCACGAGAGCTGAATAAGTGAAACA
GTTTAAGGTTGGACAGTGACACCCC: TTTAAGGTTGGACAGTGACACCCCA
TGACGTTTGAAGAAATATGAGTCGC: GACGTTTGAAGAAATATGAGTCGCT
GTAGGAGAAAAGTGCCGCCCCCACC: TAGGAGAAAAGTGCCGCCCCCACCT
TTTAGTCGCTGATATGTCCTTGCGG: TTAGTCGCTGATATGTCCTTGCGGC
CCCCTTAGTAATTAATTTTATGCCC: CCCTTAGTAATTAATTTTATGCCCG
ATTTATGCCGAGAGCGACTACGTGC: TTTATGCCGAGAGCGACTACGTGCT
GCCCTCGGGTGCTACGGGCGCTGTT: CCCTCGGGTGCTACGGGCGCTGTTT
GGCAGTTAGTAGATGTCCTACGTAC: GCAGTTAGTAGATGTCCTACGTACG
AGGCGGGATGGAATTCCTGAATCTG: GGCGGGATGGAATTCCTGAATCTGG
ATGTAAACGGACCCACAGCGTTTAA: TGTAAACGGACCCACAGCGTTTAAG
GATTAATTCTCTTTCCAGCTGTGAC: ATTAATTCTCTTTCCAGCTGTGACA
GTACGGAGTCTGGGAACGAGCGGGG: TACGGAGTCTGGGAACGAGCGGGGC
CCCACTGCTAAGCGACCTCTTCGCA: CCACTGCTAAGCGACCTCTTCGCAG
TTCTCCCACTGGGAATAACATCAAC: TCTCCCACTGGGAATAACATCAACA
TGCAGGCAACCTAACTATGTCGCAG: GCAGGCAACCTAACTATGTCGCAGG
CTACGGGCGCTGTTTGGTAGAATCA: TACGGGCGCTGTTTGGTAGAATCAT
TTGATTTTCGTCAGGCGCCTAGCTA: TGATTTTCGTCAGGCGCCTAGCTAC
AAGTACGGGTAGGGGGGAGTGTTGT: AGTACGGGTAGGGGGGAGTGTTGTG
CAAGGCCGCAGGCAGATGTGAGACT: AAGGCCGCAGGCAGATGTGAGACTC
GTTAACGATCATTCCCTATGATCAA: TTAACGATCATTCCCTATGATCAAA
AGTGTACTCTCTACGGGGGCGTAGC: GTGTACTCTCTACGGGGGCGTAGCA
ACCGACAAGCAGCTGTTGGTGGGTG: CCGACAAGCAGCTGTTGGTGGGTGA
ATGACGGTTAAATCTGAAGGACAAT: TGACGGTTAAATCTGAAGGACAATA
CTTTAGTCGCTGATATGTCCTTGCG: TTTAGTCGCTGATATGTCCTTGCGG
ACGTGAACCTCCATTTAGCATCCGT: CGTGAACCTCCATTTAGCATCCGTC
ACTAAGCACTTTCATGAAGTACGGG: CTAAGCACTTTCATGAAGTACGGGT
TTAACGATCATTCCCTATGATCAAA: TAACGATCATTCCCTATGATCAAAC
ATGCATGGATAAGGGGTGAGATCTT: TGCATGGATAAGGGGTGAGATCTTA
TCCTCAAGAGGACTCTCCGAGTATT: CCTCAAGAGGACTCTCCGAGTATTT
CTCTGGCTATCTTCCTCTGGTTGTT: TCTGGCTATCTTCCTCTGGTTGTTT
AGCGGGGCCCCCCACCACCGTCCTA: GCGGGGCCCCCCACCACCGTCCTAA
GTCACCTGAACGTGAACCTCCATTT: TCACCTGAACGTGAACCTCCATTTA
AATCATATTTTCACGCTCCACAGTC: ATCATATTTTCACGCTCCACAGTCT
CACCTTTAGATGAATCGTTGACGAC: ACCTTTAGATGAATCGTTGACGACC
CCTTTAGATGAATCGTTGACGACCA: CTTTAGATGAATCGTTGACGACCAT
CCCTACTAGACACGGATTTTGAAGC: CCTACTAGACACGGATTTTGAAGCC
TTCCTCCATAGGATTAGGCAGAAGA: TCCTCCATAGGATTAGGCAGAAGAC
AAATATGAGTCGCTAATCATGCGGT: AATATGAGTCGCTAATCATGCGGTG
TTTATGATCCTTATTGACGTTTGCA: TTATGATCCTTATTGACGTTTGCAT
GGAATGAGTCCCCATCGAGCGTTCC: GAATGAGTCCCCATCGAGCGTTCCA
CTGGCCAAGGCACATATGGGCAGGC: TGGCCAAGGCACATATGGGCAGGCG
GCAATGGATATTAATACTTGGAGCA: CAATGGATATTAATACTTGGAGCAG
AACTTTACGAATCCTGACAGAAATT: ACTTTACGAATCCTGACAGAAATTA
TTCGTCAGGCGCCTAGCTACTAGCT: TCGTCAGGCGCCTAGCTACTAGCTA
AAATCACACTGATGAGTTAATTCGC: AATCACACTGATGAGTTAATTCGCA
TGTTGATGGATTTTCCTAGGTAGAA: GTTGATGGATTTTCCTAGGTAGAAA
TCGTTGACGACCATGCCTGCACTCG: CGTTGACGACCATGCCTGCACTCGA
TTCCTAATTCTTGAGCTATTAGAAT: TCCTAATTCTTGAGCTATTAGAATC
AGTATTGTCGTACGTCAAGTACGGC: GTATTGTCGTACGTCAAGTACGGCC
AGTCATTCTGTGTCGGCCGGGCATT: GTCATTCTGTGTCGGCCGGGCATTG
GAGCGCCCGGACACACATGCTGTCG: AGCGCCCGGACACACATGCTGTCGG
CCGTAAAGCTGAAACTCACATGGCT: CGTAAAGCTGAAACTCACATGGCTA
AGATAACACTGGATAGGCGTAAAGC: GATAACACTGGATAGGCGTAAAGCT
AATGGAGTTATAGGATCGAGGGAGT: ATGGAGTTATAGGATCGAGGGAGTC
ACCTAACTATGTCGCAGGACTTACG: CCTAACTATGTCGCAGGACTTACGA
GTAACTGGCTCACACTACCCTAGAT: TAACTGGCTCACACTACCCTAGATG
AGCGTTCCAAATGCCCGCTCGGCCT: GCGTTCCAAATGCCCGCTCGGCCTC
ATAACGCCCTTGTAAGCCTTCGGCC: TAACGCCCTTGTAAGCCTTCGGCCG
AAGTGAAGGTAGCGTCGCCCTTGTC: AGTGAAGGTAGCGTCGCCCTTGTCC
CTGGATTAGTGGGGGAGCCCATGAG: TGGATTAGTGGGGGAGCCCATGAGA
GTCACTACGGCTTGGCCCCCGGGTA: TCACTACGGCTTGGCCCCCGGGTAC
ACAGATTCTGTATTTAGATATGTAT: CAGATTCTGTATTTAGATATGTATT
GGGGTCTCTTTCATCTCCTAGCGAC: GGGTCTCTTTCATCTCCTAGCGACC
GCAACGTTCTCTCCCTACGTGCCTA: CAACGTTCTCTCCCTACGTGCCTAG
GTGGAAAGCGTGCTTATCCCTTAGG: TGGAAAGCGTGCTTATCCCTTAGGT
ACGCCCAGCAGAGCGGACACTCTTA: CGCCCAGCAGAGCGGACACTCTTAT
CTTAGCCCCCGAGGCCATTGGCAAG: TTAGCCCCCGAGGCCATTGGCAAGG
CGAACAGTATTGTCGTACGTCAAGT: GAACAGTATTGTCGTACGTCAAGTA
GCACACTAGCACGTACTCGTACACC: CACACTAGCACGTACTCGTACACCG
CTTATCAACATCGTCAGAAGTGACT: TTATCAACATCGTCAGAAGTGACTT
TTCGGATAAAATCGCCGCATCCCTA: TCGGATAAAATCGCCGCATCCCTAT
AATCTGAAGGACAATACAAGTAAAA: ATCTGAAGGACAATACAAGTAAAAC
AGTCAGTGGCGCTCGTTAGCTTAAC: GTCAGTGGCGCTCGTTAGCTTAACA
TTCTATTCATGGAAAACCAAAACAC: TCTATTCATGGAAAACCAAAACACA
GGCCTTGTTGCGCAAAACCTGGATT: GCCTTGTTGCGCAAAACCTGGATTA
TTGGTAGTTGCTTCTATTCATGGAA: TGGTAGTTGCTTCTATTCATGGAAA
CCATGTTGTCCGAACGACGTCGTGC: CATGTTGTCCGAACGACGTCGTGCG
GCAACCACGGGGAATTGAATGCAGG: CAACCACGGGGAATTGAATGCAGGC
AATCTCGATGGGCATTAACCCTACT: ATCTCGATGGGCATTAACCCTACTA
CCCTAGCAACGTTCTCTCCCTACGT: CCTAGCAACGTTCTCTCCCTACGTG
CCAGTCTCTAGTCACCACATTAACG: CAGTCTCTAGTCACCACATTAACGT
TAGAATCGTACTGACTCGGCTTCTT: AGAATCGTACTGACTCGGCTTCTTG
TCGCACTGATTGATTGATTTAGCTT: CGCACTGATTGATTGATTTAGCTTG
CAGATAAGACGTTCCTCAAGAGGAC: AGATAAGACGTTCCTCAAGAGGACT
CACGCCGATTTTCTTTAGATCGTGG: ACGCCGATTTTCTTTAGATCGTGGA
CCCGAACTGGCGATGCACCGCTGTT: CCGAACTGGCGATGCACCGCTGTTA
GCTTCTTGCAGTCCTACAGCAGGCC: CTTCTTGCAGTCCTACAGCAGGCCT
GCGACTACGTGCTTTGATACAGCTG: CGACTACGTGCTTTGATACAGCTGG
CTCGAAAATACGTCTAATACCAGCC: TCGAAAATACGTCTAATACCAGCCT
CTCACACTACCCTAGATGGAAACCA: TCACACTACCCTAGATGGAAACCAC
GGGTGTCCGCTATAGTCGAATCGGC: GGTGTCCGCTATAGTCGAATCGGCT
TCGAAATTCCGCCGTCAACCGCTAA: CGAAATTCCGCCGTCAACCGCTAAA
CCGGGCATTGGAAATTTCGCTTTCG: CGGGCATTGGAAATTTCGCTTTCGC
GGGGAGTGTTGTGATCAAATTCTCT: GGGAGTGTTGTGATCAAATTCTCTG
GCTCAAACATGGTACTTCTTGTTCG: CTCAAACATGGTACTTCTTGTTCGG
CTATTTATGCCGAGAGCGACTACGT: TATTTATGCCGAGAGCGACTACGTG
CGGGCAACCACGGGGAATTGAATGC: GGGCAACCACGGGGAATTGAATGCA
GGCTATCTTCCTCTGGTTGTTTGAA: GCTATCTTCCTCTGGTTGTTTGAAC
ATGGATTAATAGCGGCCTTTTACAC: TGGATTAATAGCGGCCTTTTACACG
ACTCGAAATTCCGCCGTCAACCGCT: CTCGAAATTCCGCCGTCAACCGCTA
CCCTAGATGGAAACCACGAGAGCTG: CCTAGATGGAAACCACGAGAGCTGA
GCGCCACGAAGCCCGAGCCTATGTA: CGCCACGAAGCCCGAGCCTATGTAA
GCCCCTCCGAGCTCTGTAGCTGTCA: CCCCTCCGAGCTCTGTAGCTGTCAC
ACCTCTTCGCAGTGAATCCTAGTGA: CCTCTTCGCAGTGAATCCTAGTGAA
AAGAACGCCTTTCCCGGCGTGTCCG: AGAACGCCTTTCCCGGCGTGTCCGA
AATTGTTTGTAATCATGCGGCTACT: ATTGTTTGTAATCATGCGGCTACTA
CACAGCGTTTAAGGTTGGACAGTGA: ACAGCGTTTAAGGTTGGACAGTGAC
GAATAAGTGAAACAAAGCACGTCCG: AATAAGTGAAACAAAGCACGTCCGA
GTGTCATCTCGGCCCTTACTTCAGT: TGTCATCTCGGCCCTTACTTCAGTG
GTAAAGCTGTCACCAGTCTCTAGTC: TAAAGCTGTCACCAGTCTCTAGTCA
TGATATGTCCTTGCGGCCCCGCCGA: GATATGTCCTTGCGGCCCCGCCGAT
ACGCCCTTGTAAGCCTTCGGCCGAG: CGCCCTTGTAAGCCTTCGGCCGAGA
GGTGCTACGGGCGCTGTTTGGTAGA: GTGCTACGGGCGCTGTTTGGTAGAA
TCTATTCATGGAAAACCAAAACACA: CTATTCATGGAAAACCAAAACACAA
GGCTTTGACTATTATCCGGTACATC: GCTTTGACTATTATCCGGTACATCT
TAATTCGCACTGATTGATTGATTTA: AATTCGCACTGATTGATTGATTTAG
TTAAGAAATGAGTTAGATGGCGCCT: TAAGAAATGAGTTAGATGGCGCCTG
TGCGACCCAGCAAATATAACACAAT: GCGACCCAGCAAATATAACACAATT
GACAGTGACACCCCATCCTAGCAGA: ACAGTGACACCCCATCCTAGCAGAC
GCCCTTTCTGCAAGCCGTATGAGCC: CCCTTTCTGCAAGCCGTATGAGCCT
GGAAATAACGGTTTACGGCTTTGTA: GAAATAACGGTTTACGGCTTTGTAA
TCACGGTATTGTAGCAGGAAAACCC: CACGGTATTGTAGCAGGAAAACCCA
ATTTCAGCGATGTCGGTTAAAGCCA: TTTCAGCGATGTCGGTTAAAGCCAC
AACTAAATCTATACCAATGGAGTTA: ACTAAATCTATACCAATGGAGTTAT
CTAATTCTTGAGCTATTAGAATCGT: TAATTCTTGAGCTATTAGAATCGTA
GCGGGGCCCCCCACCACCGTCCTAA: CGGGGCCCCCCACCACCGTCCTAAT
AGCATCCGTCAGGTGAATGGATTAA: GCATCCGTCAGGTGAATGGATTAAT
GCGACCCATTCGCGTGGGGACTCTG: CGACCCATTCGCGTGGGGACTCTGG
GAAACAAAGCACGTCCGAACAGTAT: AAACAAAGCACGTCCGAACAGTATT
GGCATTGGAAATTTCGCTTTCGCTT: GCATTGGAAATTTCGCTTTCGCTTG
AGTTTAATCACGAAGTCTGCGATTG: GTTTAATCACGAAGTCTGCGATTGA
AAACTCGATTTTATGATCCTTATTG: AACTCGATTTTATGATCCTTATTGA
CTGACATGCGTCCTGAGCTAAAGCC: TGACATGCGTCCTGAGCTAAAGCCC
TACCAGAGATCTCTGGCCTTACTCA: ACCAGAGATCTCTGGCCTTACTCAA
ATCAACACGCTGGTTGGGACTGGCT: TCAACACGCTGGTTGGGACTGGCTG
GCTGCAGGGTTAACGATCATTCCCT: CTGCAGGGTTAACGATCATTCCCTA
GACATTGACAACGGCTTTGACTATT: ACATTGACAACGGCTTTGACTATTA
TTACGACATCAAGCGCGAACTTGAG: TACGACATCAAGCGCGAACTTGAGC
CATTCACGTCATCCCTAAGTGAAGG: ATTCACGTCATCCCTAAGTGAAGGT
CTCACAATCTTTAGTCGCTGATATG: TCACAATCTTTAGTCGCTGATATGT
AAGGCTTCTGGGGTGTCCGCTATAG: AGGCTTCTGGGGTGTCCGCTATAGT
GCCCTGACCTCGCCGCAGTTGCATG: CCCTGACCTCGCCGCAGTTGCATGT
ACACTCTTATCATGTAAGTGTACTC: CACTCTTATCATGTAAGTGTACTCT
CTTGCATGTCCCAACGTGCGTGCAC: TTGCATGTCCCAACGTGCGTGCACT
AACTCACATGGCTATGGAGATGATT: ACTCACATGGCTATGGAGATGATTA
GGTTCCGCACGACCTCATTACATCA: GTTCCGCACGACCTCATTACATCAA
GTCCGAACGACGTCGTGCGTACTGA: TCCGAACGACGTCGTGCGTACTGAC
CGAGAACTTTACGTCGATGCCTTCC: GAGAACTTTACGTCGATGCCTTCCT
GATTTGTAGTACTCAGATAACACTG: ATTTGTAGTACTCAGATAACACTGG
GCCGTGACAAGGCCGCAGGCAGATG: CCGTGACAAGGCCGCAGGCAGATGT
TAAGGGGTGAGATCTTATCGATCTA: AAGGGGTGAGATCTTATCGATCTAA
TCTACGGGGGCGTAGCAAACATGAG: CTACGGGGGCGTAGCAAACATGAGC
GTCACCGAAAACCTATTTATGCCGA: TCACCGAAAACCTATTTATGCCGAG
CCATGCTAGGACGAGGAAATAACGG: CATGCTAGGACGAGGAAATAACGGT
TACACCGACACGAAATTCAGTCGAC: ACACCGACACGAAATTCAGTCGACC
TCACACGCCAAATATGGTACAAAAC: CACACGCCAAATATGGTACAAAACT
GTATTTAGATATGTATTTCAGCGAT: TATTTAGATATGTATTTCAGCGATG
TCTCCGTAGGGCCTGTCCCGAGAGC: CTCCGTAGGGCCTGTCCCGAGAGCC
AGCCGCGGGACTTCTTTACGGCTCA: GCCGCGGGACTTCTTTACGGCTCAA
GCAGGCAACCTAACTATGTCGCAGG: CAGGCAACCTAACTATGTCGCAGGA
ACTTGGATTCGGTGCCTGTAGCGTT: CTTGGATTCGGTGCCTGTAGCGTTT
TGGATAAGGGGTGAGATCTTATCGA: GGATAAGGGGTGAGATCTTATCGAT
ACGAGCGGGGCCCCCCACCACCGTC: CGAGCGGGGCCCCCCACCACCGTCC
TCAAACTCTCAGAGCCATGACGTTT: CAAACTCTCAGAGCCATGACGTTTG
AAACGGAGAATAACTAAATCTATAC: AACGGAGAATAACTAAATCTATACC
GGTGAGTTTAATCACGAAGTCTGCG: GTGAGTTTAATCACGAAGTCTGCGA
TCGTACGTCAAGTACGGCCTTGTGG: CGTACGTCAAGTACGGCCTTGTGGT
CATAGCCACCGGGCGTCACCTGAAC: ATAGCCACCGGGCGTCACCTGAACG
GCTCGGCCTCAAAAAATGTCCTCGA: CTCGGCCTCAAAAAATGTCCTCGAG
ACGGACTCCACGACGTATATGCTCG: CGGACTCCACGACGTATATGCTCGG
TCTGGTTGTTTGAACTGGTGAGTTT: CTGGTTGTTTGAACTGGTGAGTTTA
CAAAAGTACACTCCCAACTCTTGGT: AAAAGTACACTCCCAACTCTTGGTA
CTAAAAAAATCTCGATGGGCATTAA: TAAAAAAATCTCGATGGGCATTAAC
CGGCAAACGCAGTCAATACCAGAGA: GGCAAACGCAGTCAATACCAGAGAT
TCACGAAGTCTGCGATTGATTTTCG: CACGAAGTCTGCGATTGATTTTCGT
CTTAGGTATCTGACAACATCCAGGG: TTAGGTATCTGACAACATCCAGGGC
CGCACTGATTGATTGATTTAGCTTG: GCACTGATTGATTGATTTAGCTTGT
TAGATCAAGTAGTCCTTTTTGATAT: AGATCAAGTAGTCCTTTTTGATATG
ATGGCTATGGAGATGATTAATTCTC: TGGCTATGGAGATGATTAATTCTCT
CGTGCGTACTGACATGCGTCCTGAG: GTGCGTACTGACATGCGTCCTGAGC
GCTTTGATACAGCTGGTCCAGACTT: CTTTGATACAGCTGGTCCAGACTTT
GGGCATTCTGTGCTCGCCATGCTAG: GGCATTCTGTGCTCGCCATGCTAGG
ATTGATGTCGCGTTAGCCCTTCTCC: TTGATGTCGCGTTAGCCCTTCTCCC
GAATCAGCCCCTTGTGTTTGACATT: AATCAGCCCCTTGTGTTTGACATTG
AGAACGCCTTTCCCGGCGTGTCCGA: GAACGCCTTTCCCGGCGTGTCCGAC
CCTCGCCGCAGTTGCATGTAAGGCT: CTCGCCGCAGTTGCATGTAAGGCTT
ATTCTCTGAGTCAGTGGCGCTCGTT: TTCTCTGAGTCAGTGGCGCTCGTTA
TGGGGTGTCCGCTATAGTCGAATCG: GGGGTGTCCGCTATAGTCGAATCGG
GCAGGACTTACGACATCAAGCGCGA: CAGGACTTACGACATCAAGCGCGAA
GTAAAGCTGAAACTCACATGGCTAT: TAAAGCTGAAACTCACATGGCTATG
ACATCAAGCGCGAACTTGAGCGCTG: CATCAAGCGCGAACTTGAGCGCTGT
ATTGAACGTTATTACGCCCAGCAGA: TTGAACGTTATTACGCCCAGCAGAG
CTTTACGGCTCAAGCCACGTTGGCA: TTTACGGCTCAAGCCACGTTGGCAC
TCAACATCGTCAGAAGTGACTTAAG: CAACATCGTCAGAAGTGACTTAAGA
GCTTGGCCCCCGGGTACTCAATTGT: CTTGGCCCCCGGGTACTCAATTGTT
ACGGCAAATGGAGTTTGCAGATAAG: CGGCAAATGGAGTTTGCAGATAAGA
TAGCCCCCGAGGCCATTGGCAAGGC: AGCCCCCGAGGCCATTGGCAAGGCA
CTGACATAACCAACGACACTTCCTC: TGACATAACCAACGACACTTCCTCC
GTGGACATGGGCAGTTCAATCAAGT: TGGACATGGGCAGTTCAATCAAGTC
TCTGGGGTGTCCGCTATAGTCGAAT: CTGGGGTGTCCGCTATAGTCGAATC
CAATTGTTTGTAATCATGCGGCTAC: AATTGTTTGTAATCATGCGGCTACT
ACGCCGATTTTCTTTAGATCGTGGA: CGCCGATTTTCTTTAGATCGTGGAA
AAAATAGCCATGACGGTTAAATCTG: AAATAGCCATGACGGTTAAATCTGA
GCTGTCGGCGATTCATTGCAGCCCA: CTGTCGGCGATTCATTGCAGCCCAC
CACGGTCCTATCGCCCAGTGGAGGC: ACGGTCCTATCGCCCAGTGGAGGCA
AAAATCTCGATGGGCATTAACCCTA: AAATCTCGATGGGCATTAACCCTAC
TATGGAGATGATTAATTCTCTTTCC: ATGGAGATGATTAATTCTCTTTCCA
TTGTTATATTGTGTCGTGAGGGTGA: TGTTATATTGTGTCGTGAGGGTGAC
TCGAAGTTCAACCGAACTGGCTTGC: CGAAGTTCAACCGAACTGGCTTGCA
GACGTATATGCTCGGTCACCGAAAA: ACGTATATGCTCGGTCACCGAAAAC
AATTAGAAGGGAGTTGCTTACCCTC: ATTAGAAGGGAGTTGCTTACCCTCC
GGCAAGGCAGTTAGTAGATGTCCTA: GCAAGGCAGTTAGTAGATGTCCTAC
CTCGGCTTCTTGCAGTCCTACAGCA: TCGGCTTCTTGCAGTCCTACAGCAG
AATCAAGTCACACGCCAAATATGGT: ATCAAGTCACACGCCAAATATGGTA
GTCGTAACGGCCCGGTACATTTCTT: TCGTAACGGCCCGGTACATTTCTTA
AAATTGATGTCGCGTTAGCCCTTCT: AATTGATGTCGCGTTAGCCCTTCTC
ATCGCCTAAGGTCACGGTCTTCACA: TCGCCTAAGGTCACGGTCTTCACAG
TTCTAGAGCACAATCATATTTTCAC: TCTAGAGCACAATCATATTTTCACG
TGCTACTTAACGGCAAATGGAGTTT: GCTACTTAACGGCAAATGGAGTTTG
CCTACTAGACACGGATTTTGAAGCC: CTACTAGACACGGATTTTGAAGCCA
CAGTGTGACAAGGGAGCCGTGACAA: AGTGTGACAAGGGAGCCGTGACAAG
TGAGTCGCTAATCATGCGGTGGACA: GAGTCGCTAATCATGCGGTGGACAT
GTGCTATGTCTGTTGATGGAATGCA: TGCTATGTCTGTTGATGGAATGCAT
ATCAAGAAACAGACAATTCTCAGAA: TCAAGAAACAGACAATTCTCAGAAG
ATGATCCTTATTGACGTTTGCATTA: TGATCCTTATTGACGTTTGCATTAT
TAAAATGGCGGGCATTCTGTGCTCG: AAAATGGCGGGCATTCTGTGCTCGC
GGCAAATTGACCCACTGCTAAGCGA: GCAAATTGACCCACTGCTAAGCGAC
GGCGCCTAGCTACTAGCTATGGTCA: GCGCCTAGCTACTAGCTATGGTCAA
TGATTGATTTAGCTTGTGGGTCGTA: GATTGATTTAGCTTGTGGGTCGTAT
GTACGGTCGACACTCTGGCCAAGGC: TACGGTCGACACTCTGGCCAAGGCA
CGCCCTGACCTCGCCGCAGTTGCAT: GCCCTGACCTCGCCGCAGTTGCATG
GTCGCTGATATGTCCTTGCGGCCCC: TCGCTGATATGTCCTTGCGGCCCCG
GAAGCCGAGCTATTTTAGACGGCAC: AAGCCGAGCTATTTTAGACGGCACC
GGTTTAAATTGATGTCGCGTTAGCC: GTTTAAATTGATGTCGCGTTAGCCC
GCTCGCCATGCTAGGACGAGGAAAT: CTCGCCATGCTAGGACGAGGAAATA
CCTCACATGGCCATCGGACGAAGAT: CTCACATGGCCATCGGACGAAGATA
TGCGTACTGACATGCGTCCTGAGCT: GCGTACTGACATGCGTCCTGAGCTA
AACTATGTCGCAGGACTTACGACAT: ACTATGTCGCAGGACTTACGACATC
TGGGTCGTATATACCAATATTAGCC: GGGTCGTATATACCAATATTAGCCC
TGAATGGATTAATAGCGGCCTTTTA: GAATGGATTAATAGCGGCCTTTTAC
TCTTTAGATCGTGGAAAGCGTGCTT: CTTTAGATCGTGGAAAGCGTGCTTA
TAGAATATCGCCCGAAGGCGGGATG: AGAATATCGCCCGAAGGCGGGATGG
GATGTGAGACTCGAAAATACGTCTA: ATGTGAGACTCGAAAATACGTCTAA
TGGTACAAAACTTCGAAATCACGCC: GGTACAAAACTTCGAAATCACGCCG
TTAATATCTCCTGTACGGTCGACAC: TAATATCTCCTGTACGGTCGACACT
TCCGGTACATCTCCGTAGGGCCTGT: CCGGTACATCTCCGTAGGGCCTGTC
ACAACGCCATCTCGGACGGGGTCGG: CAACGCCATCTCGGACGGGGTCGGC
GTCCTCACTAAGCACTTTCATGAAG: TCCTCACTAAGCACTTTCATGAAGT
GTTAAATCTGAAGGACAATACAAGT: TTAAATCTGAAGGACAATACAAGTA
GGCCCGTAAAGCTGAAACTCACATG: GCCCGTAAAGCTGAAACTCACATGG
ACGTTTGAAGAAATATGAGTCGCTA: CGTTTGAAGAAATATGAGTCGCTAA
ACCACGGGGAATTGAATGCAGGCAA: CCACGGGGAATTGAATGCAGGCAAC
CACGTCTACCTTCCGGGAATGAGTC: ACGTCTACCTTCCGGGAATGAGTCC
AGTATGCTCGGATCACGGTATTGTA: GTATGCTCGGATCACGGTATTGTAG
GGGATCAGCCGGAGCGGTTTGACGT: GGATCAGCCGGAGCGGTTTGACGTA
GCGCCCTTTCTGCAAGCCGTATGAG: CGCCCTTTCTGCAAGCCGTATGAGC
CGGGGGGTCTCTTTCATCTCCTAGC: GGGGGGTCTCTTTCATCTCCTAGCG
CAGGGCAGCTAGCGCTCAAACATGG: AGGGCAGCTAGCGCTCAAACATGGT
CACTTTGTTGATTCGGTGCTATCGC: ACTTTGTTGATTCGGTGCTATCGCA
CGCTGGTTGGGACTGGCTGAATCCT: GCTGGTTGGGACTGGCTGAATCCTC
TAAGGTCACGGTCTTCACAGCATCT: AAGGTCACGGTCTTCACAGCATCTA
ACATGGCCATCGGACGAAGATAGAA: CATGGCCATCGGACGAAGATAGAAT
CACCTTCGTACGGAGTCTGGGAACG: ACCTTCGTACGGAGTCTGGGAACGA
AGAAATATGAGTCGCTAATCATGCG: GAAATATGAGTCGCTAATCATGCGG
GGACTCCACGACGTATATGCTCGGT: GACTCCACGACGTATATGCTCGGTC
TGAATAAATTTAAGAAATGAGTTAG: GAATAAATTTAAGAAATGAGTTAGA
CGTTTCTGCATGTTTACTTGGATTC: GTTTCTGCATGTTTACTTGGATTCG
AGGACTTACGACATCAAGCGCGAAC: GGACTTACGACATCAAGCGCGAACT
GTCGGCGATTCATTGCAGCCCACCC: TCGGCGATTCATTGCAGCCCACCCT
GCCTCGCCACTTTGTTGATTCGGTG: CCTCGCCACTTTGTTGATTCGGTGC
GGCAGCTAGCGCTCAAACATGGTAC: GCAGCTAGCGCTCAAACATGGTACT
CTACTAGCTATGGTCAAAAGTACAC: TACTAGCTATGGTCAAAAGTACACT
CTGGGTTGTTATATTGTGTCGTGAG: TGGGTTGTTATATTGTGTCGTGAGG
TAGCTGCTGTTTATCTCACGTCTAC: AGCTGCTGTTTATCTCACGTCTACC
CATCGTCAGAAGTGACTTAAGAACG: ATCGTCAGAAGTGACTTAAGAACGC
ACCACCGTCCTAATCATCAAGAAAC: CCACCGTCCTAATCATCAAGAAACA
TCCCACCGGTGGTCAGTACATTTTA: CCCACCGGTGGTCAGTACATTTTAT
CCCCGGGTACTCAATTGTTTGTAAT: CCCGGGTACTCAATTGTTTGTAATC
TGTGTTGCCGTGGCGATCCTGCGCC: GTGTTGCCGTGGCGATCCTGCGCCC
GTGCCTGTAGCGTTTGGTTCGGATA: TGCCTGTAGCGTTTGGTTCGGATAA
CCTGTAGCGTTTGGTTCGGATAAAA: CTGTAGCGTTTGGTTCGGATAAAAT
CAATTCTCAGAAGTCGTCATGGTCA: AATTCTCAGAAGTCGTCATGGTCAC
CTGGCGATGCACCGCTGTTAGATCA: TGGCGATGCACCGCTGTTAGATCAA
ATGGGCAGGCGCCTCGCCACTTTGT: TGGGCAGGCGCCTCGCCACTTTGTT
AAAATATCCGGTTAAGACCTAAACA: AAATATCCGGTTAAGACCTAAACAG
AAGTCACACGCCAAATATGGTACAA: AGTCACACGCCAAATATGGTACAAA
CTTATTGACGTTTGCATTATAAAAC: TTATTGACGTTTGCATTATAAAACT
GACAAGGCCGCAGGCAGATGTGAGA: ACAAGGCCGCAGGCAGATGTGAGAC
GACGACCATGCCTGCACTCGAAATT: ACGACCATGCCTGCACTCGAAATTC
AAGGCGGGATGGAATTCCTGAATCT: AGGCGGGATGGAATTCCTGAATCTG
GATTTGCTATCCACGGTCCTATCGC: ATTTGCTATCCACGGTCCTATCGCC
TTTAGCAGATTTGTAGTACTCAGAT: TTAGCAGATTTGTAGTACTCAGATA
ACAATCTTTAGTCGCTGATATGTCC: CAATCTTTAGTCGCTGATATGTCCT
ATGCTGTCGGCGATTCATTGCAGCC: TGCTGTCGGCGATTCATTGCAGCCC
GATGATTAATTCTCTTTCCAGCTGT: ATGATTAATTCTCTTTCCAGCTGTG
AGTGACACCCCATCCTAGCAGACAT: GTGACACCCCATCCTAGCAGACATC
TGAGTCCCCATCGAGCGTTCCAAAT: GAGTCCCCATCGAGCGTTCCAAATG
TTAACGGCAAATGGAGTTTGCAGAT: TAACGGCAAATGGAGTTTGCAGATA
TTAGACGGCACCTTCGTACGGAGTC: TAGACGGCACCTTCGTACGGAGTCT
TCTGAAGGACAATACAAGTAAAACA: CTGAAGGACAATACAAGTAAAACAA
AAGTAGTCACCAGCCGCGGGACTTC: AGTAGTCACCAGCCGCGGGACTTCT
CTGTTTGGTAGAATCATTGTCTCCC: TGTTTGGTAGAATCATTGTCTCCCA
CATCTCCAGACTGAGATCTAATCTC: ATCTCCAGACTGAGATCTAATCTCG
TTCAGTGGCAAATTGACCCACTGCT: TCAGTGGCAAATTGACCCACTGCTA
TGGCGATGCACCGCTGTTAGATCAA: GGCGATGCACCGCTGTTAGATCAAG
CGTACGGCTAGACCCGCGCCACGAA: GTACGGCTAGACCCGCGCCACGAAG
TTGGTGGGTGACTTAAGCACGGACT: TGGTGGGTGACTTAAGCACGGACTC
AGTTGATCGTAGTATACCGTTAATA: GTTGATCGTAGTATACCGTTAATAT
ATGTCCCAACGTGCGTGCACTCCCA: TGTCCCAACGTGCGTGCACTCCCAA
TCGCTGATATGTCCTTGCGGCCCCG: CGCTGATATGTCCTTGCGGCCCCGC
ATCCCTAAGTGAAGGTAGCGTCGCC: TCCCTAAGTGAAGGTAGCGTCGCCC
AATATGGTACAAAACTTCGAAATCA: ATATGGTACAAAACTTCGAAATCAC
CACGCTCCACAGTCTCCCTTCGGCA: ACGCTCCACAGTCTCCCTTCGGCAG
CATTCGCGTGGGGACTCTGGCTATC: ATTCGCGTGGGGACTCTGGCTATCT
ACACAAATTGTGTTGCCGTGGCGAT: CACAAATTGTGTTGCCGTGGCGATC
TTAGAATCGTACTGACTCGGCTTCT: TAGAATCGTACTGACTCGGCTTCTT
CCTTGATGCTTGTCCACAGCACGTC: CTTGATGCTTGTCCACAGCACGTCG
TAGACGGCACCTTCGTACGGAGTCT: AGACGGCACCTTCGTACGGAGTCTG
CTTACGGCTGCAGGGTTAACGATCA: TTACGGCTGCAGGGTTAACGATCAT
TTTAAGGGGTCATCCACCATGCTAC: TTAAGGGGTCATCCACCATGCTACA
ATTAGAATCGTACTGACTCGGCTTC: TTAGAATCGTACTGACTCGGCTTCT
TCCAGGGCAGCTAGCGCTCAAACAT: CCAGGGCAGCTAGCGCTCAAACATG
GCAGCTGTTGGTGGGTGACTTAAGC: CAGCTGTTGGTGGGTGACTTAAGCA
GTGTCCGACTGATCCTCAACATTCA: TGTCCGACTGATCCTCAACATTCAC
TAGTCACCAGCCGCGGGACTTCTTT: AGTCACCAGCCGCGGGACTTCTTTA
ATTGTGTCGTGAGGGTGACTAAGTT: TTGTGTCGTGAGGGTGACTAAGTTC
TTTAAGAAATGAGTTAGATGGCGCC: TTAAGAAATGAGTTAGATGGCGCCT
AGAATCATTGTCTCCCACCGGTGGT: GAATCATTGTCTCCCACCGGTGGTC
CCAACGACACTTCCTCCATAGGATT: CAACGACACTTCCTCCATAGGATTA
ATTTTAGCAGATTTGTAGTACTCAG: TTTTAGCAGATTTGTAGTACTCAGA
GTTAATTCGCACTGATTGATTGATT: TTAATTCGCACTGATTGATTGATTT
CCGTATGAGCCTCATAAAATAGCCA: CGTATGAGCCTCATAAAATAGCCAT
GGTGTCCGCTATAGTCGAATCGGCT: GTGTCCGCTATAGTCGAATCGGCTG
GTGAGAGTGAAGCAGACGCGTGCAC: TGAGAGTGAAGCAGACGCGTGCACA
CGACACGAAATTCAGTCGACCAGTG: GACACGAAATTCAGTCGACCAGTGG
CTCGAGAACTTTACGTCGATGCCTT: TCGAGAACTTTACGTCGATGCCTTC
ATCAACATCGTCAGAAGTGACTTAA: TCAACATCGTCAGAAGTGACTTAAG
CCCGAGGCCATTGGCAAGGCAGTTA: CCGAGGCCATTGGCAAGGCAGTTAG
TAAATAAGCTGGCCAAACGGAGAAT: AAATAAGCTGGCCAAACGGAGAATA
GGAACGAGCGGGGCCCCCCACCACC: GAACGAGCGGGGCCCCCCACCACCG
AGCGCATCAACGATTATATCGCGGT: GCGCATCAACGATTATATCGCGGTT
CCACAGCGTTTAAGGTTGGACAGTG: CACAGCGTTTAAGGTTGGACAGTGA
AGCTTGTGGGTCGTATATACCAATA: GCTTGTGGGTCGTATATACCAATAT
GGAAAACCAAAACACAAATTGTGTT: GAAAACCAAAACACAAATTGTGTTG
ACACTCTGGCCAAGGCACATATGGG: CACTCTGGCCAAGGCACATATGGGC
GGTATTGCCCATCGTGATGCCCGAG: GTATTGCCCATCGTGATGCCCGAGG
GGTAAATCTGTTCTTATGAGATATA: GTAAATCTGTTCTTATGAGATATAT
AGTACCACCGCCCATTTGTGAGAGT: GTACCACCGCCCATTTGTGAGAGTG
CTAGCTACTAGCTATGGTCAAAAGT: TAGCTACTAGCTATGGTCAAAAGTA
GTAGGGGGGAGTGTTGTGATCAAAT: TAGGGGGGAGTGTTGTGATCAAATT
TGTCCCGAGAGCCAGGGGGATTTTA: GTCCCGAGAGCCAGGGGGATTTTAG
CTTCACAGCATCTAGCGGCGTGCGA: TTCACAGCATCTAGCGGCGTGCGAC
AAAGCTGTCACCAGTCTCTAGTCAC: AAGCTGTCACCAGTCTCTAGTCACC
TAATCACTGCCATGGTATTGCCCAT: AATCACTGCCATGGTATTGCCCATC
ACTCTAGATGTACTTATCGCATAAT: CTCTAGATGTACTTATCGCATAATC
AGTGTGACAAGGGAGCCGTGACAAG: GTGTGACAAGGGAGCCGTGACAAGG
CGGTCCTATCGCCCAGTGGAGGCAC: GGTCCTATCGCCCAGTGGAGGCACT
GCCTGTTATTTCCTACGTCTCGTGT: CCTGTTATTTCCTACGTCTCGTGTG
TATTTTTGGGCGTTTCTGCATGTTT: ATTTTTGGGCGTTTCTGCATGTTTA
GCTGTTAGATCAAGTAGTCCTTTTT: CTGTTAGATCAAGTAGTCCTTTTTG
ATTCGGTGCCTGTAGCGTTTGGTTC: TTCGGTGCCTGTAGCGTTTGGTTCG
AAACTTCGAAATCACGCCGATTTTC: AACTTCGAAATCACGCCGATTTTCT
AATCATTGTCTCCCACCGGTGGTCA: ATCATTGTCTCCCACCGGTGGTCAG
CGCACGACCTCATTACATCAAACTC: GCACGACCTCATTACATCAAACTCT
TCCCTATTCGACATGGTTTTAGTGG: CCCTATTCGACATGGTTTTAGTGGT
TGACATAACCAACGACACTTCCTCC: GACATAACCAACGACACTTCCTCCA
AGTAGATGTCCTACGTACGGCTAGA: GTAGATGTCCTACGTACGGCTAGAC
CTTCCGGGAATGAGTCCCCATCGAG: TTCCGGGAATGAGTCCCCATCGAGC
TGTCCGCTATAGTCGAATCGGCTGA: GTCCGCTATAGTCGAATCGGCTGAC
TCAACATTCACGTCATCCCTAAGTG: CAACATTCACGTCATCCCTAAGTGA
TTCCTCACATGGCCATCGGACGAAG: TCCTCACATGGCCATCGGACGAAGA
ATCGTCAGAAGTGACTTAAGAACGC: TCGTCAGAAGTGACTTAAGAACGCC
TAAGAAATGAGTTAGATGGCGCCTG: AAGAAATGAGTTAGATGGCGCCTGT
TTTACGGCTTTGTAAAAGAGGCGGC: TTACGGCTTTGTAAAAGAGGCGGCA
CTATTTAAGGGGTCATCCACCATGC: TATTTAAGGGGTCATCCACCATGCT
GGGTGCTACGGGCGCTGTTTGGTAG: GGTGCTACGGGCGCTGTTTGGTAGA
AGCATATTTATAGGGTCCTCACTAA: GCATATTTATAGGGTCCTCACTAAG
GAGCTATTTTAGACGGCACCTTCGT: AGCTATTTTAGACGGCACCTTCGTA
GCATCCCTATTCGACATGGTTTTAG: CATCCCTATTCGACATGGTTTTAGT
CTTCGGCGCCGAGCAATGGATATTA: TTCGGCGCCGAGCAATGGATATTAA
GTCTCTTTCATCTCCTAGCGACCCA: TCTCTTTCATCTCCTAGCGACCCAT
TCTCCCACTGGGAATAACATCAACA: CTCCCACTGGGAATAACATCAACAC
GGAATGCATGGATAAGGGGTGAGAT: GAATGCATGGATAAGGGGTGAGATC
CTTCAGTGGCAAATTGACCCACTGC: TTCAGTGGCAAATTGACCCACTGCT
AGGCAGATGTGAGACTCGAAAATAC: GGCAGATGTGAGACTCGAAAATACG
TCTGCCCGAACTAGCTACCACCGCC: CTGCCCGAACTAGCTACCACCGCCA
AGATGAATCGTTGACGACCATGCCT: GATGAATCGTTGACGACCATGCCTG
GATTTGGTAGTTGCTTCTATTCATG: ATTTGGTAGTTGCTTCTATTCATGG
GGGCGCTGTTTGGTAGAATCATTGT: GGCGCTGTTTGGTAGAATCATTGTC
GCTGCTGTTTATCTCACGTCTACCT: CTGCTGTTTATCTCACGTCTACCTT
ACCCTCCCGCCCACGGTAATTACTA: CCCTCCCGCCCACGGTAATTACTAA
TCCGTGACCAAACTGGGTTGTTATA: CCGTGACCAAACTGGGTTGTTATAT
ACCGAAAACCTATTTATGCCGAGAG: CCGAAAACCTATTTATGCCGAGAGC
CCCCCACCACCGTCCTAATCATCAA: CCCCACCACCGTCCTAATCATCAAG
GCAACCTAACTATGTCGCAGGACTT: CAACCTAACTATGTCGCAGGACTTA
AACTGCAAATTTGTTACTTGCCCTC: ACTGCAAATTTGTTACTTGCCCTCG
ACACTGATGAGTTAATTCGCACTGA: CACTGATGAGTTAATTCGCACTGAT
GAAACAGTTAGAACGATGCCTGTAC: AAACAGTTAGAACGATGCCTGTACG
TACGGGCGCTGTTTGGTAGAATCAT: ACGGGCGCTGTTTGGTAGAATCATT
GCAGGGTTAACGATCATTCCCTATG: CAGGGTTAACGATCATTCCCTATGA
CTGGCTATCTTCCTCTGGTTGTTTG: TGGCTATCTTCCTCTGGTTGTTTGA
CCTTAGGTATCTGACAACATCCAGG: CTTAGGTATCTGACAACATCCAGGG
TTTGATACAGCTGGTCCAGACTTTC: TTGATACAGCTGGTCCAGACTTTCT
AGCTAGCGCTCAAACATGGTACTTC: GCTAGCGCTCAAACATGGTACTTCT
CATCGGGACCGACAAGCAGCTGTTG: ATCGGGACCGACAAGCAGCTGTTGG
CTGAAACTCACATGGCTATGGAGAT: TGAAACTCACATGGCTATGGAGATG
AACGATCATTCCCTATGATCAAACG: ACGATCATTCCCTATGATCAAACGC
ACTTCTTGTTCGGTAAGGCAATCCA: CTTCTTGTTCGGTAAGGCAATCCAG
GCGGTTTCCTAATTCTTGAGCTATT: CGGTTTCCTAATTCTTGAGCTATTA
AAGCACTTTCATGAAGTACGGGTAG: AGCACTTTCATGAAGTACGGGTAGG
TCTCTTTCATCTCCTAGCGACCCAT: CTCTTTCATCTCCTAGCGACCCATT
TACATTTCTTATCAACATCGTCAGA: ACATTTCTTATCAACATCGTCAGAA
CCTGAGCTAAAGCCCCTCCGAGCTC: CTGAGCTAAAGCCCCTCCGAGCTCT
CTGTAGTATGCTCGGATCACGGTAT: TGTAGTATGCTCGGATCACGGTATT
CCCTTACCCATGTTGTCCGAACGAC: CCTTACCCATGTTGTCCGAACGACG
CATGACGTTTGAAGAAATATGAGTC: ATGACGTTTGAAGAAATATGAGTCG
GGGGCGTAGCAAACATGAGCGCCCG: GGGCGTAGCAAACATGAGCGCCCGG
GGCCGAGACGGGTTTAAATTGATGT: GCCGAGACGGGTTTAAATTGATGTC
TGAATCCTCATAACTTGCGGACGGC: GAATCCTCATAACTTGCGGACGGCA
TTGTAGGAGAAAAGTGCCGCCCCCA: TGTAGGAGAAAAGTGCCGCCCCCAC
AGCAATGGATATTAATACTTGGAGC: GCAATGGATATTAATACTTGGAGCA
GAGGGAGTCGATACATCATAACGCC: AGGGAGTCGATACATCATAACGCCC
TGCCCGGACAGATTCTGTATTTAGA: GCCCGGACAGATTCTGTATTTAGAT
AGCACTTTCATGAAGTACGGGTAGG: GCACTTTCATGAAGTACGGGTAGGG
CATTAACCCTACTAGACACGGATTT: ATTAACCCTACTAGACACGGATTTT
CAAACCATTGGGAAACAGTTAGAAC: AAACCATTGGGAAACAGTTAGAACG
CTCTCCGAGTATTTTTGGGCGTTTC: TCTCCGAGTATTTTTGGGCGTTTCT
GTGAGTTAGAATATCGCCCGAAGGC: TGAGTTAGAATATCGCCCGAAGGCG
ATTTGTTTTGTCATCACGGACCATT: TTTGTTTTGTCATCACGGACCATTG
GATCAGCCGGAGCGGTTTGACGTAT: ATCAGCCGGAGCGGTTTGACGTATA
GGTATTGGGAGTAACTGGCTCACAC: GTATTGGGAGTAACTGGCTCACACT
AGGAGAAAAGTGCCGCCCCCACCTT: GGAGAAAAGTGCCGCCCCCACCTTT
GAGCGACTACGTGCTTTGATACAGC: AGCGACTACGTGCTTTGATACAGCT
CCTCTGGTTGTTTGAACTGGTGAGT: CTCTGGTTGTTTGAACTGGTGAGTT
GACCATGCCTGCACTCGAAATTCCG: ACCATGCCTGCACTCGAAATTCCGC
TTCGAAGTTCAACCGAACTGGCTTG: TCGAAGTTCAACCGAACTGGCTTGC
AGGTCACGGTCTTCACAGCATCTAG: GGTCACGGTCTTCACAGCATCTAGC
CCTTTTTGATATGAAAATATCCGGT: CTTTTTGATATGAAAATATCCGGTT
TCGGCAGGCCGGCGGGATAAGGGAA: CGGCAGGCCGGCGGGATAAGGGAAA
ACGGCTTGGCCCCCGGGTACTCAAT: CGGCTTGGCCCCCGGGTACTCAATT
CTAAACAGAACAACGCCATCTCGGA: TAAACAGAACAACGCCATCTCGGAC
CGGCTCACGAGAGGAAGTAGTCACC: GGCTCACGAGAGGAAGTAGTCACCA
CGCCACGAAGCCCGAGCCTATGTAA: GCCACGAAGCCCGAGCCTATGTAAA
TCTGTATTTAGATATGTATTTCAGC: CTGTATTTAGATATGTATTTCAGCG
ACCTTCGTACGGAGTCTGGGAACGA: CCTTCGTACGGAGTCTGGGAACGAG
CAGCCGGAGCGGTTTGACGTATACA: AGCCGGAGCGGTTTGACGTATACAC
CATCGTGATGCCCGAGGTATTGGGA: ATCGTGATGCCCGAGGTATTGGGAG
CCAGTCGGGGGGTCTCTTTCATCTC: CAGTCGGGGGGTCTCTTTCATCTCC
CATTTAGCATCCGTCAGGTGAATGG: ATTTAGCATCCGTCAGGTGAATGGA
AACGATGCCTGTACGCCTTTCGAAG: ACGATGCCTGTACGCCTTTCGAAGT
GCGCATCAACGATTATATCGCGGTT: CGCATCAACGATTATATCGCGGTTA
ATAGCCATGACGGTTAAATCTGAAG: TAGCCATGACGGTTAAATCTGAAGG
TCGGACGGGGTCGGCAACTGCAAAT: CGGACGGGGTCGGCAACTGCAAATT
TAAAATAGCCATGACGGTTAAATCT: AAAATAGCCATGACGGTTAAATCTG
TTGGGAGTAACTGGCTCACACTACC: TGGGAGTAACTGGCTCACACTACCC
GACAACGGCTTTGACTATTATCCGG: ACAACGGCTTTGACTATTATCCGGT
TCGACATGGTTTTAGTGGTTCCGCA: CGACATGGTTTTAGTGGTTCCGCAC
CAGTTAGTAGATGTCCTACGTACGG: AGTTAGTAGATGTCCTACGTACGGC
CCCACAGCGTTTAAGGTTGGACAGT: CCACAGCGTTTAAGGTTGGACAGTG
ATGGATAAGGGGTGAGATCTTATCG: TGGATAAGGGGTGAGATCTTATCGA
TATCGCGGTTACAAACCATTGGGAA: ATCGCGGTTACAAACCATTGGGAAA
GTTTTAGTGGTTCCGCACGACCTCA: TTTTAGTGGTTCCGCACGACCTCAT
GGTGGTCAGTACATTTTATAACCAG: GTGGTCAGTACATTTTATAACCAGG
CGGCCGGGCATTGGAAATTTCGCTT: GGCCGGGCATTGGAAATTTCGCTTT
TGGAGATGATTAATTCTCTTTCCAG: GGAGATGATTAATTCTCTTTCCAGC
CGCCCAGCAGAGCGGACACTCTTAT: GCCCAGCAGAGCGGACACTCTTATC
TGGAAAACCAAAACACAAATTGTGT: GGAAAACCAAAACACAAATTGTGTT
GATTGATTTTCGTCAGGCGCCTAGC: ATTGATTTTCGTCAGGCGCCTAGCT
TTCGGTGCTATCGCACACTAGCACG: TCGGTGCTATCGCACACTAGCACGT
ATCATATTTTCACGCTCCACAGTCT: TCATATTTTCACGCTCCACAGTCTC
AGGCCGGCGGGATAAGGGAAATAAG: GGCCGGCGGGATAAGGGAAATAAGG
CATGGATAAGGGGTGAGATCTTATC: ATGGATAAGGGGTGAGATCTTATCG
AACCTAACTATGTCGCAGGACTTAC: ACCTAACTATGTCGCAGGACTTACG
TCCACGGTCCTATCGCCCAGTGGAG: CCACGGTCCTATCGCCCAGTGGAGG
ATCCGGTACATCTCCGTAGGGCCTG: TCCGGTACATCTCCGTAGGGCCTGT
ATCCGGTTAAGACCTAAACAGAACA: TCCGGTTAAGACCTAAACAGAACAA
GACTAAGTTCTCACAGTGTGACAAG: ACTAAGTTCTCACAGTGTGACAAGG
GTATACACTGTAGTATGCTCGGATC: TATACACTGTAGTATGCTCGGATCA
AGTTGCATGTAAGGCTTCTGGGGTG: GTTGCATGTAAGGCTTCTGGGGTGT
CTATAGTCGAATCGGCTGACTGACC: TATAGTCGAATCGGCTGACTGACCA
ACCCACAGCGTTTAAGGTTGGACAG: CCCACAGCGTTTAAGGTTGGACAGT
GAACAGTATTGTCGTACGTCAAGTA: AACAGTATTGTCGTACGTCAAGTAC
TCACCGAAAACCTATTTATGCCGAG: CACCGAAAACCTATTTATGCCGAGA
CCCATCCTAGCAGACATCGGGACCG: CCATCCTAGCAGACATCGGGACCGA
ACACTTCCTCCATAGGATTAGGCAG: CACTTCCTCCATAGGATTAGGCAGA
TGATTCGGTGCTATCGCACACTAGC: GATTCGGTGCTATCGCACACTAGCA
CAACTGCAAATTTGTTACTTGCCCT: AACTGCAAATTTGTTACTTGCCCTC
GAGCGGGGCCCCCCACCACCGTCCT: AGCGGGGCCCCCCACCACCGTCCTA
CGGTCTTCACAGCATCTAGCGGCGT: GGTCTTCACAGCATCTAGCGGCGTG
TAGAAAAAGGCCTTACGGCTGCAGG: AGAAAAAGGCCTTACGGCTGCAGGG
ACCCATGTTGTCCGAACGACGTCGT: CCCATGTTGTCCGAACGACGTCGTG
ACTCTGGCCAAGGCACATATGGGCA: CTCTGGCCAAGGCACATATGGGCAG
AACTCGATTTTATGATCCTTATTGA: ACTCGATTTTATGATCCTTATTGAC
AGGCAATCCAGCGCCCCGCTAGCTG: GGCAATCCAGCGCCCCGCTAGCTGC
GAGCGGACACTCTTATCATGTAAGT: AGCGGACACTCTTATCATGTAAGTG
CCTTCGGCCGAGACGGGTTTAAATT: CTTCGGCCGAGACGGGTTTAAATTG
ACCATTGCACCTCCGTGACCAAACT: CCATTGCACCTCCGTGACCAAACTG
ATAAAATGGCGGGCATTCTGTGCTC: TAAAATGGCGGGCATTCTGTGCTCG
GGCAGGCCGGCGGGATAAGGGAAAT: GCAGGCCGGCGGGATAAGGGAAATA
AAACAACATCTTAGCCCCCGAGGCC: AACAACATCTTAGCCCCCGAGGCCA
GGGTCGTATATACCAATATTAGCCC: GGTCGTATATACCAATATTAGCCCT
GATAAGGGAAATAAGGTACCTGACA: ATAAGGGAAATAAGGTACCTGACAT
AGGTAGAAAAAGGCCTTACGGCTGC: GGTAGAAAAAGGCCTTACGGCTGCA
GCCCGAGGTATTGGGAGTAACTGGC: CCCGAGGTATTGGGAGTAACTGGCT
GGTTAGCACACTGTGCTATGTCTGT: GTTAGCACACTGTGCTATGTCTGTT
TGGTCACGCCGATTTGGTAGTTGCT: GGTCACGCCGATTTGGTAGTTGCTT
CGCCCATTTGTGAGAGTGAAGCAGA: GCCCATTTGTGAGAGTGAAGCAGAC
ATCTGTTCTTATGAGATATATGTGT: TCTGTTCTTATGAGATATATGTGTC
GAGATATATGTGTCATCTCGGCCCT: AGATATATGTGTCATCTCGGCCCTT
CCCAATGGTTAGCACACTGTGCTAT: CCAATGGTTAGCACACTGTGCTATG
TAAGGCAATCCAGCGCCCCGCTAGC: AAGGCAATCCAGCGCCCCGCTAGCT
GACATTGAACGTTATTACGCCCAGC: ACATTGAACGTTATTACGCCCAGCA
AACAAAGCACGTCCGAACAGTATTG: ACAAAGCACGTCCGAACAGTATTGT
GATGCCCGAGGTATTGGGAGTAACT: ATGCCCGAGGTATTGGGAGTAACTG
GCTTGTGGGTCGTATATACCAATAT: CTTGTGGGTCGTATATACCAATATT
ATCAGCCGGAGCGGTTTGACGTATA: TCAGCCGGAGCGGTTTGACGTATAC
TGCTTCTATTCATGGAAAACCAAAA: GCTTCTATTCATGGAAAACCAAAAC
CTCGGACGGGGTCGGCAACTGCAAA: TCGGACGGGGTCGGCAACTGCAAAT
TACAGCTGGTCCAGACTTTCTAGAG: ACAGCTGGTCCAGACTTTCTAGAGC
CACACTGTGCTATGTCTGTTGATGG: ACACTGTGCTATGTCTGTTGATGGA
GCGCGAACTTGAGCGCTGTTGATGG: CGCGAACTTGAGCGCTGTTGATGGA
GTTTAAATTGATGTCGCGTTAGCCC: TTTAAATTGATGTCGCGTTAGCCCT
CCTGACCTCGCCGCAGTTGCATGTA: CTGACCTCGCCGCAGTTGCATGTAA
TCGCCCTTGTCCCTTACCCATGTTG: CGCCCTTGTCCCTTACCCATGTTGT
GGGGTCATCCACCATGCTACACACT: GGGTCATCCACCATGCTACACACTA
GATACATCATAACGCCCTTGTAAGC: ATACATCATAACGCCCTTGTAAGCC
AGGGACTCACTAAAGCATATTTATA: GGGACTCACTAAAGCATATTTATAG
TAGGAGAAAAGTGCCGCCCCCACCT: AGGAGAAAAGTGCCGCCCCCACCTT
CTGAAGGACAATACAAGTAAAACAA: TGAAGGACAATACAAGTAAAACAAC
ACGGCTCAAGCCACGTTGGCACTAT: CGGCTCAAGCCACGTTGGCACTATC
ACGACATCAAGCGCGAACTTGAGCG: CGACATCAAGCGCGAACTTGAGCGC
TATAGGATCGAGGGAGTCGATACAT: ATAGGATCGAGGGAGTCGATACATC
AAATTGTGTTGCCGTGGCGATCCTG: AATTGTGTTGCCGTGGCGATCCTGC
AGTGGTTCCGCACGACCTCATTACA: GTGGTTCCGCACGACCTCATTACAT
TCCAGCGCCCCGCTAGCTGCTGTTT: CCAGCGCCCCGCTAGCTGCTGTTTA
CCAGCAAATATAACACAATTTGTTT: CAGCAAATATAACACAATTTGTTTT
GGACATGGGCAGTTCAATCAAGTCA: GACATGGGCAGTTCAATCAAGTCAC
TCACAGCATCTAGCGGCGTGCGACC: CACAGCATCTAGCGGCGTGCGACCC
CAGTGGCGCTCGTTAGCTTAACAAC: AGTGGCGCTCGTTAGCTTAACAACT
TGGAGTTATAGGATCGAGGGAGTCG: GGAGTTATAGGATCGAGGGAGTCGA
TTCTGTGTCGGCCGGGCATTGGAAA: TCTGTGTCGGCCGGGCATTGGAAAT
ATCTCCGTAGGGCCTGTCCCGAGAG: TCTCCGTAGGGCCTGTCCCGAGAGC
AGTGGCGCTCGTTAGCTTAACAACT: GTGGCGCTCGTTAGCTTAACAACTT
AATCACTGCCATGGTATTGCCCATC: ATCACTGCCATGGTATTGCCCATCG
GCCCATTTGTGAGAGTGAAGCAGAC: CCCATTTGTGAGAGTGAAGCAGACG
CACCGCCCATTTGTGAGAGTGAAGC: ACCGCCCATTTGTGAGAGTGAAGCA
TTGGCAAGGCAGTTAGTAGATGTCC: TGGCAAGGCAGTTAGTAGATGTCCT
TCGGTTAAAGCCACTGTCTGAATAA: CGGTTAAAGCCACTGTCTGAATAAA
CTCACATGGCTATGGAGATGATTAA: TCACATGGCTATGGAGATGATTAAT
CCGGACACACATGCTGTCGGCGATT: CGGACACACATGCTGTCGGCGATTC
CCAACCCCTAAATAAGCTGGCCAAA: CAACCCCTAAATAAGCTGGCCAAAC
CGTCATCCCTAAGTGAAGGTAGCGT: GTCATCCCTAAGTGAAGGTAGCGTC
GCAGATAAGACGTTCCTCAAGAGGA: CAGATAAGACGTTCCTCAAGAGGAC
ACGCTGGTTGGGACTGGCTGAATCC: CGCTGGTTGGGACTGGCTGAATCCT
TGCATGGATAAGGGGTGAGATCTTA: GCATGGATAAGGGGTGAGATCTTAT
GGCGGGCATTCTGTGCTCGCCATGC: GCGGGCATTCTGTGCTCGCCATGCT
CTGAGCTAAAGCCCCTCCGAGCTCT: TGAGCTAAAGCCCCTCCGAGCTCTG
CAAGTAGTCCTTTTTGATATGAAAA: AAGTAGTCCTTTTTGATATGAAAAT
CGAAGTCTGCGATTGATTTTCGTCA: GAAGTCTGCGATTGATTTTCGTCAG
TCGCGTTAGCCCTTCTCCCACTGGG: CGCGTTAGCCCTTCTCCCACTGGGA
AAGAAATGAGTTAGATGGCGCCTGT: AGAAATGAGTTAGATGGCGCCTGTT
AAATACGTCTAATACCAGCCTGCAC: AATACGTCTAATACCAGCCTGCACA
GGCCTTACTCAACGTGTCAGGGCTG: GCCTTACTCAACGTGTCAGGGCTGG
CGCCCGTGACATGGAAATCACACTG: GCCCGTGACATGGAAATCACACTGA
TCAACCGCTAAAGCATCAAGTCCCG: CAACCGCTAAAGCATCAAGTCCCGA
ACCGCCCATTTGTGAGAGTGAAGCA: CCGCCCATTTGTGAGAGTGAAGCAG
AACCAAAACACAAATTGTGTTGCCG: ACCAAAACACAAATTGTGTTGCCGT
TCACCTGAACGTGAACCTCCATTTA: CACCTGAACGTGAACCTCCATTTAG
TCATTCCCTATGATCAAACGCCGCA: CATTCCCTATGATCAAACGCCGCAC
GGGACTCACTAAAGCATATTTATAG: GGACTCACTAAAGCATATTTATAGG
CAAATATAACACAATTTGTTTTGTC: AAATATAACACAATTTGTTTTGTCA
AGTCGCTGATATGTCCTTGCGGCCC: GTCGCTGATATGTCCTTGCGGCCCC
GTGTGACAAGGGAGCCGTGACAAGG: TGTGACAAGGGAGCCGTGACAAGGC
GGTCAAAAGTACACTCCCAACTCTT: GTCAAAAGTACACTCCCAACTCTTG
GGGATGGAATTCCTGAATCTGGCCC: GGATGGAATTCCTGAATCTGGCCCG
AAATCTGAAGGACAATACAAGTAAA: AATCTGAAGGACAATACAAGTAAAA
TAAGCGCATCAACGATTATATCGCG: AAGCGCATCAACGATTATATCGCGG
GTTGTTATATTGTGTCGTGAGGGTG: TTGTTATATTGTGTCGTGAGGGTGA
GGCCCCCGGGTACTCAATTGTTTGT: GCCCCCGGGTACTCAATTGTTTGTA
TGAGCCTCATAAAATAGCCATGACG: GAGCCTCATAAAATAGCCATGACGG
ATAACACAATTTGTTTTGTCATCAC: TAACACAATTTGTTTTGTCATCACG
GCAGTCAATACCAGAGATCTCTGGC: CAGTCAATACCAGAGATCTCTGGCC
CCTCGAGCACGGACCCGCCCGTGAC: CTCGAGCACGGACCCGCCCGTGACA
TTCTGTGCTCGCCATGCTAGGACGA: TCTGTGCTCGCCATGCTAGGACGAG
TTTCCTAGGTAGAAAAAGGCCTTAC: TTCCTAGGTAGAAAAAGGCCTTACG
GGCAATCCAGCGCCCCGCTAGCTGC: GCAATCCAGCGCCCCGCTAGCTGCT
GGATTCGGTGCCTGTAGCGTTTGGT: GATTCGGTGCCTGTAGCGTTTGGTT
TGATATGAAAATATCCGGTTAAGAC: GATATGAAAATATCCGGTTAAGACC
TGTCGGCGATTCATTGCAGCCCACC: GTCGGCGATTCATTGCAGCCCACCC
GCCACCGGGCGTCACCTGAACGTGA: CCACCGGGCGTCACCTGAACGTGAA
ATGAGACCCCTTAGTAATTAATTTT: TGAGACCCCTTAGTAATTAATTTTA
TATGCTCGGATCACGGTATTGTAGC: ATGCTCGGATCACGGTATTGTAGCA
GAGCTATTAGAATCGTACTGACTCG: AGCTATTAGAATCGTACTGACTCGG
TTCATTGCAGCCCACCCTAGCAACG: TCATTGCAGCCCACCCTAGCAACGT
CCTATTACGGCCCGAGTGAGATGAT: CTATTACGGCCCGAGTGAGATGATG
CGCATCAACGATTATATCGCGGTTA: GCATCAACGATTATATCGCGGTTAC
AATTGATGTCGCGTTAGCCCTTCTC: ATTGATGTCGCGTTAGCCCTTCTCC
TGCCTATAGTTACGTTCCTCACATG: GCCTATAGTTACGTTCCTCACATGG
GATGGGCATTAACCCTACTAGACAC: ATGGGCATTAACCCTACTAGACACG
TTTATGCCGAGAGCGACTACGTGCT: TTATGCCGAGAGCGACTACGTGCTT
TGGCGCCTGTTATTTCCTACGTCTC: GGCGCCTGTTATTTCCTACGTCTCG
AAGAGGCGGCAAACGCAGTCAATAC: AGAGGCGGCAAACGCAGTCAATACC
GGTCATCCACCATGCTACACACTAA: GTCATCCACCATGCTACACACTAAG
GCGTCGCCCTTGTCCCTTACCCATG: CGTCGCCCTTGTCCCTTACCCATGT
CCCCACCTTTAGATGAATCGTTGAC: CCCACCTTTAGATGAATCGTTGACG
GTTGACGACCATGCCTGCACTCGAA: TTGACGACCATGCCTGCACTCGAAA
TCGAGGGAGTCGATACATCATAACG: CGAGGGAGTCGATACATCATAACGC
CGGCTGACTGACCAGACATCTCCAG: GGCTGACTGACCAGACATCTCCAGA
GGTGGTCTCTCGACGGGCAACCACG: GTGGTCTCTCGACGGGCAACCACGG
CACTGGGAATAACATCAACACGCTG: ACTGGGAATAACATCAACACGCTGG
ACCCGCGCCACGAAGCCCGAGCCTA: CCCGCGCCACGAAGCCCGAGCCTAT
GGGGGGTCTCTTTCATCTCCTAGCG: GGGGGTCTCTTTCATCTCCTAGCGA
AATCTCGGTGGTCTCTCGACGGGCA: ATCTCGGTGGTCTCTCGACGGGCAA
CTAGACACGGATTTTGAAGCCATAG: TAGACACGGATTTTGAAGCCATAGC
GAATAACATCAACACGCTGGTTGGG: AATAACATCAACACGCTGGTTGGGA
TCCGAGCTCTGTAGCTGTCACTACG: CCGAGCTCTGTAGCTGTCACTACGG
GAAGGGAGTTGCTTACCCTCCCGCC: AAGGGAGTTGCTTACCCTCCCGCCC
AAAAGGCCTTACGGCTGCAGGGTTA: AAAGGCCTTACGGCTGCAGGGTTAA
CGGCAGGCCGGCGGGATAAGGGAAA: GGCAGGCCGGCGGGATAAGGGAAAT
GCACACTGTGCTATGTCTGTTGATG: CACACTGTGCTATGTCTGTTGATGG
TCAGAAGTGACTTAAGAACGCCTTT: CAGAAGTGACTTAAGAACGCCTTTC
GAAAACCTATTTATGCCGAGAGCGA: AAAACCTATTTATGCCGAGAGCGAC
AGATCGTGGAAAGCGTGCTTATCCC: GATCGTGGAAAGCGTGCTTATCCCT
CCCAGCAAATATAACACAATTTGTT: CCAGCAAATATAACACAATTTGTTT
AGGATTAGGCAGAAGACATTGAACG: GGATTAGGCAGAAGACATTGAACGT
GTGTCAGGGCTGGCCTTGTTGCGCA: TGTCAGGGCTGGCCTTGTTGCGCAA
GGCCTCGAGAACTTTACGTCGATGC: GCCTCGAGAACTTTACGTCGATGCC
CCAGTGGAACTGCAGAGGTGGCCTA: CAGTGGAACTGCAGAGGTGGCCTAA
GATTAGTGGGGGAGCCCATGAGACC: ATTAGTGGGGGAGCCCATGAGACCC
GTCACACGCCAAATATGGTACAAAA: TCACACGCCAAATATGGTACAAAAC
GAGCAATGGATATTAATACTTGGAG: AGCAATGGATATTAATACTTGGAGC
CTCCTGTACGGTCGACACTCTGGCC: TCCTGTACGGTCGACACTCTGGCCA
ACCAATATTAGCCCTGCCTATAGTT: CCAATATTAGCCCTGCCTATAGTTA
TGAGCTAAAGCCCCTCCGAGCTCTG: GAGCTAAAGCCCCTCCGAGCTCTGT
AATTCTCTGAGTCAGTGGCGCTCGT: ATTCTCTGAGTCAGTGGCGCTCGTT
TATCGCCCAGTGGAGGCACTTCGGC: ATCGCCCAGTGGAGGCACTTCGGCG
AAAGTACACTCCCAACTCTTGGTAA: AAGTACACTCCCAACTCTTGGTAAA
ACGGCTTTGTAAAAGAGGCGGCAAA: CGGCTTTGTAAAAGAGGCGGCAAAC
GATGTGCTACTTAACGGCAAATGGA: ATGTGCTACTTAACGGCAAATGGAG
ATACACTGTAGTATGCTCGGATCAC: TACACTGTAGTATGCTCGGATCACG
ATTCTTGAGCTATTAGAATCGTACT: TTCTTGAGCTATTAGAATCGTACTG
AATAGCCATGACGGTTAAATCTGAA: ATAGCCATGACGGTTAAATCTGAAG
ATCGGGACCGACAAGCAGCTGTTGG: TCGGGACCGACAAGCAGCTGTTGGT
ACTAAGTTCTCACAGTGTGACAAGG: CTAAGTTCTCACAGTGTGACAAGGG
TCATGTAAGTGTACTCTCTACGGGG: CATGTAAGTGTACTCTCTACGGGGG
ATCATGCGGTGGACATGGGCAGTTC: TCATGCGGTGGACATGGGCAGTTCA
ATTACTAAAAAAATCTCGATGGGCA: TTACTAAAAAAATCTCGATGGGCAT
TTTGTAAAAGAGGCGGCAAACGCAG: TTGTAAAAGAGGCGGCAAACGCAGT
GATTTTCGTCAGGCGCCTAGCTACT: ATTTTCGTCAGGCGCCTAGCTACTA
CTAGCGACCCATTCGCGTGGGGACT: TAGCGACCCATTCGCGTGGGGACTC
GAATGAGTCCCCATCGAGCGTTCCA: AATGAGTCCCCATCGAGCGTTCCAA
GACTCCACGACGTATATGCTCGGTC: ACTCCACGACGTATATGCTCGGTCA
CGGTTAAAGCCACTGTCTGAATAAA: GGTTAAAGCCACTGTCTGAATAAAT
ATGGATATTAATACTTGGAGCAGAC: TGGATATTAATACTTGGAGCAGACT
AATTCCTGAATCTGGCCCGTAAAGC: ATTCCTGAATCTGGCCCGTAAAGCT
GTCACGCCGATTTGGTAGTTGCTTC: TCACGCCGATTTGGTAGTTGCTTCT
CTCTCAGAGCCATGACGTTTGAAGA: TCTCAGAGCCATGACGTTTGAAGAA
ACTAGCTACCACCGCCAGAAGCCGA: CTAGCTACCACCGCCAGAAGCCGAG
GGCCTAACCACGACTTGGCCACCGC: GCCTAACCACGACTTGGCCACCGCC
TTCTGGGGTGTCCGCTATAGTCGAA: TCTGGGGTGTCCGCTATAGTCGAAT
GGAAATCACACTGATGAGTTAATTC: GAAATCACACTGATGAGTTAATTCG
TTTCCCGGCGTGTCCGACTGATCCT: TTCCCGGCGTGTCCGACTGATCCTC
TAGAATTGTAGGAGAAAAGTGCCGC: AGAATTGTAGGAGAAAAGTGCCGCC
CGGACCCGCCCGTGACATGGAAATC: GGACCCGCCCGTGACATGGAAATCA
ACCACCGCCAGAAGCCGAGCTATTT: CCACCGCCAGAAGCCGAGCTATTTT
CCTTCGGCAGCGCGGTTTCCTAATT: CTTCGGCAGCGCGGTTTCCTAATTC
CGCTTTCGCTTGTCTGCCCGAACTA: GCTTTCGCTTGTCTGCCCGAACTAG
ATTCGCGTGGGGACTCTGGCTATCT: TTCGCGTGGGGACTCTGGCTATCTT
GTTGATTCGGTGCTATCGCACACTA: TTGATTCGGTGCTATCGCACACTAG
GGGGGATTTTAGCAGATTTGTAGTA: GGGGATTTTAGCAGATTTGTAGTAC
ATAATCACTGCCATGGTATTGCCCA: TAATCACTGCCATGGTATTGCCCAT
ATGCCCGAGGTATTGGGAGTAACTG: TGCCCGAGGTATTGGGAGTAACTGG
ATCGCGGTTACAAACCATTGGGAAA: TCGCGGTTACAAACCATTGGGAAAC
CTCTACGGGGGCGTAGCAAACATGA: TCTACGGGGGCGTAGCAAACATGAG
CGAAGTTCAACCGAACTGGCTTGCA: GAAGTTCAACCGAACTGGCTTGCAT
TCGCATAATCACTGCCATGGTATTG: CGCATAATCACTGCCATGGTATTGC
TGACCAAACTGGGTTGTTATATTGT: GACCAAACTGGGTTGTTATATTGTG
TTGTAGCAGGAAAACCCAGTCGGGG: TGTAGCAGGAAAACCCAGTCGGGGG
ATTGTAGGAGAAAAGTGCCGCCCCC: TTGTAGGAGAAAAGTGCCGCCCCCA
CCCGAAGGCGGGATGGAATTCCTGA: CCGAAGGCGGGATGGAATTCCTGAA
TCTATACCAATGGAGTTATAGGATC: CTATACCAATGGAGTTATAGGATCG
AGAAGTGACTTAAGAACGCCTTTCC: GAAGTGACTTAAGAACGCCTTTCCC
GTGACCAAACTGGGTTGTTATATTG: TGACCAAACTGGGTTGTTATATTGT
GCCATGCTAGGACGAGGAAATAACG: CCATGCTAGGACGAGGAAATAACGG
CTTTAGATCGTGGAAAGCGTGCTTA: TTTAGATCGTGGAAAGCGTGCTTAT
ATATGGGCAGGCGCCTCGCCACTTT: TATGGGCAGGCGCCTCGCCACTTTG
GAGCTAAAGCCCCTCCGAGCTCTGT: AGCTAAAGCCCCTCCGAGCTCTGTA
GCACGGACCCGCCCGTGACATGGAA: CACGGACCCGCCCGTGACATGGAAA
CGCCGAGCAATGGATATTAATACTT: GCCGAGCAATGGATATTAATACTTG
AACTTCGAAATCACGCCGATTTTCT: ACTTCGAAATCACGCCGATTTTCTT
TTAGCTTAACAACTTTACGAATCCT: TAGCTTAACAACTTTACGAATCCTG
GTAGTCCTTTTTGATATGAAAATAT: TAGTCCTTTTTGATATGAAAATATC
TTCCTACGTCTCGTGTGAGTTAGAA: TCCTACGTCTCGTGTGAGTTAGAAT
TCGCACACTAGCACGTACTCGTACA: CGCACACTAGCACGTACTCGTACAC
TGGACAGTGACACCCCATCCTAGCA: GGACAGTGACACCCCATCCTAGCAG
TGCGATTGATTTTCGTCAGGCGCCT: GCGATTGATTTTCGTCAGGCGCCTA
TCGGATCACGGTATTGTAGCAGGAA: CGGATCACGGTATTGTAGCAGGAAA
GAAGCAGACGCGTGCACAGGGACTC: AAGCAGACGCGTGCACAGGGACTCA
AGCCGTGACAAGGCCGCAGGCAGAT: GCCGTGACAAGGCCGCAGGCAGATG
GCGGCCTTTTACACGCGGCTCACGA: CGGCCTTTTACACGCGGCTCACGAG
TTCATGGAAAACCAAAACACAAATT: TCATGGAAAACCAAAACACAAATTG
CCTAAGTGAAGGTAGCGTCGCCCTT: CTAAGTGAAGGTAGCGTCGCCCTTG
TGGGCAGGCGCCTCGCCACTTTGTT: GGGCAGGCGCCTCGCCACTTTGTTG
CGTCAGAAGTGACTTAAGAACGCCT: GTCAGAAGTGACTTAAGAACGCCTT
ATGGAAAACCAAAACACAAATTGTG: TGGAAAACCAAAACACAAATTGTGT
TATCCCTTAGGTATCTGACAACATC: ATCCCTTAGGTATCTGACAACATCC
ATATTGTGTCGTGAGGGTGACTAAG: TATTGTGTCGTGAGGGTGACTAAGT
ACAACGGCTTTGACTATTATCCGGT: CAACGGCTTTGACTATTATCCGGTA
CGGTACATCTCCGTAGGGCCTGTCC: GGTACATCTCCGTAGGGCCTGTCCC
CATAAAATAGCCATGACGGTTAAAT: ATAAAATAGCCATGACGGTTAAATC
CGATTTTATGATCCTTATTGACGTT: GATTTTATGATCCTTATTGACGTTT
CTGTTATTTCCTACGTCTCGTGTGA: TGTTATTTCCTACGTCTCGTGTGAG
CTGCGCCCTTTCTGCAAGCCGTATG: TGCGCCCTTTCTGCAAGCCGTATGA
CGTGAGTACCACCGCCCATTTGTGA: GTGAGTACCACCGCCCATTTGTGAG
GATAAGACGTTCCTCAAGAGGACTC: ATAAGACGTTCCTCAAGAGGACTCT
GAAATAAGGTACCTGACATAACCAA: AAATAAGGTACCTGACATAACCAAC
AAGTACGGCCTTGTGGTCCAACCCC: AGTACGGCCTTGTGGTCCAACCCCT
TAAGTTCTCACAGTGTGACAAGGGA: AAGTTCTCACAGTGTGACAAGGGAG
ACACACTAAGCGCATCAACGATTAT: CACACTAAGCGCATCAACGATTATA
TCGTAACGGCCCGGTACATTTCTTA: CGTAACGGCCCGGTACATTTCTTAT
TTGAATGCAGGCAACCTAACTATGT: TGAATGCAGGCAACCTAACTATGTC
GCTATGGAGATGATTAATTCTCTTT: CTATGGAGATGATTAATTCTCTTTC
TCATAAAATAGCCATGACGGTTAAA: CATAAAATAGCCATGACGGTTAAAT
GTGACAAGGCCGCAGGCAGATGTGA: TGACAAGGCCGCAGGCAGATGTGAG
CGTTTGCATTATAAAACTCACAATC: GTTTGCATTATAAAACTCACAATCT
GAAGGTAGCGTCGCCCTTGTCCCTT: AAGGTAGCGTCGCCCTTGTCCCTTA
GTGTGAGTTAGAATATCGCCCGAAG: TGTGAGTTAGAATATCGCCCGAAGG
TTGTTTGAACTGGTGAGTTTAATCA: TGTTTGAACTGGTGAGTTTAATCAC
ACGGCCTTGTGGTCCAACCCCTAAA: CGGCCTTGTGGTCCAACCCCTAAAT
GATCTCTGGCCTTACTCAACGTGTC: ATCTCTGGCCTTACTCAACGTGTCA
GCCATTGGCAAGGCAGTTAGTAGAT: CCATTGGCAAGGCAGTTAGTAGATG
AAGCGCGAACTTGAGCGCTGTTGAT: AGCGCGAACTTGAGCGCTGTTGATG
CGTCTCGTGTGAGTTAGAATATCGC: GTCTCGTGTGAGTTAGAATATCGCC
CGGGGGCGTAGCAAACATGAGCGCC: GGGGGCGTAGCAAACATGAGCGCCC
TCTTTCCAGCTGTGACAGTCGTAAC: CTTTCCAGCTGTGACAGTCGTAACG
AATGCCCGCTCGGCCTCAAAAAATG: ATGCCCGCTCGGCCTCAAAAAATGT
TTATCTCACGTCTACCTTCCGGGAA: TATCTCACGTCTACCTTCCGGGAAT
CGAGGTATTGGGAGTAACTGGCTCA: GAGGTATTGGGAGTAACTGGCTCAC
GCTTAACAACTTTACGAATCCTGAC: CTTAACAACTTTACGAATCCTGACA
GGTTGGACAGTGACACCCCATCCTA: GTTGGACAGTGACACCCCATCCTAG
ATATGAGTCGCTAATCATGCGGTGG: TATGAGTCGCTAATCATGCGGTGGA
GATTTTAGCAGATTTGTAGTACTCA: ATTTTAGCAGATTTGTAGTACTCAG
GTCGGGGGGTCTCTTTCATCTCCTA: TCGGGGGGTCTCTTTCATCTCCTAG
TAAGCTGGCCAAACGGAGAATAACT: AAGCTGGCCAAACGGAGAATAACTA
AGGCGGCAAACGCAGTCAATACCAG: GGCGGCAAACGCAGTCAATACCAGA
ACGACGTATATGCTCGGTCACCGAA: CGACGTATATGCTCGGTCACCGAAA
AAGGGAGTTGCTTACCCTCCCGCCC: AGGGAGTTGCTTACCCTCCCGCCCA
AATCGCCGCATCCCTATTCGACATG: ATCGCCGCATCCCTATTCGACATGG
ATTAATTTTATGCCCGGACAGATTC: TTAATTTTATGCCCGGACAGATTCT
TCATCACGGACCATTGCACCTCCGT: CATCACGGACCATTGCACCTCCGTG
AGACCCCTTAGTAATTAATTTTATG: GACCCCTTAGTAATTAATTTTATGC
TCGGATAAAATCGCCGCATCCCTAT: CGGATAAAATCGCCGCATCCCTATT
ACAGACAATTCTCAGAAGTCGTCAT: CAGACAATTCTCAGAAGTCGTCATG
CTCAAGCCACGTTGGCACTATCGCC: TCAAGCCACGTTGGCACTATCGCCT
CAGAGCCATGACGTTTGAAGAAATA: AGAGCCATGACGTTTGAAGAAATAT
GTAGCAAACATGAGCGCCCGGACAC: TAGCAAACATGAGCGCCCGGACACA
TACCAATATTAGCCCTGCCTATAGT: ACCAATATTAGCCCTGCCTATAGTT
GAGTGTTGTGATCAAATTCTCTGAG: AGTGTTGTGATCAAATTCTCTGAGT
TTCGACATGGTTTTAGTGGTTCCGC: TCGACATGGTTTTAGTGGTTCCGCA
TTGTAATCATGCGGCTACTATATAC: TGTAATCATGCGGCTACTATATACC
TACCTTCCGGGAATGAGTCCCCATC: ACCTTCCGGGAATGAGTCCCCATCG
TTTATCTCACGTCTACCTTCCGGGA: TTATCTCACGTCTACCTTCCGGGAA
CGAACTAGCTACCACCGCCAGAAGC: GAACTAGCTACCACCGCCAGAAGCC
TTCCAAATGCCCGCTCGGCCTCAAA: TCCAAATGCCCGCTCGGCCTCAAAA
GGCGTGTCCGACTGATCCTCAACAT: GCGTGTCCGACTGATCCTCAACATT
AGTCTGCGATTGATTTTCGTCAGGC: GTCTGCGATTGATTTTCGTCAGGCG
TCATCCACCATGCTACACACTAAGC: CATCCACCATGCTACACACTAAGCG
TCTGTTCTTATGAGATATATGTGTC: CTGTTCTTATGAGATATATGTGTCA
AAGTCATTCTGTGTCGGCCGGGCAT: AGTCATTCTGTGTCGGCCGGGCATT
CGTTGACGACCATGCCTGCACTCGA: GTTGACGACCATGCCTGCACTCGAA
GACGGGGTCGGCAACTGCAAATTTG: ACGGGGTCGGCAACTGCAAATTTGT
CGCCATGCTAGGACGAGGAAATAAC: GCCATGCTAGGACGAGGAAATAACG
AAAGCTGAAACTCACATGGCTATGG: AAGCTGAAACTCACATGGCTATGGA
TCGGGACCGACAAGCAGCTGTTGGT: CGGGACCGACAAGCAGCTGTTGGTG
GACTATTATCCGGTACATCTCCGTA: ACTATTATCCGGTACATCTCCGTAG
TAAGAATCAGCCCCTTGTGTTTGAC: AAGAATCAGCCCCTTGTGTTTGACA
GGCACCTTCGTACGGAGTCTGGGAA: GCACCTTCGTACGGAGTCTGGGAAC
TTGGGACTGGCTGAATCCTCATAAC: TGGGACTGGCTGAATCCTCATAACT
GCAAATTTGTTACTTGCCCTCGGGT: CAAATTTGTTACTTGCCCTCGGGTG
ATGTCTGTTGATGGAATGCATGGAT: TGTCTGTTGATGGAATGCATGGATA
TCGCTTGTCTGCCCGAACTAGCTAC: CGCTTGTCTGCCCGAACTAGCTACC
ATGGAATTCCTGAATCTGGCCCGTA: TGGAATTCCTGAATCTGGCCCGTAA
CTGAATCTGGCCCGTAAAGCTGAAA: TGAATCTGGCCCGTAAAGCTGAAAC
GTGGCAAATTGACCCACTGCTAAGC: TGGCAAATTGACCCACTGCTAAGCG
CCGGACAGATTCTGTATTTAGATAT: CGGACAGATTCTGTATTTAGATATG
GTACTTATCGCATAATCACTGCCAT: TACTTATCGCATAATCACTGCCATG
GTAAGCCTTCGGCCGAGACGGGTTT: TAAGCCTTCGGCCGAGACGGGTTTA
TCTATTTAAGGGGTCATCCACCATG: CTATTTAAGGGGTCATCCACCATGC
GTATTGTCGTACGTCAAGTACGGCC: TATTGTCGTACGTCAAGTACGGCCT
TATTGTAGCAGGAAAACCCAGTCGG: ATTGTAGCAGGAAAACCCAGTCGGG
GAGCCCATGAGACCCCTTAGTAATT: AGCCCATGAGACCCCTTAGTAATTA
ACCAGACATCTCCAGACTGAGATCT: CCAGACATCTCCAGACTGAGATCTA
AAAACCAAAACACAAATTGTGTTGC: AAACCAAAACACAAATTGTGTTGCC
GAGCCTCATAAAATAGCCATGACGG: AGCCTCATAAAATAGCCATGACGGT
GATGGAATTCCTGAATCTGGCCCGT: ATGGAATTCCTGAATCTGGCCCGTA
GCGTAAAGCTGTCACCAGTCTCTAG: CGTAAAGCTGTCACCAGTCTCTAGT
ATATTAGCCCTGCCTATAGTTACGT: TATTAGCCCTGCCTATAGTTACGTT
CCACTTTGTTGATTCGGTGCTATCG: CACTTTGTTGATTCGGTGCTATCGC
TGTTACTTGCCCTCGGGTGCTACGG: GTTACTTGCCCTCGGGTGCTACGGG
TCCACCATGCTACACACTAAGCGCA: CCACCATGCTACACACTAAGCGCAT
CGATTTGCTATCCACGGTCCTATCG: GATTTGCTATCCACGGTCCTATCGC
AGGTAGCGTCGCCCTTGTCCCTTAC: GGTAGCGTCGCCCTTGTCCCTTACC
CGAGCTCTGTAGCTGTCACTACGGC: GAGCTCTGTAGCTGTCACTACGGCT
TGCATGTTTACTTGGATTCGGTGCC: GCATGTTTACTTGGATTCGGTGCCT
CCATCCTAGCAGACATCGGGACCGA: CATCCTAGCAGACATCGGGACCGAC
GCATTATAAAACTCACAATCTTTAG: CATTATAAAACTCACAATCTTTAGT
AACCAACGACACTTCCTCCATAGGA: ACCAACGACACTTCCTCCATAGGAT
TGCCGCCCCCACCTTTAGATGAATC: GCCGCCCCCACCTTTAGATGAATCG
CTATGTAAACGGACCCACAGCGTTT: TATGTAAACGGACCCACAGCGTTTA
TGACGACCATGCCTGCACTCGAAAT: GACGACCATGCCTGCACTCGAAATT
GTTCGGCAGGCCGGCGGGATAAGGG: TTCGGCAGGCCGGCGGGATAAGGGA
CTAAAGCATATTTATAGGGTCCTCA: TAAAGCATATTTATAGGGTCCTCAC
GCGCCGAGCAATGGATATTAATACT: CGCCGAGCAATGGATATTAATACTT
TTAGTGGTTCCGCACGACCTCATTA: TAGTGGTTCCGCACGACCTCATTAC
ACACTACCCTAGATGGAAACCACGA: CACTACCCTAGATGGAAACCACGAG
TGGAAACCACGAGAGCTGAATAAGT: GGAAACCACGAGAGCTGAATAAGTG
TGTAATCATGCGGCTACTATATACC: GTAATCATGCGGCTACTATATACCG
TTAAGAACGCCTTTCCCGGCGTGTC: TAAGAACGCCTTTCCCGGCGTGTCC
GGGAATGAGTCCCCATCGAGCGTTC: GGAATGAGTCCCCATCGAGCGTTCC
CCGAACAGTATTGTCGTACGTCAAG: CGAACAGTATTGTCGTACGTCAAGT
CTCTTTCCAGCTGTGACAGTCGTAA: TCTTTCCAGCTGTGACAGTCGTAAC
GACCAAACTGGGTTGTTATATTGTG: ACCAAACTGGGTTGTTATATTGTGT
TGGCTATGGAGATGATTAATTCTCT: GGCTATGGAGATGATTAATTCTCTT
ACGTCATCCCTAAGTGAAGGTAGCG: CGTCATCCCTAAGTGAAGGTAGCGT
GCGCAAAACCTGGATTAGTGGGGGA: CGCAAAACCTGGATTAGTGGGGGAG
GAGAGGAAGTAGTCACCAGCCGCGG: AGAGGAAGTAGTCACCAGCCGCGGG
TTCCTGAATCTGGCCCGTAAAGCTG: TCCTGAATCTGGCCCGTAAAGCTGA
CGTGTCAGGGCTGGCCTTGTTGCGC: GTGTCAGGGCTGGCCTTGTTGCGCA
TGGATATTAATACTTGGAGCAGACT: GGATATTAATACTTGGAGCAGACTC
GCTTGTCCACAGCACGTCGATAAAA: CTTGTCCACAGCACGTCGATAAAAT
TTGTTGCGCAAAACCTGGATTAGTG: TGTTGCGCAAAACCTGGATTAGTGG
GTTATATTGTGTCGTGAGGGTGACT: TTATATTGTGTCGTGAGGGTGACTA
CCACGACTTGGCCACCGCCCTGACC: CACGACTTGGCCACCGCCCTGACCT
GCCACTTTGTTGATTCGGTGCTATC: CCACTTTGTTGATTCGGTGCTATCG
GTACGCCTTTCGAAGTTCAACCGAA: TACGCCTTTCGAAGTTCAACCGAAC
GATGGATTTTCCTAGGTAGAAAAAG: ATGGATTTTCCTAGGTAGAAAAAGG
AATGGCGGGCATTCTGTGCTCGCCA: ATGGCGGGCATTCTGTGCTCGCCAT
CTTCGCAGTGAATCCTAGTGAATAA: TTCGCAGTGAATCCTAGTGAATAAG
TGATCAAATTCTCTGAGTCAGTGGC: GATCAAATTCTCTGAGTCAGTGGCG
CGGATCACGGTATTGTAGCAGGAAA: GGATCACGGTATTGTAGCAGGAAAA
ACGTGCGTGCACTCCCAATGGTTAG: CGTGCGTGCACTCCCAATGGTTAGC
TTGTTACTTGCCCTCGGGTGCTACG: TGTTACTTGCCCTCGGGTGCTACGG
CATGGCCATCGGACGAAGATAGAAT: ATGGCCATCGGACGAAGATAGAATT
CACCGAAAACCTATTTATGCCGAGA: ACCGAAAACCTATTTATGCCGAGAG
CACGGTAATTACTAAAAAAATCTCG: ACGGTAATTACTAAAAAAATCTCGA
ATCGTAGTATACCGTTAATATCTCC: TCGTAGTATACCGTTAATATCTCCT
AAAAAGGCCTTACGGCTGCAGGGTT: AAAAGGCCTTACGGCTGCAGGGTTA
GGACAGTGACACCCCATCCTAGCAG: GACAGTGACACCCCATCCTAGCAGA
TGCTCGGATCACGGTATTGTAGCAG: GCTCGGATCACGGTATTGTAGCAGG
GTACCTGACATAACCAACGACACTT: TACCTGACATAACCAACGACACTTC
CGACATCAAGCGCGAACTTGAGCGC: GACATCAAGCGCGAACTTGAGCGCT
CCTTGCGGCCCCGCCGATTTGCTAT: CTTGCGGCCCCGCCGATTTGCTATC
GTGACTTAAGAACGCCTTTCCCGGC: TGACTTAAGAACGCCTTTCCCGGCG
GCTCACGAGAGGAAGTAGTCACCAG: CTCACGAGAGGAAGTAGTCACCAGC
GACTTACGACATCAAGCGCGAACTT: ACTTACGACATCAAGCGCGAACTTG
CCTGTACGGTCGACACTCTGGCCAA: CTGTACGGTCGACACTCTGGCCAAG
CGGCCCGAGTGAGATGATGTGCTAC: GGCCCGAGTGAGATGATGTGCTACT
CCGGCGTGTCCGACTGATCCTCAAC: CGGCGTGTCCGACTGATCCTCAACA
TAGAAGGGAGTTGCTTACCCTCCCG: AGAAGGGAGTTGCTTACCCTCCCGC
GGACTCTGGCTATCTTCCTCTGGTT: GACTCTGGCTATCTTCCTCTGGTTG
AAGACATTGAACGTTATTACGCCCA: AGACATTGAACGTTATTACGCCCAG
AGAAGCCGAGCTATTTTAGACGGCA: GAAGCCGAGCTATTTTAGACGGCAC
AATTTCGCTTTCGCTTGTCTGCCCG: ATTTCGCTTTCGCTTGTCTGCCCGA
ACAGTGACACCCCATCCTAGCAGAC: CAGTGACACCCCATCCTAGCAGACA
GCTTTGTAAAAGAGGCGGCAAACGC: CTTTGTAAAAGAGGCGGCAAACGCA
AATTTGTTTTGTCATCACGGACCAT: ATTTGTTTTGTCATCACGGACCATT
GCGCCTCGCCACTTTGTTGATTCGG: CGCCTCGCCACTTTGTTGATTCGGT
CAATCATATTTTCACGCTCCACAGT: AATCATATTTTCACGCTCCACAGTC
TGATCCTCAACATTCACGTCATCCC: GATCCTCAACATTCACGTCATCCCT
CTAGCACGTACTCGTACACCGACAC: TAGCACGTACTCGTACACCGACACG
ACGGTAATTACTAAAAAAATCTCGA: CGGTAATTACTAAAAAAATCTCGAT
ATGTACTTATCGCATAATCACTGCC: TGTACTTATCGCATAATCACTGCCA
GCCTTACGGCTGCAGGGTTAACGAT: CCTTACGGCTGCAGGGTTAACGATC
ACTGGCTCACACTACCCTAGATGGA: CTGGCTCACACTACCCTAGATGGAA
GTACGTCAAGTACGGCCTTGTGGTC: TACGTCAAGTACGGCCTTGTGGTCC
TCTCAGAGCCATGACGTTTGAAGAA: CTCAGAGCCATGACGTTTGAAGAAA
TCTGGCCTCGAGAACTTTACGTCGA: CTGGCCTCGAGAACTTTACGTCGAT
CGTGCACTCCCAATGGTTAGCACAC: GTGCACTCCCAATGGTTAGCACACT
TTCGGCCGAGACGGGTTTAAATTGA: TCGGCCGAGACGGGTTTAAATTGAT
TTTGACTATTATCCGGTACATCTCC: TTGACTATTATCCGGTACATCTCCG
CTGTGTCGGCCGGGCATTGGAAATT: TGTGTCGGCCGGGCATTGGAAATTT
TCTTTCATCTCCTAGCGACCCATTC: CTTTCATCTCCTAGCGACCCATTCG
CAGTGGAACTGCAGAGGTGGCCTAA: AGTGGAACTGCAGAGGTGGCCTAAC
CCCTTCGGCAGCGCGGTTTCCTAAT: CCTTCGGCAGCGCGGTTTCCTAATT
CTTGTGTTTGACATTGACAACGGCT: TTGTGTTTGACATTGACAACGGCTT
TGAGTACCACCGCCCATTTGTGAGA: GAGTACCACCGCCCATTTGTGAGAG
CTCCGAGCTCTGTAGCTGTCACTAC: TCCGAGCTCTGTAGCTGTCACTACG
GTATTTCAGCGATGTCGGTTAAAGC: TATTTCAGCGATGTCGGTTAAAGCC
ACCCAGCAAATATAACACAATTTGT: CCCAGCAAATATAACACAATTTGTT
GCTATCTTCCTCTGGTTGTTTGAAC: CTATCTTCCTCTGGTTGTTTGAACT
TACTCAACGTGTCAGGGCTGGCCTT: ACTCAACGTGTCAGGGCTGGCCTTG
TCGTGAGGGTGACTAAGTTCTCACA: CGTGAGGGTGACTAAGTTCTCACAG
TATCGCATAATCACTGCCATGGTAT: ATCGCATAATCACTGCCATGGTATT
GCTATCGCACACTAGCACGTACTCG: CTATCGCACACTAGCACGTACTCGT
GTGAGATCTTATCGATCTAAACTCG: TGAGATCTTATCGATCTAAACTCGA
GCTTGCATGTCCCAACGTGCGTGCA: CTTGCATGTCCCAACGTGCGTGCAC
TCGCCATGCTAGGACGAGGAAATAA: CGCCATGCTAGGACGAGGAAATAAC
CACCTGAACGTGAACCTCCATTTAG: ACCTGAACGTGAACCTCCATTTAGC
GGTTTACGGCTTTGTAAAAGAGGCG: GTTTACGGCTTTGTAAAAGAGGCGG
TGCTTTGATACAGCTGGTCCAGACT: GCTTTGATACAGCTGGTCCAGACTT
GTTTCCTAATTCTTGAGCTATTAGA: TTTCCTAATTCTTGAGCTATTAGAA
TAAAGCCACTGTCTGAATAAATTTA: AAAGCCACTGTCTGAATAAATTTAA
CGATTATATCGCGGTTACAAACCAT: GATTATATCGCGGTTACAAACCATT
ATCCTGACAGAAATTAGAAGGGAGT: TCCTGACAGAAATTAGAAGGGAGTT
CGCTGTTGATGGATTTTCCTAGGTA: GCTGTTGATGGATTTTCCTAGGTAG
GCAGGCAGATGTGAGACTCGAAAAT: CAGGCAGATGTGAGACTCGAAAATA
GAGAGTGAAGCAGACGCGTGCACAG: AGAGTGAAGCAGACGCGTGCACAGG
GATCTTATCGATCTAAACTCGATTT: ATCTTATCGATCTAAACTCGATTTT
CGGGCGCTGTTTGGTAGAATCATTG: GGGCGCTGTTTGGTAGAATCATTGT
GACAACATCCAGGGCAGCTAGCGCT: ACAACATCCAGGGCAGCTAGCGCTC
AGGGAAATAAGGTACCTGACATAAC: GGGAAATAAGGTACCTGACATAACC
GACTTAAGCACGGACTCCACGACGT: ACTTAAGCACGGACTCCACGACGTA
GTGCTACTTAACGGCAAATGGAGTT: TGCTACTTAACGGCAAATGGAGTTT
GTGCCTAGCTGCTACGTGAGTACCA: TGCCTAGCTGCTACGTGAGTACCAC
CCCATCGAGCGTTCCAAATGCCCGC: CCATCGAGCGTTCCAAATGCCCGCT
TGACAGAAATTAGAAGGGAGTTGCT: GACAGAAATTAGAAGGGAGTTGCTT
CAAACAACTCTAGATGTACTTATCG: AAACAACTCTAGATGTACTTATCGC
GTGCCGCCCCCACCTTTAGATGAAT: TGCCGCCCCCACCTTTAGATGAATC
CTAGCTACCACCGCCAGAAGCCGAG: TAGCTACCACCGCCAGAAGCCGAGC
AATCATGCGGTGGACATGGGCAGTT: ATCATGCGGTGGACATGGGCAGTTC
GTCACCAGTCTCTAGTCACCACATT: TCACCAGTCTCTAGTCACCACATTA
CCTACGTACGGCTAGACCCGCGCCA: CTACGTACGGCTAGACCCGCGCCAC
ACACAATTTGTTTTGTCATCACGGA: CACAATTTGTTTTGTCATCACGGAC
TTACGTCGATGCCTTCCTATTACGG: TACGTCGATGCCTTCCTATTACGGC
AGCGCGGTTTCCTAATTCTTGAGCT: GCGCGGTTTCCTAATTCTTGAGCTA
AGACCCGCGCCACGAAGCCCGAGCC: GACCCGCGCCACGAAGCCCGAGCCT
TTGATGGATTTTCCTAGGTAGAAAA: TGATGGATTTTCCTAGGTAGAAAAA
GTAATTACTAAAAAAATCTCGATGG: TAATTACTAAAAAAATCTCGATGGG
ACCGAACTGGCTTGCATGTCCCAAC: CCGAACTGGCTTGCATGTCCCAACG
CCCAACTCTTGGTAAATCTGTTCTT: CCAACTCTTGGTAAATCTGTTCTTA
TGGTCAAAAGTACACTCCCAACTCT: GGTCAAAAGTACACTCCCAACTCTT
CGAGGGAGTCGATACATCATAACGC: GAGGGAGTCGATACATCATAACGCC
AGGGGTCATCCACCATGCTACACAC: GGGGTCATCCACCATGCTACACACT
GAAATCACACTGATGAGTTAATTCG: AAATCACACTGATGAGTTAATTCGC
CCTATCGCCCAGTGGAGGCACTTCG: CTATCGCCCAGTGGAGGCACTTCGG
AATTGAATGCAGGCAACCTAACTAT: ATTGAATGCAGGCAACCTAACTATG
TATTAGCCCTGCCTATAGTTACGTT: ATTAGCCCTGCCTATAGTTACGTTC
CGATGTCGGTTAAAGCCACTGTCTG: GATGTCGGTTAAAGCCACTGTCTGA
TCAAGTAGTCCTTTTTGATATGAAA: CAAGTAGTCCTTTTTGATATGAAAA
CATCTCGGCCCTTACTTCAGTGGCA: ATCTCGGCCCTTACTTCAGTGGCAA
GACACACATGCTGTCGGCGATTCAT: ACACACATGCTGTCGGCGATTCATT
CGCTAATCATGCGGTGGACATGGGC: GCTAATCATGCGGTGGACATGGGCA
CACACATGCTGTCGGCGATTCATTG: ACACATGCTGTCGGCGATTCATTGC
ACGTTATTACGCCCAGCAGAGCGGA: CGTTATTACGCCCAGCAGAGCGGAC
GGCTTTGTAAAAGAGGCGGCAAACG: GCTTTGTAAAAGAGGCGGCAAACGC
GCCTTCCTATTACGGCCCGAGTGAG: CCTTCCTATTACGGCCCGAGTGAGA
ATTTCGCTTTCGCTTGTCTGCCCGA: TTTCGCTTTCGCTTGTCTGCCCGAA
TTGCATGTAAGGCTTCTGGGGTGTC: TGCATGTAAGGCTTCTGGGGTGTCC
TGTCATCACGGACCATTGCACCTCC: GTCATCACGGACCATTGCACCTCCG
CAGTATTGTCGTACGTCAAGTACGG: AGTATTGTCGTACGTCAAGTACGGC
CCTACGTCTCGTGTGAGTTAGAATA: CTACGTCTCGTGTGAGTTAGAATAT
CCCTTTCTGCAAGCCGTATGAGCCT: CCTTTCTGCAAGCCGTATGAGCCTC
CGTCATGGTCACGCCGATTTGGTAG: GTCATGGTCACGCCGATTTGGTAGT
CACCGCCCTGACCTCGCCGCAGTTG: ACCGCCCTGACCTCGCCGCAGTTGC
CCGTGACCAAACTGGGTTGTTATAT: CGTGACCAAACTGGGTTGTTATATT
GTCCTAATCATCAAGAAACAGACAA: TCCTAATCATCAAGAAACAGACAAT
GGCACATATGGGCAGGCGCCTCGCC: GCACATATGGGCAGGCGCCTCGCCA
GTGAAGGTAGCGTCGCCCTTGTCCC: TGAAGGTAGCGTCGCCCTTGTCCCT
GAGGTGGCCTAACCACGACTTGGCC: AGGTGGCCTAACCACGACTTGGCCA
GACGGGTTTAAATTGATGTCGCGTT: ACGGGTTTAAATTGATGTCGCGTTA
CTTCTTTACGGCTCAAGCCACGTTG: TTCTTTACGGCTCAAGCCACGTTGG
AATAGCGGCCTTTTACACGCGGCTC: ATAGCGGCCTTTTACACGCGGCTCA
ACTTATCGCATAATCACTGCCATGG: CTTATCGCATAATCACTGCCATGGT
CATGCGGCTACTATATACCGTTCTG: ATGCGGCTACTATATACCGTTCTGG
CCCGCCCGTGACATGGAAATCACAC: CCGCCCGTGACATGGAAATCACACT
TATCTCCTGTACGGTCGACACTCTG: ATCTCCTGTACGGTCGACACTCTGG
TGTCGTGAGGGTGACTAAGTTCTCA: GTCGTGAGGGTGACTAAGTTCTCAC
TACTCAATTGTTTGTAATCATGCGG: ACTCAATTGTTTGTAATCATGCGGC
TGACAGTCGTAACGGCCCGGTACAT: GACAGTCGTAACGGCCCGGTACATT
CTGACCTCGCCGCAGTTGCATGTAA: TGACCTCGCCGCAGTTGCATGTAAG
CAGGGGGATTTTAGCAGATTTGTAG: AGGGGGATTTTAGCAGATTTGTAGT
TGTAGGAGAAAAGTGCCGCCCCCAC: GTAGGAGAAAAGTGCCGCCCCCACC
CACGCTGGTTGGGACTGGCTGAATC: ACGCTGGTTGGGACTGGCTGAATCC
ATCAAGTCCCGAACTGGCGATGCAC: TCAAGTCCCGAACTGGCGATGCACC
TCGGTAAGGCAATCCAGCGCCCCGC: CGGTAAGGCAATCCAGCGCCCCGCT
GACCCACTGCTAAGCGACCTCTTCG: ACCCACTGCTAAGCGACCTCTTCGC
AGCTGCTACGTGAGTACCACCGCCC: GCTGCTACGTGAGTACCACCGCCCA
GCTTTGACTATTATCCGGTACATCT: CTTTGACTATTATCCGGTACATCTC
CGTAGTATACCGTTAATATCTCCTG: GTAGTATACCGTTAATATCTCCTGT
TTTAGACGGCACCTTCGTACGGAGT: TTAGACGGCACCTTCGTACGGAGTC
CGATGCACCGCTGTTAGATCAAGTA: GATGCACCGCTGTTAGATCAAGTAG
ATTGACGTTTGCATTATAAAACTCA: TTGACGTTTGCATTATAAAACTCAC
ATCACGAAGTCTGCGATTGATTTTC: TCACGAAGTCTGCGATTGATTTTCG
CGCCCACGGTAATTACTAAAAAAAT: GCCCACGGTAATTACTAAAAAAATC
TGTCAGGGCTGGCCTTGTTGCGCAA: GTCAGGGCTGGCCTTGTTGCGCAAA
CACACGCCAAATATGGTACAAAACT: ACACGCCAAATATGGTACAAAACTT
ATCTCGATGGGCATTAACCCTACTA: TCTCGATGGGCATTAACCCTACTAG
AATGAGTTAGATGGCGCCTGTTATT: ATGAGTTAGATGGCGCCTGTTATTT
ATTAGGCAGAAGACATTGAACGTTA: TTAGGCAGAAGACATTGAACGTTAT
CGCCGCATCCCTATTCGACATGGTT: GCCGCATCCCTATTCGACATGGTTT
CATCCCTATTCGACATGGTTTTAGT: ATCCCTATTCGACATGGTTTTAGTG
ACTAAAAAAATCTCGATGGGCATTA: CTAAAAAAATCTCGATGGGCATTAA
GTGGAGGCACTTCGGCGCCGAGCAA: TGGAGGCACTTCGGCGCCGAGCAAT
GAATAAATTTAAGAAATGAGTTAGA: AATAAATTTAAGAAATGAGTTAGAT
CCTTGTGTTTGACATTGACAACGGC: CTTGTGTTTGACATTGACAACGGCT
CTCTTATCATGTAAGTGTACTCTCT: TCTTATCATGTAAGTGTACTCTCTA
GTCCCCATCGAGCGTTCCAAATGCC: TCCCCATCGAGCGTTCCAAATGCCC
ACTTTGTTGATTCGGTGCTATCGCA: CTTTGTTGATTCGGTGCTATCGCAC
TGACCAGACATCTCCAGACTGAGAT: GACCAGACATCTCCAGACTGAGATC
GCCATCTCGGACGGGGTCGGCAACT: CCATCTCGGACGGGGTCGGCAACTG
CTTACCCTCCCGCCCACGGTAATTA: TTACCCTCCCGCCCACGGTAATTAC
ACGCCAAATATGGTACAAAACTTCG: CGCCAAATATGGTACAAAACTTCGA
TTTAAGGTTGGACAGTGACACCCCA: TTAAGGTTGGACAGTGACACCCCAT
TTGAGCTATTAGAATCGTACTGACT: TGAGCTATTAGAATCGTACTGACTC
GGGATTTTAGCAGATTTGTAGTACT: GGATTTTAGCAGATTTGTAGTACTC
GCTCACACTACCCTAGATGGAAACC: CTCACACTACCCTAGATGGAAACCA
AAGGGGTCATCCACCATGCTACACA: AGGGGTCATCCACCATGCTACACAC
CCGAGGTATTGGGAGTAACTGGCTC: CGAGGTATTGGGAGTAACTGGCTCA
GACTGATCCTCAACATTCACGTCAT: ACTGATCCTCAACATTCACGTCATC
TGTGCTCGCCATGCTAGGACGAGGA: GTGCTCGCCATGCTAGGACGAGGAA
GACCGACAAGCAGCTGTTGGTGGGT: ACCGACAAGCAGCTGTTGGTGGGTG
CGGCTACTATATACCGTTCTGGCCT: GGCTACTATATACCGTTCTGGCCTC
CTGGTTGGGACTGGCTGAATCCTCA: TGGTTGGGACTGGCTGAATCCTCAT
GTCTCGTGTGAGTTAGAATATCGCC: TCTCGTGTGAGTTAGAATATCGCCC
CTCAAGAGGACTCTCCGAGTATTTT: TCAAGAGGACTCTCCGAGTATTTTT
GTTGTTTGAACTGGTGAGTTTAATC: TTGTTTGAACTGGTGAGTTTAATCA
CCGGGCGTCACCTGAACGTGAACCT: CGGGCGTCACCTGAACGTGAACCTC
AGCGGCCTTTTACACGCGGCTCACG: GCGGCCTTTTACACGCGGCTCACGA
CAGGTGAATGGATTAATAGCGGCCT: AGGTGAATGGATTAATAGCGGCCTT
AGTCGTCATGGTCACGCCGATTTGG: GTCGTCATGGTCACGCCGATTTGGT
TCGCCCGAAGGCGGGATGGAATTCC: CGCCCGAAGGCGGGATGGAATTCCT
TGAAGTCATTCTGTGTCGGCCGGGC: GAAGTCATTCTGTGTCGGCCGGGCA
GTTAAAGCCACTGTCTGAATAAATT: TTAAAGCCACTGTCTGAATAAATTT
TCTCAGAAGTCGTCATGGTCACGCC: CTCAGAAGTCGTCATGGTCACGCCG
GAGTCAGTGGCGCTCGTTAGCTTAA: AGTCAGTGGCGCTCGTTAGCTTAAC
TTGTTGATTCGGTGCTATCGCACAC: TGTTGATTCGGTGCTATCGCACACT
TGCCCTCGGGTGCTACGGGCGCTGT: GCCCTCGGGTGCTACGGGCGCTGTT
GCAGTGAATCCTAGTGAATAAGAAT: CAGTGAATCCTAGTGAATAAGAATC
GATATTAATACTTGGAGCAGACTCC: ATATTAATACTTGGAGCAGACTCCT
ATTGGGAGTAACTGGCTCACACTAC: TTGGGAGTAACTGGCTCACACTACC
GCGATGTCGGTTAAAGCCACTGTCT: CGATGTCGGTTAAAGCCACTGTCTG
TAGTCACCACATTAACGTTCGGCAG: AGTCACCACATTAACGTTCGGCAGG
AGGTGGCCTAACCACGACTTGGCCA: GGTGGCCTAACCACGACTTGGCCAC
ACATTGACAACGGCTTTGACTATTA: CATTGACAACGGCTTTGACTATTAT
TGTAGCTGTCACTACGGCTTGGCCC: GTAGCTGTCACTACGGCTTGGCCCC
CTAGATGGAAACCACGAGAGCTGAA: TAGATGGAAACCACGAGAGCTGAAT
ACTCCCAATGGTTAGCACACTGTGC: CTCCCAATGGTTAGCACACTGTGCT
TGTTTATCTCACGTCTACCTTCCGG: GTTTATCTCACGTCTACCTTCCGGG
CACCAGTCTCTAGTCACCACATTAA: ACCAGTCTCTAGTCACCACATTAAC
TCAAGCGCGAACTTGAGCGCTGTTG: CAAGCGCGAACTTGAGCGCTGTTGA
ATATTTTCACGCTCCACAGTCTCCC: TATTTTCACGCTCCACAGTCTCCCT
CACGCCGATTTGGTAGTTGCTTCTA: ACGCCGATTTGGTAGTTGCTTCTAT
GTCACCACATTAACGTTCGGCAGGC: TCACCACATTAACGTTCGGCAGGCC
TTATTACGCCCAGCAGAGCGGACAC: TATTACGCCCAGCAGAGCGGACACT
CTCGGTGGTCTCTCGACGGGCAACC: TCGGTGGTCTCTCGACGGGCAACCA
TACGGGGGCGTAGCAAACATGAGCG: ACGGGGGCGTAGCAAACATGAGCGC
GTTTAATCACGAAGTCTGCGATTGA: TTTAATCACGAAGTCTGCGATTGAT
CCCATTCGCGTGGGGACTCTGGCTA: CCATTCGCGTGGGGACTCTGGCTAT
AGAAACAGACAATTCTCAGAAGTCG: GAAACAGACAATTCTCAGAAGTCGT
AACGGACCCACAGCGTTTAAGGTTG: ACGGACCCACAGCGTTTAAGGTTGG
TCGTACTGACTCGGCTTCTTGCAGT: CGTACTGACTCGGCTTCTTGCAGTC
CAAAACACAAATTGTGTTGCCGTGG: AAAACACAAATTGTGTTGCCGTGGC
AAAATGGCGGGCATTCTGTGCTCGC: AAATGGCGGGCATTCTGTGCTCGCC
GAGCCTATGTAAACGGACCCACAGC: AGCCTATGTAAACGGACCCACAGCG
CGAAAATACGTCTAATACCAGCCTG: GAAAATACGTCTAATACCAGCCTGC
TACTCAGATAACACTGGATAGGCGT: ACTCAGATAACACTGGATAGGCGTA
ATTACGGCCCGAGTGAGATGATGTG: TTACGGCCCGAGTGAGATGATGTGC
GAAAAAGGCCTTACGGCTGCAGGGT: AAAAAGGCCTTACGGCTGCAGGGTT
AGATATGTATTTCAGCGATGTCGGT: GATATGTATTTCAGCGATGTCGGTT
TCCTAGGTAGAAAAAGGCCTTACGG: CCTAGGTAGAAAAAGGCCTTACGGC
CCGCTATAGTCGAATCGGCTGACTG: CGCTATAGTCGAATCGGCTGACTGA
AGCCCATGAGACCCCTTAGTAATTA: GCCCATGAGACCCCTTAGTAATTAA
ACATCAAACTCTCAGAGCCATGACG: CATCAAACTCTCAGAGCCATGACGT
ACTCTTGGTAAATCTGTTCTTATGA: CTCTTGGTAAATCTGTTCTTATGAG
TTTAGATATGTATTTCAGCGATGTC: TTAGATATGTATTTCAGCGATGTCG
TGCTTGTCCACAGCACGTCGATAAA: GCTTGTCCACAGCACGTCGATAAAA
ACAAGGGAGCCGTGACAAGGCCGCA: CAAGGGAGCCGTGACAAGGCCGCAG
TGCCTGTAGCGTTTGGTTCGGATAA: GCCTGTAGCGTTTGGTTCGGATAAA
GACAAGCAGCTGTTGGTGGGTGACT: ACAAGCAGCTGTTGGTGGGTGACTT
ATAACACTGGATAGGCGTAAAGCTG: TAACACTGGATAGGCGTAAAGCTGT
CCGAGCAATGGATATTAATACTTGG: CGAGCAATGGATATTAATACTTGGA
ATTGATTGATTTAGCTTGTGGGTCG: TTGATTGATTTAGCTTGTGGGTCGT
AACTTGCGGACGGCATTGGGATCAG: ACTTGCGGACGGCATTGGGATCAGC
CTGCACTCGAAATTCCGCCGTCAAC: TGCACTCGAAATTCCGCCGTCAACC
GTCTCTCGACGGGCAACCACGGGGA: TCTCTCGACGGGCAACCACGGGGAA
ACCAAAACACAAATTGTGTTGCCGT: CCAAAACACAAATTGTGTTGCCGTG
AGATGGAAACCACGAGAGCTGAATA: GATGGAAACCACGAGAGCTGAATAA
ATCCCTATTCGACATGGTTTTAGTG: TCCCTATTCGACATGGTTTTAGTGG
GACAGTCGTAACGGCCCGGTACATT: ACAGTCGTAACGGCCCGGTACATTT
CGTTTAAGGTTGGACAGTGACACCC: GTTTAAGGTTGGACAGTGACACCCC
TCACCAGTCTCTAGTCACCACATTA: CACCAGTCTCTAGTCACCACATTAA
AGCCCCTTGTGTTTGACATTGACAA: GCCCCTTGTGTTTGACATTGACAAC
CTGAATAAGTGAAACAAAGCACGTC: TGAATAAGTGAAACAAAGCACGTCC
AATCTATACCAATGGAGTTATAGGA: ATCTATACCAATGGAGTTATAGGAT
ATAACGGTTTACGGCTTTGTAAAAG: TAACGGTTTACGGCTTTGTAAAAGA
AAACAGTTAGAACGATGCCTGTACG: AACAGTTAGAACGATGCCTGTACGC
GCCCGTAAAGCTGAAACTCACATGG: CCCGTAAAGCTGAAACTCACATGGC
ACTGCTAAGCGACCTCTTCGCAGTG: CTGCTAAGCGACCTCTTCGCAGTGA
CTGCCCGAACTAGCTACCACCGCCA: TGCCCGAACTAGCTACCACCGCCAG
GTTGCGCAAAACCTGGATTAGTGGG: TTGCGCAAAACCTGGATTAGTGGGG
CGTATATGCTCGGTCACCGAAAACC: GTATATGCTCGGTCACCGAAAACCT
TTAGCACACTGTGCTATGTCTGTTG: TAGCACACTGTGCTATGTCTGTTGA
TACGTCTCGTGTGAGTTAGAATATC: ACGTCTCGTGTGAGTTAGAATATCG
CTCAGAAGTCGTCATGGTCACGCCG: TCAGAAGTCGTCATGGTCACGCCGA
ATTTAAGAAATGAGTTAGATGGCGC: TTTAAGAAATGAGTTAGATGGCGCC
TAGTTGCTTCTATTCATGGAAAACC: AGTTGCTTCTATTCATGGAAAACCA
AGACCTAAACAGAACAACGCCATCT: GACCTAAACAGAACAACGCCATCTC
GACTTTCTAGAGCACAATCATATTT: ACTTTCTAGAGCACAATCATATTTT
CGATGGGCATTAACCCTACTAGACA: GATGGGCATTAACCCTACTAGACAC
TGTCATCTCGGCCCTTACTTCAGTG: GTCATCTCGGCCCTTACTTCAGTGG
AATGGTTAGCACACTGTGCTATGTC: ATGGTTAGCACACTGTGCTATGTCT
ATCGCCGCATCCCTATTCGACATGG: TCGCCGCATCCCTATTCGACATGGT
AGTACTCAGATAACACTGGATAGGC: GTACTCAGATAACACTGGATAGGCG
GAAAATACGTCTAATACCAGCCTGC: AAAATACGTCTAATACCAGCCTGCA
ATCTTAGCCCCCGAGGCCATTGGCA: TCTTAGCCCCCGAGGCCATTGGCAA
ACACGAAATTCAGTCGACCAGTGGA: CACGAAATTCAGTCGACCAGTGGAA
CCTAGGTAGAAAAAGGCCTTACGGC: CTAGGTAGAAAAAGGCCTTACGGCT
ATGATTAATTCTCTTTCCAGCTGTG: TGATTAATTCTCTTTCCAGCTGTGA
TAATAGCGGCCTTTTACACGCGGCT: AATAGCGGCCTTTTACACGCGGCTC
ATTTGCTATCCACGGTCCTATCGCC: TTTGCTATCCACGGTCCTATCGCCC
CCGGCGGGATAAGGGAAATAAGGTA: CGGCGGGATAAGGGAAATAAGGTAC
GAACGTTATTACGCCCAGCAGAGCG: AACGTTATTACGCCCAGCAGAGCGG
GTCGAATCGGCTGACTGACCAGACA: TCGAATCGGCTGACTGACCAGACAT
CTCTTTCATCTCCTAGCGACCCATT: TCTTTCATCTCCTAGCGACCCATTC
GCCAGGGGGATTTTAGCAGATTTGT: CCAGGGGGATTTTAGCAGATTTGTA
TTCGCAGTGAATCCTAGTGAATAAG: TCGCAGTGAATCCTAGTGAATAAGA
AAAACCCAGTCGGGGGGTCTCTTTC: AAACCCAGTCGGGGGGTCTCTTTCA
GAGGACTCTCCGAGTATTTTTGGGC: AGGACTCTCCGAGTATTTTTGGGCG
GTTCTCACAGTGTGACAAGGGAGCC: TTCTCACAGTGTGACAAGGGAGCCG
AAGGCCTTACGGCTGCAGGGTTAAC: AGGCCTTACGGCTGCAGGGTTAACG
TTAGATGAATCGTTGACGACCATGC: TAGATGAATCGTTGACGACCATGCC
ACCCCATCCTAGCAGACATCGGGAC: CCCCATCCTAGCAGACATCGGGACC
AACCTGGATTAGTGGGGGAGCCCAT: ACCTGGATTAGTGGGGGAGCCCATG
GTAATCATGCGGCTACTATATACCG: TAATCATGCGGCTACTATATACCGT
TTTACGGCTCAAGCCACGTTGGCAC: TTACGGCTCAAGCCACGTTGGCACT
CATGCTACACACTAAGCGCATCAAC: ATGCTACACACTAAGCGCATCAACG
GACACTTCCTCCATAGGATTAGGCA: ACACTTCCTCCATAGGATTAGGCAG
TTCTCAGAAGTCGTCATGGTCACGC: TCTCAGAAGTCGTCATGGTCACGCC
TGGTTGGGACTGGCTGAATCCTCAT: GGTTGGGACTGGCTGAATCCTCATA
GTAGTACTCAGATAACACTGGATAG: TAGTACTCAGATAACACTGGATAGG
TAACAACTTTACGAATCCTGACAGA: AACAACTTTACGAATCCTGACAGAA
GACACGTCTATTTAAGGGGTCATCC: ACACGTCTATTTAAGGGGTCATCCA
AGGGTGACTAAGTTCTCACAGTGTG: GGGTGACTAAGTTCTCACAGTGTGA
CTGTTGATGGAATGCATGGATAAGG: TGTTGATGGAATGCATGGATAAGGG
GCGCTCGTTAGCTTAACAACTTTAC: CGCTCGTTAGCTTAACAACTTTACG
GGCCGCAGGCAGATGTGAGACTCGA: GCCGCAGGCAGATGTGAGACTCGAA
GAGTTAGAATATCGCCCGAAGGCGG: AGTTAGAATATCGCCCGAAGGCGGG
CAAACATGGTACTTCTTGTTCGGTA: AAACATGGTACTTCTTGTTCGGTAA
AACCACGGGGAATTGAATGCAGGCA: ACCACGGGGAATTGAATGCAGGCAA
GTTTCTGCATGTTTACTTGGATTCG: TTTCTGCATGTTTACTTGGATTCGG
GCACGTACTCGTACACCGACACGAA: CACGTACTCGTACACCGACACGAAA
CCGCCAGAAGCCGAGCTATTTTAGA: CGCCAGAAGCCGAGCTATTTTAGAC
CCGTAGGGCCTGTCCCGAGAGCCAG: CGTAGGGCCTGTCCCGAGAGCCAGG
TCTCCTAGCGACCCATTCGCGTGGG: CTCCTAGCGACCCATTCGCGTGGGG
GGGGGCGTAGCAAACATGAGCGCCC: GGGGCGTAGCAAACATGAGCGCCCG
AATCGGCTGACTGACCAGACATCTC: ATCGGCTGACTGACCAGACATCTCC
CCATGAGACCCCTTAGTAATTAATT: CATGAGACCCCTTAGTAATTAATTT
CGGCAGCGCGGTTTCCTAATTCTTG: GGCAGCGCGGTTTCCTAATTCTTGA
GCGGTGGACATGGGCAGTTCAATCA: CGGTGGACATGGGCAGTTCAATCAA
TGTCACTACGGCTTGGCCCCCGGGT: GTCACTACGGCTTGGCCCCCGGGTA
CCATCGTGATGCCCGAGGTATTGGG: CATCGTGATGCCCGAGGTATTGGGA
GGAGTGTTGTGATCAAATTCTCTGA: GAGTGTTGTGATCAAATTCTCTGAG
TACGGCTTTGTAAAAGAGGCGGCAA: ACGGCTTTGTAAAAGAGGCGGCAAA
AAATTTCGCTTTCGCTTGTCTGCCC: AATTTCGCTTTCGCTTGTCTGCCCG
AACGTGTCAGGGCTGGCCTTGTTGC: ACGTGTCAGGGCTGGCCTTGTTGCG
GTCATTCTGTGTCGGCCGGGCATTG: TCATTCTGTGTCGGCCGGGCATTGG
CCCACGGTAATTACTAAAAAAATCT: CCACGGTAATTACTAAAAAAATCTC
CAAGCAGCTGTTGGTGGGTGACTTA: AAGCAGCTGTTGGTGGGTGACTTAA
TCAGTGGCGCTCGTTAGCTTAACAA: CAGTGGCGCTCGTTAGCTTAACAAC
CAGTCGTAACGGCCCGGTACATTTC: AGTCGTAACGGCCCGGTACATTTCT
ACTGATTGATTGATTTAGCTTGTGG: CTGATTGATTGATTTAGCTTGTGGG
CCCGAGTGAGATGATGTGCTACTTA: CCGAGTGAGATGATGTGCTACTTAA
CAAGAAACAGACAATTCTCAGAAGT: AAGAAACAGACAATTCTCAGAAGTC
ATGTCCTTGCGGCCCCGCCGATTTG: TGTCCTTGCGGCCCCGCCGATTTGC
TACACTGTAGTATGCTCGGATCACG: ACACTGTAGTATGCTCGGATCACGG
ACCAGTCTCTAGTCACCACATTAAC: CCAGTCTCTAGTCACCACATTAACG
GCTACGGGCGCTGTTTGGTAGAATC: CTACGGGCGCTGTTTGGTAGAATCA
CTGCAGGGTTAACGATCATTCCCTA: TGCAGGGTTAACGATCATTCCCTAT
CAGAACAACGCCATCTCGGACGGGG: AGAACAACGCCATCTCGGACGGGGT
CGGGTACTCAATTGTTTGTAATCAT: GGGTACTCAATTGTTTGTAATCATG
GTTACTTGCCCTCGGGTGCTACGGG: TTACTTGCCCTCGGGTGCTACGGGC
TGGCTATCTTCCTCTGGTTGTTTGA: GGCTATCTTCCTCTGGTTGTTTGAA
GGCCTTGATGCTTGTCCACAGCACG: GCCTTGATGCTTGTCCACAGCACGT
TCGGCGCCGAGCAATGGATATTAAT: CGGCGCCGAGCAATGGATATTAATA
CTGCAGAGGTGGCCTAACCACGACT: TGCAGAGGTGGCCTAACCACGACTT
CTCCTAGCGACCCATTCGCGTGGGG: TCCTAGCGACCCATTCGCGTGGGGA
CCTAACTATGTCGCAGGACTTACGA: CTAACTATGTCGCAGGACTTACGAC
ATGTCCTACGTACGGCTAGACCCGC: TGTCCTACGTACGGCTAGACCCGCG
TAGTAGATGTCCTACGTACGGCTAG: AGTAGATGTCCTACGTACGGCTAGA
ATTAACGTTCGGCAGGCCGGCGGGA: TTAACGTTCGGCAGGCCGGCGGGAT
AGCTGGCCAAACGGAGAATAACTAA: GCTGGCCAAACGGAGAATAACTAAA
CTTGTAAGCCTTCGGCCGAGACGGG: TTGTAAGCCTTCGGCCGAGACGGGT
CACTGTCTGAATAAATTTAAGAAAT: ACTGTCTGAATAAATTTAAGAAATG
TCGTAGTATACCGTTAATATCTCCT: CGTAGTATACCGTTAATATCTCCTG
TGTTGTGATCAAATTCTCTGAGTCA: GTTGTGATCAAATTCTCTGAGTCAG
GAGATGATGTGCTACTTAACGGCAA: AGATGATGTGCTACTTAACGGCAAA
CATCGGACGAAGATAGAATTGTAGG: ATCGGACGAAGATAGAATTGTAGGA
CTTAAGAACGCCTTTCCCGGCGTGT: TTAAGAACGCCTTTCCCGGCGTGTC
GCCTGTCCCGAGAGCCAGGGGGATT: CCTGTCCCGAGAGCCAGGGGGATTT
CGTTCGGCAGGCCGGCGGGATAAGG: GTTCGGCAGGCCGGCGGGATAAGGG
TTGCTTCTATTCATGGAAAACCAAA: TGCTTCTATTCATGGAAAACCAAAA
CTATCGCCTAAGGTCACGGTCTTCA: TATCGCCTAAGGTCACGGTCTTCAC
TCCACAGCACGTCGATAAAATGGCG: CCACAGCACGTCGATAAAATGGCGG
GTTAGCCCTTCTCCCACTGGGAATA: TTAGCCCTTCTCCCACTGGGAATAA
GGCGCCGAGCAATGGATATTAATAC: GCGCCGAGCAATGGATATTAATACT
ATGTCCTCGAGCACGGACCCGCCCG: TGTCCTCGAGCACGGACCCGCCCGT
AGGCTTCTGGGGTGTCCGCTATAGT: GGCTTCTGGGGTGTCCGCTATAGTC
GAAACAGACAATTCTCAGAAGTCGT: AAACAGACAATTCTCAGAAGTCGTC
ATTCCTGAATCTGGCCCGTAAAGCT: TTCCTGAATCTGGCCCGTAAAGCTG
CGCCTAAGGTCACGGTCTTCACAGC: GCCTAAGGTCACGGTCTTCACAGCA
GGATCGAGGGAGTCGATACATCATA: GATCGAGGGAGTCGATACATCATAA
GGCGATCCTGCGCCCTTTCTGCAAG: GCGATCCTGCGCCCTTTCTGCAAGC
CCACTGTCTGAATAAATTTAAGAAA: CACTGTCTGAATAAATTTAAGAAAT
GAGATCTAATCTCGGTGGTCTCTCG: AGATCTAATCTCGGTGGTCTCTCGA
ATGAGTCCCCATCGAGCGTTCCAAA: TGAGTCCCCATCGAGCGTTCCAAAT
TCAACCGAACTGGCTTGCATGTCCC: CAACCGAACTGGCTTGCATGTCCCA
ATGCTTGTCCACAGCACGTCGATAA: TGCTTGTCCACAGCACGTCGATAAA
CTATCGCACACTAGCACGTACTCGT: TATCGCACACTAGCACGTACTCGTA
GTTTGACGTATACACTGTAGTATGC: TTTGACGTATACACTGTAGTATGCT
GGCTGACTGACCAGACATCTCCAGA: GCTGACTGACCAGACATCTCCAGAC
ACCAGTGGAACTGCAGAGGTGGCCT: CCAGTGGAACTGCAGAGGTGGCCTA
GATGGAATGCATGGATAAGGGGTGA: ATGGAATGCATGGATAAGGGGTGAG
TTTGGTTCGGATAAAATCGCCGCAT: TTGGTTCGGATAAAATCGCCGCATC
CAAACTCTCAGAGCCATGACGTTTG: AAACTCTCAGAGCCATGACGTTTGA
TCAAAAAATGTCCTCGAGCACGGAC: CAAAAAATGTCCTCGAGCACGGACC
CGTTAGCTTAACAACTTTACGAATC: GTTAGCTTAACAACTTTACGAATCC
GAACGAGCGGGGCCCCCCACCACCG: AACGAGCGGGGCCCCCCACCACCGT
GGGCAGGCGCCTCGCCACTTTGTTG: GGCAGGCGCCTCGCCACTTTGTTGA
AATGGATTAATAGCGGCCTTTTACA: ATGGATTAATAGCGGCCTTTTACAC
AATCGTTGACGACCATGCCTGCACT: ATCGTTGACGACCATGCCTGCACTC
CCAGTGGAGGCACTTCGGCGCCGAG: CAGTGGAGGCACTTCGGCGCCGAGC
TAAGCACGGACTCCACGACGTATAT: AAGCACGGACTCCACGACGTATATG
TGGGGACTCTGGCTATCTTCCTCTG: GGGGACTCTGGCTATCTTCCTCTGG
AATCACACTGATGAGTTAATTCGCA: ATCACACTGATGAGTTAATTCGCAC
TCGAGAACTTTACGTCGATGCCTTC: CGAGAACTTTACGTCGATGCCTTCC
ACTGTAGTATGCTCGGATCACGGTA: CTGTAGTATGCTCGGATCACGGTAT
GATCAAGTAGTCCTTTTTGATATGA: ATCAAGTAGTCCTTTTTGATATGAA
AGTGGGGGAGCCCATGAGACCCCTT: GTGGGGGAGCCCATGAGACCCCTTA
TGCTACGTGAGTACCACCGCCCATT: GCTACGTGAGTACCACCGCCCATTT
ATGAGCGCCCGGACACACATGCTGT: TGAGCGCCCGGACACACATGCTGTC
AGTAAAACAACATCTTAGCCCCCGA: GTAAAACAACATCTTAGCCCCCGAG
CTTCGAAATCACGCCGATTTTCTTT: TTCGAAATCACGCCGATTTTCTTTA
CCACAGTCTCCCTTCGGCAGCGCGG: CACAGTCTCCCTTCGGCAGCGCGGT
AGAATCAGCCCCTTGTGTTTGACAT: GAATCAGCCCCTTGTGTTTGACATT
TTCCTCAAGAGGACTCTCCGAGTAT: TCCTCAAGAGGACTCTCCGAGTATT
CTGGTCCAGACTTTCTAGAGCACAA: TGGTCCAGACTTTCTAGAGCACAAT
ATCTTTAGTCGCTGATATGTCCTTG: TCTTTAGTCGCTGATATGTCCTTGC
CAACATCCAGGGCAGCTAGCGCTCA: AACATCCAGGGCAGCTAGCGCTCAA
ATATCCGGTTAAGACCTAAACAGAA: TATCCGGTTAAGACCTAAACAGAAC
CACCGGGCGTCACCTGAACGTGAAC: ACCGGGCGTCACCTGAACGTGAACC
CGGCCCCGCCGATTTGCTATCCACG: GGCCCCGCCGATTTGCTATCCACGG
TGCCCGAACTAGCTACCACCGCCAG: GCCCGAACTAGCTACCACCGCCAGA
ATAAGACGTTCCTCAAGAGGACTCT: TAAGACGTTCCTCAAGAGGACTCTC
CCCTTAGTAATTAATTTTATGCCCG: CCTTAGTAATTAATTTTATGCCCGG
ATCTCGGCCCTTACTTCAGTGGCAA: TCTCGGCCCTTACTTCAGTGGCAAA
CCGGTACATCTCCGTAGGGCCTGTC: CGGTACATCTCCGTAGGGCCTGTCC
GCCATGACGTTTGAAGAAATATGAG: CCATGACGTTTGAAGAAATATGAGT
ACAGGGACTCACTAAAGCATATTTA: CAGGGACTCACTAAAGCATATTTAT
TGTGCTACTTAACGGCAAATGGAGT: GTGCTACTTAACGGCAAATGGAGTT
CTCTCCCTACGTGCCTAGCTGCTAC: TCTCCCTACGTGCCTAGCTGCTACG
ACGCCATCTCGGACGGGGTCGGCAA: CGCCATCTCGGACGGGGTCGGCAAC
CTTCTTGTTCGGTAAGGCAATCCAG: TTCTTGTTCGGTAAGGCAATCCAGC
CTCCCACCGGTGGTCAGTACATTTT: TCCCACCGGTGGTCAGTACATTTTA
TTATGAGATATATGTGTCATCTCGG: TATGAGATATATGTGTCATCTCGGC
GATAAAATGGCGGGCATTCTGTGCT: ATAAAATGGCGGGCATTCTGTGCTC
GCCCCGCTAGCTGCTGTTTATCTCA: CCCCGCTAGCTGCTGTTTATCTCAC
CACCGACACGAAATTCAGTCGACCA: ACCGACACGAAATTCAGTCGACCAG
AAGCATATTTATAGGGTCCTCACTA: AGCATATTTATAGGGTCCTCACTAA
TTCCTCTGGTTGTTTGAACTGGTGA: TCCTCTGGTTGTTTGAACTGGTGAG
CGGCGTGTCCGACTGATCCTCAACA: GGCGTGTCCGACTGATCCTCAACAT
CTTTGACTATTATCCGGTACATCTC: TTTGACTATTATCCGGTACATCTCC
AATCATGCGGCTACTATATACCGTT: ATCATGCGGCTACTATATACCGTTC
TTGTCGTACGTCAAGTACGGCCTTG: TGTCGTACGTCAAGTACGGCCTTGT
TTGCATGTCCCAACGTGCGTGCACT: TGCATGTCCCAACGTGCGTGCACTC
GGAGTTGCTTACCCTCCCGCCCACG: GAGTTGCTTACCCTCCCGCCCACGG
GGCCACCGCCCTGACCTCGCCGCAG: GCCACCGCCCTGACCTCGCCGCAGT
ATAAGAATCAGCCCCTTGTGTTTGA: TAAGAATCAGCCCCTTGTGTTTGAC
GGGTCCTCACTAAGCACTTTCATGA: GGTCCTCACTAAGCACTTTCATGAA
GGCCCTTACTTCAGTGGCAAATTGA: GCCCTTACTTCAGTGGCAAATTGAC
CCCGTAAAGCTGAAACTCACATGGC: CCGTAAAGCTGAAACTCACATGGCT
ATCCTCAACATTCACGTCATCCCTA: TCCTCAACATTCACGTCATCCCTAA
GCGACACGTCTATTTAAGGGGTCAT: CGACACGTCTATTTAAGGGGTCATC
CCTCCCGCCCACGGTAATTACTAAA: CTCCCGCCCACGGTAATTACTAAAA
ACAATTCTCAGAAGTCGTCATGGTC: CAATTCTCAGAAGTCGTCATGGTCA
ATAGGCGTAAAGCTGTCACCAGTCT: TAGGCGTAAAGCTGTCACCAGTCTC
CTGGCTTGCATGTCCCAACGTGCGT: TGGCTTGCATGTCCCAACGTGCGTG
AAGTCCCGAACTGGCGATGCACCGC: AGTCCCGAACTGGCGATGCACCGCT
GGGTTAACGATCATTCCCTATGATC: GGTTAACGATCATTCCCTATGATCA
GTGACAAGGGAGCCGTGACAAGGCC: TGACAAGGGAGCCGTGACAAGGCCG
TACCAGCCTGCACAGACTGAAGTCA: ACCAGCCTGCACAGACTGAAGTCAT
TCAAGTCACACGCCAAATATGGTAC: CAAGTCACACGCCAAATATGGTACA
ACACGTCTATTTAAGGGGTCATCCA: CACGTCTATTTAAGGGGTCATCCAC
GACAGAAATTAGAAGGGAGTTGCTT: ACAGAAATTAGAAGGGAGTTGCTTA
GTTTATCTCACGTCTACCTTCCGGG: TTTATCTCACGTCTACCTTCCGGGA
GTGGCCTAACCACGACTTGGCCACC: TGGCCTAACCACGACTTGGCCACCG
TAGGTAGAAAAAGGCCTTACGGCTG: AGGTAGAAAAAGGCCTTACGGCTGC
AGATCTCTGGCCTTACTCAACGTGT: GATCTCTGGCCTTACTCAACGTGTC
GCGTTCCAAATGCCCGCTCGGCCTC: CGTTCCAAATGCCCGCTCGGCCTCA
GGATTAGGCAGAAGACATTGAACGT: GATTAGGCAGAAGACATTGAACGTT
ACAAACCATTGGGAAACAGTTAGAA: CAAACCATTGGGAAACAGTTAGAAC
TCAAACATGGTACTTCTTGTTCGGT: CAAACATGGTACTTCTTGTTCGGTA
GGGAGTCGATACATCATAACGCCCT: GGAGTCGATACATCATAACGCCCTT
GGCACTTCGGCGCCGAGCAATGGAT: GCACTTCGGCGCCGAGCAATGGATA
TGCCTGCACTCGAAATTCCGCCGTC: GCCTGCACTCGAAATTCCGCCGTCA
TGGCGATCCTGCGCCCTTTCTGCAA: GGCGATCCTGCGCCCTTTCTGCAAG
CCTCATAACTTGCGGACGGCATTGG: CTCATAACTTGCGGACGGCATTGGG
ACCTTCCGGGAATGAGTCCCCATCG: CCTTCCGGGAATGAGTCCCCATCGA
GGTTTTAGTGGTTCCGCACGACCTC: GTTTTAGTGGTTCCGCACGACCTCA
AAGCGACCTCTTCGCAGTGAATCCT: AGCGACCTCTTCGCAGTGAATCCTA
TGTAAGCCTTCGGCCGAGACGGGTT: GTAAGCCTTCGGCCGAGACGGGTTT
TCAGCCGGAGCGGTTTGACGTATAC: CAGCCGGAGCGGTTTGACGTATACA
CCCCCCACCACCGTCCTAATCATCA: CCCCCACCACCGTCCTAATCATCAA
GCGTTTCTGCATGTTTACTTGGATT: CGTTTCTGCATGTTTACTTGGATTC
CATTGTCTCCCACCGGTGGTCAGTA: ATTGTCTCCCACCGGTGGTCAGTAC
CATGTCCCAACGTGCGTGCACTCCC: ATGTCCCAACGTGCGTGCACTCCCA
TGTCTCCCACCGGTGGTCAGTACAT: GTCTCCCACCGGTGGTCAGTACATT
AAATGAGTTAGATGGCGCCTGTTAT: AATGAGTTAGATGGCGCCTGTTATT
GCGCCTAGCTACTAGCTATGGTCAA: CGCCTAGCTACTAGCTATGGTCAAA
AGCCAGGGGGATTTTAGCAGATTTG: GCCAGGGGGATTTTAGCAGATTTGT
AGCTGTTGGTGGGTGACTTAAGCAC: GCTGTTGGTGGGTGACTTAAGCACG
CGGACGGGGTCGGCAACTGCAAATT: GGACGGGGTCGGCAACTGCAAATTT
CTTTCGAAGTTCAACCGAACTGGCT: TTTCGAAGTTCAACCGAACTGGCTT
TGTAAACGGACCCACAGCGTTTAAG: GTAAACGGACCCACAGCGTTTAAGG
CCTATAGTTACGTTCCTCACATGGC: CTATAGTTACGTTCCTCACATGGCC
TATCCACGGTCCTATCGCCCAGTGG: ATCCACGGTCCTATCGCCCAGTGGA
ATATACCAATATTAGCCCTGCCTAT: TATACCAATATTAGCCCTGCCTATA
CTGTACGGTCGACACTCTGGCCAAG: TGTACGGTCGACACTCTGGCCAAGG
CTGGGAATAACATCAACACGCTGGT: TGGGAATAACATCAACACGCTGGTT
GTACATTTCTTATCAACATCGTCAG: TACATTTCTTATCAACATCGTCAGA
CTGCTACGTGAGTACCACCGCCCAT: TGCTACGTGAGTACCACCGCCCATT
GGACAGATTCTGTATTTAGATATGT: GACAGATTCTGTATTTAGATATGTA
GGACTTACGACATCAAGCGCGAACT: GACTTACGACATCAAGCGCGAACTT
CACGTCATCCCTAAGTGAAGGTAGC: ACGTCATCCCTAAGTGAAGGTAGCG
CGGGACTTCTTTACGGCTCAAGCCA: GGGACTTCTTTACGGCTCAAGCCAC
AAAACACAAATTGTGTTGCCGTGGC: AAACACAAATTGTGTTGCCGTGGCG
TGTATTTAGATATGTATTTCAGCGA: GTATTTAGATATGTATTTCAGCGAT
CCTTCGTACGGAGTCTGGGAACGAG: CTTCGTACGGAGTCTGGGAACGAGC
TGACGTTTGCATTATAAAACTCACA: GACGTTTGCATTATAAAACTCACAA
GTGAATGGATTAATAGCGGCCTTTT: TGAATGGATTAATAGCGGCCTTTTA
ACCTCATTACATCAAACTCTCAGAG: CCTCATTACATCAAACTCTCAGAGC
ATTCAGTCGACCAGTGGAACTGCAG: TTCAGTCGACCAGTGGAACTGCAGA
TTTCTTATCAACATCGTCAGAAGTG: TTCTTATCAACATCGTCAGAAGTGA
TAACTGGCTCACACTACCCTAGATG: AACTGGCTCACACTACCCTAGATGG
GGCAAATGGAGTTTGCAGATAAGAC: GCAAATGGAGTTTGCAGATAAGACG
GCAGAAGACATTGAACGTTATTACG: CAGAAGACATTGAACGTTATTACGC
CTCACTAAAGCATATTTATAGGGTC: TCACTAAAGCATATTTATAGGGTCC
CTTGTGGTCCAACCCCTAAATAAGC: TTGTGGTCCAACCCCTAAATAAGCT
ACGTATATGCTCGGTCACCGAAAAC: CGTATATGCTCGGTCACCGAAAACC
ACATCTTAGCCCCCGAGGCCATTGG: CATCTTAGCCCCCGAGGCCATTGGC
ATGGTCAAAAGTACACTCCCAACTC: TGGTCAAAAGTACACTCCCAACTCT
AGCTATTAGAATCGTACTGACTCGG: GCTATTAGAATCGTACTGACTCGGC
GGCCCCCCACCACCGTCCTAATCAT: GCCCCCCACCACCGTCCTAATCATC
ACCTCCGTGACCAAACTGGGTTGTT: CCTCCGTGACCAAACTGGGTTGTTA
TATGCCGAGAGCGACTACGTGCTTT: ATGCCGAGAGCGACTACGTGCTTTG
GAAATCACGCCGATTTTCTTTAGAT: AAATCACGCCGATTTTCTTTAGATC
CAGAGGTGGCCTAACCACGACTTGG: AGAGGTGGCCTAACCACGACTTGGC
CCTCAACATTCACGTCATCCCTAAG: CTCAACATTCACGTCATCCCTAAGT
TCTCCCACCGGTGGTCAGTACATTT: CTCCCACCGGTGGTCAGTACATTTT
CCAATGGAGTTATAGGATCGAGGGA: CAATGGAGTTATAGGATCGAGGGAG
ACTTCGAAATCACGCCGATTTTCTT: CTTCGAAATCACGCCGATTTTCTTT
CTAGCTATGGTCAAAAGTACACTCC: TAGCTATGGTCAAAAGTACACTCCC
CGTGCACAGGGACTCACTAAAGCAT: GTGCACAGGGACTCACTAAAGCATA
ACAAGTAAAACAACATCTTAGCCCC: CAAGTAAAACAACATCTTAGCCCCC
CCGCGCCACGAAGCCCGAGCCTATG: CGCGCCACGAAGCCCGAGCCTATGT
TCGTATATACCAATATTAGCCCTGC: CGTATATACCAATATTAGCCCTGCC
CTAAATCTATACCAATGGAGTTATA: TAAATCTATACCAATGGAGTTATAG
TTGATTCGGTGCTATCGCACACTAG: TGATTCGGTGCTATCGCACACTAGC
CCGGAGCGGTTTGACGTATACACTG: CGGAGCGGTTTGACGTATACACTGT
GCTATGTCTGTTGATGGAATGCATG: CTATGTCTGTTGATGGAATGCATGG
TCTGGCCAAGGCACATATGGGCAGG: CTGGCCAAGGCACATATGGGCAGGC
CACGCGGCTCACGAGAGGAAGTAGT: ACGCGGCTCACGAGAGGAAGTAGTC
ACTGGCGATGCACCGCTGTTAGATC: CTGGCGATGCACCGCTGTTAGATCA
CACTGGATAGGCGTAAAGCTGTCAC: ACTGGATAGGCGTAAAGCTGTCACC
CATCAAGCGCGAACTTGAGCGCTGT: ATCAAGCGCGAACTTGAGCGCTGTT
GAATGCATGGATAAGGGGTGAGATC: AATGCATGGATAAGGGGTGAGATCT
GGGTGACTTAAGCACGGACTCCACG: GGTGACTTAAGCACGGACTCCACGA
TGTCCCTTACCCATGTTGTCCGAAC: GTCCCTTACCCATGTTGTCCGAACG
AGCTATGGTCAAAAGTACACTCCCA: GCTATGGTCAAAAGTACACTCCCAA
GCCGCATCCCTATTCGACATGGTTT: CCGCATCCCTATTCGACATGGTTTT
AACATGAGCGCCCGGACACACATGC: ACATGAGCGCCCGGACACACATGCT
CCAGCCGCGGGACTTCTTTACGGCT: CAGCCGCGGGACTTCTTTACGGCTC
AAATTTGTTACTTGCCCTCGGGTGC: AATTTGTTACTTGCCCTCGGGTGCT
TACATCTCCGTAGGGCCTGTCCCGA: ACATCTCCGTAGGGCCTGTCCCGAG
TCTCTGGCCTTACTCAACGTGTCAG: CTCTGGCCTTACTCAACGTGTCAGG
GATGATGTGCTACTTAACGGCAAAT: ATGATGTGCTACTTAACGGCAAATG
TGGCCACCGCCCTGACCTCGCCGCA: GGCCACCGCCCTGACCTCGCCGCAG
CAGCCCCTTGTGTTTGACATTGACA: AGCCCCTTGTGTTTGACATTGACAA
GAAGCCATAGCCACCGGGCGTCACC: AAGCCATAGCCACCGGGCGTCACCT
TCCTGTACGGTCGACACTCTGGCCA: CCTGTACGGTCGACACTCTGGCCAA
GGAGATGATTAATTCTCTTTCCAGC: GAGATGATTAATTCTCTTTCCAGCT
CTAAGCGACCTCTTCGCAGTGAATC: TAAGCGACCTCTTCGCAGTGAATCC
AGCGCTCAAACATGGTACTTCTTGT: GCGCTCAAACATGGTACTTCTTGTT
CCGGTTAAGACCTAAACAGAACAAC: CGGTTAAGACCTAAACAGAACAACG
GTCTACCTTCCGGGAATGAGTCCCC: TCTACCTTCCGGGAATGAGTCCCCA
GTCATCCACCATGCTACACACTAAG: TCATCCACCATGCTACACACTAAGC
GCATGTAAGGCTTCTGGGGTGTCCG: CATGTAAGGCTTCTGGGGTGTCCGC
TTAGCATCCGTCAGGTGAATGGATT: TAGCATCCGTCAGGTGAATGGATTA
CGGGACCGACAAGCAGCTGTTGGTG: GGGACCGACAAGCAGCTGTTGGTGG
GGTTTGACGTATACACTGTAGTATG: GTTTGACGTATACACTGTAGTATGC
GGATTTTAGCAGATTTGTAGTACTC: GATTTTAGCAGATTTGTAGTACTCA
CTGAAGTCATTCTGTGTCGGCCGGG: TGAAGTCATTCTGTGTCGGCCGGGC
GTCCCGAGAGCCAGGGGGATTTTAG: TCCCGAGAGCCAGGGGGATTTTAGC
ATTTGTGAGAGTGAAGCAGACGCGT: TTTGTGAGAGTGAAGCAGACGCGTG
TATGAAAATATCCGGTTAAGACCTA: ATGAAAATATCCGGTTAAGACCTAA
GTCTCCCACCGGTGGTCAGTACATT: TCTCCCACCGGTGGTCAGTACATTT
ACTTCGGCGCCGAGCAATGGATATT: CTTCGGCGCCGAGCAATGGATATTA
TTAACCCTACTAGACACGGATTTTG: TAACCCTACTAGACACGGATTTTGA
CGCGCCACGAAGCCCGAGCCTATGT: GCGCCACGAAGCCCGAGCCTATGTA
CACCGCCAGAAGCCGAGCTATTTTA: ACCGCCAGAAGCCGAGCTATTTTAG
TTATCCGGTACATCTCCGTAGGGCC: TATCCGGTACATCTCCGTAGGGCCT
GTTCCTCACATGGCCATCGGACGAA: TTCCTCACATGGCCATCGGACGAAG
ATGCGGTGGACATGGGCAGTTCAAT: TGCGGTGGACATGGGCAGTTCAATC
AGGGGGATTTTAGCAGATTTGTAGT: GGGGGATTTTAGCAGATTTGTAGTA
ATCGTTGACGACCATGCCTGCACTC: TCGTTGACGACCATGCCTGCACTCG
CGCTCGTTAGCTTAACAACTTTACG: GCTCGTTAGCTTAACAACTTTACGA
ATTGACCCACTGCTAAGCGACCTCT: TTGACCCACTGCTAAGCGACCTCTT
TGAGTTAATTCGCACTGATTGATTG: GAGTTAATTCGCACTGATTGATTGA
AATATCCGGTTAAGACCTAAACAGA: ATATCCGGTTAAGACCTAAACAGAA
TATATTGTGTCGTGAGGGTGACTAA: ATATTGTGTCGTGAGGGTGACTAAG
CACATTAACGTTCGGCAGGCCGGCG: ACATTAACGTTCGGCAGGCCGGCGG
TTGATGGAATGCATGGATAAGGGGT: TGATGGAATGCATGGATAAGGGGTG
CGTTCTCTCCCTACGTGCCTAGCTG: GTTCTCTCCCTACGTGCCTAGCTGC
TAGATCGTGGAAAGCGTGCTTATCC: AGATCGTGGAAAGCGTGCTTATCCC
CAATACCAGAGATCTCTGGCCTTAC: AATACCAGAGATCTCTGGCCTTACT
CGAAGGCGGGATGGAATTCCTGAAT: GAAGGCGGGATGGAATTCCTGAATC
CTCAATTGTTTGTAATCATGCGGCT: TCAATTGTTTGTAATCATGCGGCTA
CTAAGTTCTCACAGTGTGACAAGGG: TAAGTTCTCACAGTGTGACAAGGGA
GTAGCGTTTGGTTCGGATAAAATCG: TAGCGTTTGGTTCGGATAAAATCGC
ACAACTTTACGAATCCTGACAGAAA: CAACTTTACGAATCCTGACAGAAAT
TATTTTAGACGGCACCTTCGTACGG: ATTTTAGACGGCACCTTCGTACGGA
CAAATTGTGTTGCCGTGGCGATCCT: AAATTGTGTTGCCGTGGCGATCCTG
TCTAGTCACCACATTAACGTTCGGC: CTAGTCACCACATTAACGTTCGGCA
GTATTGCCCATCGTGATGCCCGAGG: TATTGCCCATCGTGATGCCCGAGGT
AAATCACGCCGATTTTCTTTAGATC: AATCACGCCGATTTTCTTTAGATCG
ATATACCGTTCTGGCCTCGAGAACT: TATACCGTTCTGGCCTCGAGAACTT
AGTCGGGGGGTCTCTTTCATCTCCT: GTCGGGGGGTCTCTTTCATCTCCTA
TCGTCAGAAGTGACTTAAGAACGCC: CGTCAGAAGTGACTTAAGAACGCCT
CACGTACTCGTACACCGACACGAAA: ACGTACTCGTACACCGACACGAAAT
CGGCCCGGTACATTTCTTATCAACA: GGCCCGGTACATTTCTTATCAACAT
GCCGGCGGGATAAGGGAAATAAGGT: CCGGCGGGATAAGGGAAATAAGGTA
CTAGCAACGTTCTCTCCCTACGTGC: TAGCAACGTTCTCTCCCTACGTGCC
CTGAACGTGAACCTCCATTTAGCAT: TGAACGTGAACCTCCATTTAGCATC
CTCTGGCCTTACTCAACGTGTCAGG: TCTGGCCTTACTCAACGTGTCAGGG
CCGCACCAAACAACTCTAGATGTAC: CGCACCAAACAACTCTAGATGTACT
TTATCCCTTAGGTATCTGACAACAT: TATCCCTTAGGTATCTGACAACATC
CCTCCATTTAGCATCCGTCAGGTGA: CTCCATTTAGCATCCGTCAGGTGAA
ATGCTAGGACGAGGAAATAACGGTT: TGCTAGGACGAGGAAATAACGGTTT
CTCCCACTGGGAATAACATCAACAC: TCCCACTGGGAATAACATCAACACG
TTCTTGCAGTCCTACAGCAGGCCTT: TCTTGCAGTCCTACAGCAGGCCTTG
AGCTGAATAAGTGAAACAAAGCACG: GCTGAATAAGTGAAACAAAGCACGT
TAGGATCGAGGGAGTCGATACATCA: AGGATCGAGGGAGTCGATACATCAT
AGAACGATGCCTGTACGCCTTTCGA: GAACGATGCCTGTACGCCTTTCGAA
ATAGTTACGTTCCTCACATGGCCAT: TAGTTACGTTCCTCACATGGCCATC
CCGCCCCCACCTTTAGATGAATCGT: CGCCCCCACCTTTAGATGAATCGTT
GATGTACTTATCGCATAATCACTGC: ATGTACTTATCGCATAATCACTGCC
AGGCAACCTAACTATGTCGCAGGAC: GGCAACCTAACTATGTCGCAGGACT
TCCGACTGATCCTCAACATTCACGT: CCGACTGATCCTCAACATTCACGTC
ACGTCCGAACAGTATTGTCGTACGT: CGTCCGAACAGTATTGTCGTACGTC
GTGGTTCCGCACGACCTCATTACAT: TGGTTCCGCACGACCTCATTACATC
TCAAGTCCCGAACTGGCGATGCACC: CAAGTCCCGAACTGGCGATGCACCG
GCTATGGTCAAAAGTACACTCCCAA: CTATGGTCAAAAGTACACTCCCAAC
TCACGTCTACCTTCCGGGAATGAGT: CACGTCTACCTTCCGGGAATGAGTC
TTGGATTCGGTGCCTGTAGCGTTTG: TGGATTCGGTGCCTGTAGCGTTTGG
AGTCCCCATCGAGCGTTCCAAATGC: GTCCCCATCGAGCGTTCCAAATGCC
AAGAGGACTCTCCGAGTATTTTTGG: AGAGGACTCTCCGAGTATTTTTGGG
TCATGGTCACGCCGATTTGGTAGTT: CATGGTCACGCCGATTTGGTAGTTG
GTCTCCCTTCGGCAGCGCGGTTTCC: TCTCCCTTCGGCAGCGCGGTTTCCT
ACGAAGTCTGCGATTGATTTTCGTC: CGAAGTCTGCGATTGATTTTCGTCA
GCCCCCACCTTTAGATGAATCGTTG: CCCCCACCTTTAGATGAATCGTTGA
TGCTACGGGCGCTGTTTGGTAGAAT: GCTACGGGCGCTGTTTGGTAGAATC
CAGGGCTGGCCTTGTTGCGCAAAAC: AGGGCTGGCCTTGTTGCGCAAAACC
GCACTATCGCCTAAGGTCACGGTCT: CACTATCGCCTAAGGTCACGGTCTT
TAGCTTAACAACTTTACGAATCCTG: AGCTTAACAACTTTACGAATCCTGA
CCTGAACGTGAACCTCCATTTAGCA: CTGAACGTGAACCTCCATTTAGCAT
CTCACGAGAGGAAGTAGTCACCAGC: TCACGAGAGGAAGTAGTCACCAGCC
TGAATAAGTGAAACAAAGCACGTCC: GAATAAGTGAAACAAAGCACGTCCG
ATAGCCACCGGGCGTCACCTGAACG: TAGCCACCGGGCGTCACCTGAACGT
CGAGGCCATTGGCAAGGCAGTTAGT: GAGGCCATTGGCAAGGCAGTTAGTA
GAAATATGAGTCGCTAATCATGCGG: AAATATGAGTCGCTAATCATGCGGT
CATTGGCAAGGCAGTTAGTAGATGT: ATTGGCAAGGCAGTTAGTAGATGTC
GCTAGGACGAGGAAATAACGGTTTA: CTAGGACGAGGAAATAACGGTTTAC
AGCACGGACTCCACGACGTATATGC: GCACGGACTCCACGACGTATATGCT
CTTCTGGGGTGTCCGCTATAGTCGA: TTCTGGGGTGTCCGCTATAGTCGAA
TCCAGACTGAGATCTAATCTCGGTG: CCAGACTGAGATCTAATCTCGGTGG
CCTTATTGACGTTTGCATTATAAAA: CTTATTGACGTTTGCATTATAAAAC
TCGCAGTGAATCCTAGTGAATAAGA: CGCAGTGAATCCTAGTGAATAAGAA
CAACCGAACTGGCTTGCATGTCCCA: AACCGAACTGGCTTGCATGTCCCAA
CGTTCTGGCCTCGAGAACTTTACGT: GTTCTGGCCTCGAGAACTTTACGTC
CAACTCTTGGTAAATCTGTTCTTAT: AACTCTTGGTAAATCTGTTCTTATG
GGATAAGGGAAATAAGGTACCTGAC: GATAAGGGAAATAAGGTACCTGACA
CGCTGTTTGGTAGAATCATTGTCTC: GCTGTTTGGTAGAATCATTGTCTCC
TCCACGACGTATATGCTCGGTCACC: CCACGACGTATATGCTCGGTCACCG
GTGAGGGTGACTAAGTTCTCACAGT: TGAGGGTGACTAAGTTCTCACAGTG
CCACCGCCCATTTGTGAGAGTGAAG: CACCGCCCATTTGTGAGAGTGAAGC
AGATCTTATCGATCTAAACTCGATT: GATCTTATCGATCTAAACTCGATTT
AATTCTCTTTCCAGCTGTGACAGTC: ATTCTCTTTCCAGCTGTGACAGTCG
CATGCTGTCGGCGATTCATTGCAGC: ATGCTGTCGGCGATTCATTGCAGCC
AGCGATGTCGGTTAAAGCCACTGTC: GCGATGTCGGTTAAAGCCACTGTCT
TTTGTTACTTGCCCTCGGGTGCTAC: TTGTTACTTGCCCTCGGGTGCTACG
CCCTGCCTATAGTTACGTTCCTCAC: CCTGCCTATAGTTACGTTCCTCACA
TGGTCCAGACTTTCTAGAGCACAAT: GGTCCAGACTTTCTAGAGCACAATC
TATTTCCTACGTCTCGTGTGAGTTA: ATTTCCTACGTCTCGTGTGAGTTAG
TTAGCAGATTTGTAGTACTCAGATA: TAGCAGATTTGTAGTACTCAGATAA
GCCTAACCACGACTTGGCCACCGCC: CCTAACCACGACTTGGCCACCGCCC
CTTACGACATCAAGCGCGAACTTGA: TTACGACATCAAGCGCGAACTTGAG
ATGTTGTCCGAACGACGTCGTGCGT: TGTTGTCCGAACGACGTCGTGCGTA
AAATTCAGTCGACCAGTGGAACTGC: AATTCAGTCGACCAGTGGAACTGCA
TGGCCTCGAGAACTTTACGTCGATG: GGCCTCGAGAACTTTACGTCGATGC
TAGCAAACATGAGCGCCCGGACACA: AGCAAACATGAGCGCCCGGACACAC
TCAGGGCTGGCCTTGTTGCGCAAAA: CAGGGCTGGCCTTGTTGCGCAAAAC
AGCGGCGTGCGACCCAGCAAATATA: GCGGCGTGCGACCCAGCAAATATAA
GTCAGGGCTGGCCTTGTTGCGCAAA: TCAGGGCTGGCCTTGTTGCGCAAAA
TTCATGAAGTACGGGTAGGGGGGAG: TCATGAAGTACGGGTAGGGGGGAGT
TCGCGTGGGGACTCTGGCTATCTTC: CGCGTGGGGACTCTGGCTATCTTCC
CCCATGTTGTCCGAACGACGTCGTG: CCATGTTGTCCGAACGACGTCGTGC
TATCAACATCGTCAGAAGTGACTTA: ATCAACATCGTCAGAAGTGACTTAA
CGATTTTCTTTAGATCGTGGAAAGC: GATTTTCTTTAGATCGTGGAAAGCG
TAGAACGATGCCTGTACGCCTTTCG: AGAACGATGCCTGTACGCCTTTCGA
GTTGCATGTAAGGCTTCTGGGGTGT: TTGCATGTAAGGCTTCTGGGGTGTC
ACAGAACAACGCCATCTCGGACGGG: CAGAACAACGCCATCTCGGACGGGG
CGTACGGAGTCTGGGAACGAGCGGG: GTACGGAGTCTGGGAACGAGCGGGG
GCTTTCGCTTGTCTGCCCGAACTAG: CTTTCGCTTGTCTGCCCGAACTAGC
GTCGCAGGACTTACGACATCAAGCG: TCGCAGGACTTACGACATCAAGCGC
TGAGTTTAATCACGAAGTCTGCGAT: GAGTTTAATCACGAAGTCTGCGATT
TCACGCTCCACAGTCTCCCTTCGGC: CACGCTCCACAGTCTCCCTTCGGCA
CAAGGCACATATGGGCAGGCGCCTC: AAGGCACATATGGGCAGGCGCCTCG
CATCCAGGGCAGCTAGCGCTCAAAC: ATCCAGGGCAGCTAGCGCTCAAACA
TCTGGCTATCTTCCTCTGGTTGTTT: CTGGCTATCTTCCTCTGGTTGTTTG
CTGCTGTTTATCTCACGTCTACCTT: TGCTGTTTATCTCACGTCTACCTTC
TGGATTTTCCTAGGTAGAAAAAGGC: GGATTTTCCTAGGTAGAAAAAGGCC
CCCTCCCGCCCACGGTAATTACTAA: CCTCCCGCCCACGGTAATTACTAAA
CGTTTGGTTCGGATAAAATCGCCGC: GTTTGGTTCGGATAAAATCGCCGCA
CTGGATAGGCGTAAAGCTGTCACCA: TGGATAGGCGTAAAGCTGTCACCAG
CACTTCGGCGCCGAGCAATGGATAT: ACTTCGGCGCCGAGCAATGGATATT
AGTGGCAAATTGACCCACTGCTAAG: GTGGCAAATTGACCCACTGCTAAGC
CATGTAAGTGTACTCTCTACGGGGG: ATGTAAGTGTACTCTCTACGGGGGC
TTACCCTCCCGCCCACGGTAATTAC: TACCCTCCCGCCCACGGTAATTACT
TGAAACAAAGCACGTCCGAACAGTA: GAAACAAAGCACGTCCGAACAGTAT
TCTCCAGACTGAGATCTAATCTCGG: CTCCAGACTGAGATCTAATCTCGGT
GGTGGACATGGGCAGTTCAATCAAG: GTGGACATGGGCAGTTCAATCAAGT
CACCTCCGTGACCAAACTGGGTTGT: ACCTCCGTGACCAAACTGGGTTGTT
GGAGTAACTGGCTCACACTACCCTA: GAGTAACTGGCTCACACTACCCTAG
GGAAAACCCAGTCGGGGGGTCTCTT: GAAAACCCAGTCGGGGGGTCTCTTT
TCATCAAGAAACAGACAATTCTCAG: CATCAAGAAACAGACAATTCTCAGA
ACTGATCCTCAACATTCACGTCATC: CTGATCCTCAACATTCACGTCATCC
CGTCACCTGAACGTGAACCTCCATT: GTCACCTGAACGTGAACCTCCATTT
GGTACTTCTTGTTCGGTAAGGCAAT: GTACTTCTTGTTCGGTAAGGCAATC
TACTATATACCGTTCTGGCCTCGAG: ACTATATACCGTTCTGGCCTCGAGA
GAGTTTAATCACGAAGTCTGCGATT: AGTTTAATCACGAAGTCTGCGATTG
ACTCTTATCATGTAAGTGTACTCTC: CTCTTATCATGTAAGTGTACTCTCT
CCGAGTGAGATGATGTGCTACTTAA: CGAGTGAGATGATGTGCTACTTAAC
ACGGACCCGCCCGTGACATGGAAAT: CGGACCCGCCCGTGACATGGAAATC
TCATCCCTAAGTGAAGGTAGCGTCG: CATCCCTAAGTGAAGGTAGCGTCGC
TGCACCGCTGTTAGATCAAGTAGTC: GCACCGCTGTTAGATCAAGTAGTCC
CCGTTAATATCTCCTGTACGGTCGA: CGTTAATATCTCCTGTACGGTCGAC
GGACGGCATTGGGATCAGCCGGAGC: GACGGCATTGGGATCAGCCGGAGCG
ACAACATCCAGGGCAGCTAGCGCTC: CAACATCCAGGGCAGCTAGCGCTCA
ACTCACATGGCTATGGAGATGATTA: CTCACATGGCTATGGAGATGATTAA
TTTGCTATCCACGGTCCTATCGCCC: TTGCTATCCACGGTCCTATCGCCCA
GAGAATAACTAAATCTATACCAATG: AGAATAACTAAATCTATACCAATGG
CACTACCCTAGATGGAAACCACGAG: ACTACCCTAGATGGAAACCACGAGA
TGTCCGACTGATCCTCAACATTCAC: GTCCGACTGATCCTCAACATTCACG
CTTACTTCAGTGGCAAATTGACCCA: TTACTTCAGTGGCAAATTGACCCAC
CCTTGTGGTCCAACCCCTAAATAAG: CTTGTGGTCCAACCCCTAAATAAGC
TTCCGGGAATGAGTCCCCATCGAGC: TCCGGGAATGAGTCCCCATCGAGCG
TGGGACTGGCTGAATCCTCATAACT: GGGACTGGCTGAATCCTCATAACTT
TCGGCCGAGACGGGTTTAAATTGAT: CGGCCGAGACGGGTTTAAATTGATG
ATCATGTAAGTGTACTCTCTACGGG: TCATGTAAGTGTACTCTCTACGGGG
ATTGTCTCCCACCGGTGGTCAGTAC: TTGTCTCCCACCGGTGGTCAGTACA
GTGTTTGACATTGACAACGGCTTTG: TGTTTGACATTGACAACGGCTTTGA
TAGTACTCAGATAACACTGGATAGG: AGTACTCAGATAACACTGGATAGGC
TAATCATCAAGAAACAGACAATTCT: AATCATCAAGAAACAGACAATTCTC
GCGGTTTGACGTATACACTGTAGTA: CGGTTTGACGTATACACTGTAGTAT
AGTGAATCCTAGTGAATAAGAATCA: GTGAATCCTAGTGAATAAGAATCAG
TCCGAACGACGTCGTGCGTACTGAC: CCGAACGACGTCGTGCGTACTGACA
CCACTGCTAAGCGACCTCTTCGCAG: CACTGCTAAGCGACCTCTTCGCAGT
TACGTCAAGTACGGCCTTGTGGTCC: ACGTCAAGTACGGCCTTGTGGTCCA
TTGCAGTCCTACAGCAGGCCTTGAT: TGCAGTCCTACAGCAGGCCTTGATG
CGACACTCTGGCCAAGGCACATATG: GACACTCTGGCCAAGGCACATATGG
ACTTTCATGAAGTACGGGTAGGGGG: CTTTCATGAAGTACGGGTAGGGGGG
AGCGTTTGGTTCGGATAAAATCGCC: GCGTTTGGTTCGGATAAAATCGCCG
CGTAGCAAACATGAGCGCCCGGACA: GTAGCAAACATGAGCGCCCGGACAC
CGGCGTGCGACCCAGCAAATATAAC: GGCGTGCGACCCAGCAAATATAACA
AAGCTGTCACCAGTCTCTAGTCACC: AGCTGTCACCAGTCTCTAGTCACCA
CGCTGTTAGATCAAGTAGTCCTTTT: GCTGTTAGATCAAGTAGTCCTTTTT
AAACATGAGCGCCCGGACACACATG: AACATGAGCGCCCGGACACACATGC
TGCCCGAGGTATTGGGAGTAACTGG: GCCCGAGGTATTGGGAGTAACTGGC
ATAAGGGAAATAAGGTACCTGACAT: TAAGGGAAATAAGGTACCTGACATA
TTTGGTAGTTGCTTCTATTCATGGA: TTGGTAGTTGCTTCTATTCATGGAA
ATCTCGGTGGTCTCTCGACGGGCAA: TCTCGGTGGTCTCTCGACGGGCAAC
TATCGCCCGAAGGCGGGATGGAATT: ATCGCCCGAAGGCGGGATGGAATTC
CTGACTCGGCTTCTTGCAGTCCTAC: TGACTCGGCTTCTTGCAGTCCTACA
GGCAAACGCAGTCAATACCAGAGAT: GCAAACGCAGTCAATACCAGAGATC
GCATATTTATAGGGTCCTCACTAAG: CATATTTATAGGGTCCTCACTAAGC
CTCCATAGGATTAGGCAGAAGACAT: TCCATAGGATTAGGCAGAAGACATT
TCATGCGGCTACTATATACCGTTCT: CATGCGGCTACTATATACCGTTCTG
CCTCCGAGCTCTGTAGCTGTCACTA: CTCCGAGCTCTGTAGCTGTCACTAC
AGCCATGACGTTTGAAGAAATATGA: GCCATGACGTTTGAAGAAATATGAG
CAACGTGCGTGCACTCCCAATGGTT: AACGTGCGTGCACTCCCAATGGTTA
GTCGATAAAATGGCGGGCATTCTGT: TCGATAAAATGGCGGGCATTCTGTG
CTTGCAGTCCTACAGCAGGCCTTGA: TTGCAGTCCTACAGCAGGCCTTGAT
CTGGCCAAACGGAGAATAACTAAAT: TGGCCAAACGGAGAATAACTAAATC
TCCGTAGGGCCTGTCCCGAGAGCCA: CCGTAGGGCCTGTCCCGAGAGCCAG
GTAGGGCCTGTCCCGAGAGCCAGGG: TAGGGCCTGTCCCGAGAGCCAGGGG
TACTAAAAAAATCTCGATGGGCATT: ACTAAAAAAATCTCGATGGGCATTA
CGCTCCACAGTCTCCCTTCGGCAGC: GCTCCACAGTCTCCCTTCGGCAGCG
CCACGGGGAATTGAATGCAGGCAAC: CACGGGGAATTGAATGCAGGCAACC
GTCTAATACCAGCCTGCACAGACTG: TCTAATACCAGCCTGCACAGACTGA
CAACCCCTAAATAAGCTGGCCAAAC: AACCCCTAAATAAGCTGGCCAAACG
AACGGCTTTGACTATTATCCGGTAC: ACGGCTTTGACTATTATCCGGTACA
CTAGGTAGAAAAAGGCCTTACGGCT: TAGGTAGAAAAAGGCCTTACGGCTG
TGTTCTTATGAGATATATGTGTCAT: GTTCTTATGAGATATATGTGTCATC
CTCGTTAGCTTAACAACTTTACGAA: TCGTTAGCTTAACAACTTTACGAAT
GGTCGACACTCTGGCCAAGGCACAT: GTCGACACTCTGGCCAAGGCACATA
TTTTATAACCAGGCGCGACACGTCT: TTTATAACCAGGCGCGACACGTCTA
AGGCAGAAGACATTGAACGTTATTA: GGCAGAAGACATTGAACGTTATTAC
TATATCGCGGTTACAAACCATTGGG: ATATCGCGGTTACAAACCATTGGGA
CACTATCGCCTAAGGTCACGGTCTT: ACTATCGCCTAAGGTCACGGTCTTC
ACATGCGTCCTGAGCTAAAGCCCCT: CATGCGTCCTGAGCTAAAGCCCCTC
GTTTGAACTGGTGAGTTTAATCACG: TTTGAACTGGTGAGTTTAATCACGA
TCTAGATGTACTTATCGCATAATCA: CTAGATGTACTTATCGCATAATCAC
TCTCCGAGTATTTTTGGGCGTTTCT: CTCCGAGTATTTTTGGGCGTTTCTG
TGGTTTTAGTGGTTCCGCACGACCT: GGTTTTAGTGGTTCCGCACGACCTC
GCTACTTAACGGCAAATGGAGTTTG: CTACTTAACGGCAAATGGAGTTTGC
CACATGCTGTCGGCGATTCATTGCA: ACATGCTGTCGGCGATTCATTGCAG
TGAGATCTTATCGATCTAAACTCGA: GAGATCTTATCGATCTAAACTCGAT
ACTCCCAACTCTTGGTAAATCTGTT: CTCCCAACTCTTGGTAAATCTGTTC
GGGAAATAAGGTACCTGACATAACC: GGAAATAAGGTACCTGACATAACCA
CAATCCAGCGCCCCGCTAGCTGCTG: AATCCAGCGCCCCGCTAGCTGCTGT
ACTTAAGAACGCCTTTCCCGGCGTG: CTTAAGAACGCCTTTCCCGGCGTGT
CCATTTGTGAGAGTGAAGCAGACGC: CATTTGTGAGAGTGAAGCAGACGCG
CTGTAGCTGTCACTACGGCTTGGCC: TGTAGCTGTCACTACGGCTTGGCCC
ATACAAGTAAAACAACATCTTAGCC: TACAAGTAAAACAACATCTTAGCCC
ACTCAACGTGTCAGGGCTGGCCTTG: CTCAACGTGTCAGGGCTGGCCTTGT
TCTTCCTCTGGTTGTTTGAACTGGT: CTTCCTCTGGTTGTTTGAACTGGTG
CGACGTATATGCTCGGTCACCGAAA: GACGTATATGCTCGGTCACCGAAAA
CAGAAGTGACTTAAGAACGCCTTTC: AGAAGTGACTTAAGAACGCCTTTCC
CCTAAATAAGCTGGCCAAACGGAGA: CTAAATAAGCTGGCCAAACGGAGAA
CCCCTCCGAGCTCTGTAGCTGTCAC: CCCTCCGAGCTCTGTAGCTGTCACT
CGACGGGCAACCACGGGGAATTGAA: GACGGGCAACCACGGGGAATTGAAT
TATGATCAAACGCCGCACCAAACAA: ATGATCAAACGCCGCACCAAACAAC
ATTGATTTTCGTCAGGCGCCTAGCT: TTGATTTTCGTCAGGCGCCTAGCTA
ACTGAAGTCATTCTGTGTCGGCCGG: CTGAAGTCATTCTGTGTCGGCCGGG
GAGTTTGCAGATAAGACGTTCCTCA: AGTTTGCAGATAAGACGTTCCTCAA
TCGCCACTTTGTTGATTCGGTGCTA: CGCCACTTTGTTGATTCGGTGCTAT
GTCGGCAACTGCAAATTTGTTACTT: TCGGCAACTGCAAATTTGTTACTTG
GGTCACGCCGATTTGGTAGTTGCTT: GTCACGCCGATTTGGTAGTTGCTTC
GCACTTTCATGAAGTACGGGTAGGG: CACTTTCATGAAGTACGGGTAGGGG
GTGTCCGCTATAGTCGAATCGGCTG: TGTCCGCTATAGTCGAATCGGCTGA
TCTGACAACATCCAGGGCAGCTAGC: CTGACAACATCCAGGGCAGCTAGCG
TGTCTGAATAAATTTAAGAAATGAG: GTCTGAATAAATTTAAGAAATGAGT
AACGGCAAATGGAGTTTGCAGATAA: ACGGCAAATGGAGTTTGCAGATAAG
TGAATAAGAATCAGCCCCTTGTGTT: GAATAAGAATCAGCCCCTTGTGTTT
ACCACCGCCCATTTGTGAGAGTGAA: CCACCGCCCATTTGTGAGAGTGAAG
GCCCTTCTCCCACTGGGAATAACAT: CCCTTCTCCCACTGGGAATAACATC
ATATGTGTCATCTCGGCCCTTACTT: TATGTGTCATCTCGGCCCTTACTTC
CTTTCTAGAGCACAATCATATTTTC: TTTCTAGAGCACAATCATATTTTCA
TAGCAGATTTGTAGTACTCAGATAA: AGCAGATTTGTAGTACTCAGATAAC
CGCCTTTCCCGGCGTGTCCGACTGA: GCCTTTCCCGGCGTGTCCGACTGAT
CCAGGGGGATTTTAGCAGATTTGTA: CAGGGGGATTTTAGCAGATTTGTAG
CGTGGGGACTCTGGCTATCTTCCTC: GTGGGGACTCTGGCTATCTTCCTCT
CTAATCTCGGTGGTCTCTCGACGGG: TAATCTCGGTGGTCTCTCGACGGGC
AAATTGACCCACTGCTAAGCGACCT: AATTGACCCACTGCTAAGCGACCTC
TTTCTGCAAGCCGTATGAGCCTCAT: TTCTGCAAGCCGTATGAGCCTCATA
CTCGGCCTCAAAAAATGTCCTCGAG: TCGGCCTCAAAAAATGTCCTCGAGC
TTTGGGCGTTTCTGCATGTTTACTT: TTGGGCGTTTCTGCATGTTTACTTG
ACCTGAACGTGAACCTCCATTTAGC: CCTGAACGTGAACCTCCATTTAGCA
AGTTCTCACAGTGTGACAAGGGAGC: GTTCTCACAGTGTGACAAGGGAGCC
TCCTCCATAGGATTAGGCAGAAGAC: CCTCCATAGGATTAGGCAGAAGACA
CCCTTGTCCCTTACCCATGTTGTCC: CCTTGTCCCTTACCCATGTTGTCCG
CATGAAGTACGGGTAGGGGGGAGTG: ATGAAGTACGGGTAGGGGGGAGTGT
GACACCCCATCCTAGCAGACATCGG: ACACCCCATCCTAGCAGACATCGGG
CAAATATGGTACAAAACTTCGAAAT: AAATATGGTACAAAACTTCGAAATC
CAAGAGGACTCTCCGAGTATTTTTG: AAGAGGACTCTCCGAGTATTTTTGG
AGAGCCATGACGTTTGAAGAAATAT: GAGCCATGACGTTTGAAGAAATATG
TCTTATCGATCTAAACTCGATTTTA: CTTATCGATCTAAACTCGATTTTAT
ACGACTTGGCCACCGCCCTGACCTC: CGACTTGGCCACCGCCCTGACCTCG
TTTTGGGCGTTTCTGCATGTTTACT: TTTGGGCGTTTCTGCATGTTTACTT
CATAACGCCCTTGTAAGCCTTCGGC: ATAACGCCCTTGTAAGCCTTCGGCC
TTACTTCAGTGGCAAATTGACCCAC: TACTTCAGTGGCAAATTGACCCACT
GAATCGTACTGACTCGGCTTCTTGC: AATCGTACTGACTCGGCTTCTTGCA
AAACCACGAGAGCTGAATAAGTGAA: AACCACGAGAGCTGAATAAGTGAAA
TTCGCACTGATTGATTGATTTAGCT: TCGCACTGATTGATTGATTTAGCTT
CGGGGCCCCCCACCACCGTCCTAAT: GGGGCCCCCCACCACCGTCCTAATC
GCGATTGATTTTCGTCAGGCGCCTA: CGATTGATTTTCGTCAGGCGCCTAG
ATATAACACAATTTGTTTTGTCATC: TATAACACAATTTGTTTTGTCATCA
CTCAACGTGTCAGGGCTGGCCTTGT: TCAACGTGTCAGGGCTGGCCTTGTT
ATTGGGATCAGCCGGAGCGGTTTGA: TTGGGATCAGCCGGAGCGGTTTGAC
ACACCGACACGAAATTCAGTCGACC: CACCGACACGAAATTCAGTCGACCA
GGCGCTCGTTAGCTTAACAACTTTA: GCGCTCGTTAGCTTAACAACTTTAC
AAATTTAAGAAATGAGTTAGATGGC: AATTTAAGAAATGAGTTAGATGGCG
TTGGTAGAATCATTGTCTCCCACCG: TGGTAGAATCATTGTCTCCCACCGG
ACGGTCCTATCGCCCAGTGGAGGCA: CGGTCCTATCGCCCAGTGGAGGCAC
GGCCATCGGACGAAGATAGAATTGT: GCCATCGGACGAAGATAGAATTGTA
CGGCGCCGAGCAATGGATATTAATA: GGCGCCGAGCAATGGATATTAATAC
ACCGGTGGTCAGTACATTTTATAAC: CCGGTGGTCAGTACATTTTATAACC
CGGCTTGGCCCCCGGGTACTCAATT: GGCTTGGCCCCCGGGTACTCAATTG
TATACCAATGGAGTTATAGGATCGA: ATACCAATGGAGTTATAGGATCGAG
CCACATTAACGTTCGGCAGGCCGGC: CACATTAACGTTCGGCAGGCCGGCG
AACAACATCTTAGCCCCCGAGGCCA: ACAACATCTTAGCCCCCGAGGCCAT
ATTATCCGGTACATCTCCGTAGGGC: TTATCCGGTACATCTCCGTAGGGCC
ATCTTATCGATCTAAACTCGATTTT: TCTTATCGATCTAAACTCGATTTTA
TTGCGGCCCCGCCGATTTGCTATCC: TGCGGCCCCGCCGATTTGCTATCCA
GGCATTCTGTGCTCGCCATGCTAGG: GCATTCTGTGCTCGCCATGCTAGGA
CACCCCATCCTAGCAGACATCGGGA: ACCCCATCCTAGCAGACATCGGGAC
TCCTAATTCTTGAGCTATTAGAATC: CCTAATTCTTGAGCTATTAGAATCG
TTATGCCCGGACAGATTCTGTATTT: TATGCCCGGACAGATTCTGTATTTA
CGGCTGCAGGGTTAACGATCATTCC: GGCTGCAGGGTTAACGATCATTCCC
GTGAGTTTAATCACGAAGTCTGCGA: TGAGTTTAATCACGAAGTCTGCGAT
AGTCAATACCAGAGATCTCTGGCCT: GTCAATACCAGAGATCTCTGGCCTT
ACGGCCCGAGTGAGATGATGTGCTA: CGGCCCGAGTGAGATGATGTGCTAC
TGATGGAATGCATGGATAAGGGGTG: GATGGAATGCATGGATAAGGGGTGA
AGTCCTACAGCAGGCCTTGATGCTT: GTCCTACAGCAGGCCTTGATGCTTG
TCTCACAGTGTGACAAGGGAGCCGT: CTCACAGTGTGACAAGGGAGCCGTG
CGGCTTTGTAAAAGAGGCGGCAAAC: GGCTTTGTAAAAGAGGCGGCAAACG
ACATCCAGGGCAGCTAGCGCTCAAA: CATCCAGGGCAGCTAGCGCTCAAAC
CAGCTAGCGCTCAAACATGGTACTT: AGCTAGCGCTCAAACATGGTACTTC
CCGCCGTCAACCGCTAAAGCATCAA: CGCCGTCAACCGCTAAAGCATCAAG
AGTCACACGCCAAATATGGTACAAA: GTCACACGCCAAATATGGTACAAAA
TGAGGGTGACTAAGTTCTCACAGTG: GAGGGTGACTAAGTTCTCACAGTGT
TTTTAGCAGATTTGTAGTACTCAGA: TTTAGCAGATTTGTAGTACTCAGAT
TCTTCACAGCATCTAGCGGCGTGCG: CTTCACAGCATCTAGCGGCGTGCGA
AAATAAGGTACCTGACATAACCAAC: AATAAGGTACCTGACATAACCAACG
CTTTCCCGGCGTGTCCGACTGATCC: TTTCCCGGCGTGTCCGACTGATCCT
TACCACCGCCCATTTGTGAGAGTGA: ACCACCGCCCATTTGTGAGAGTGAA
ATGAAGTACGGGTAGGGGGGAGTGT: TGAAGTACGGGTAGGGGGGAGTGTT
GAAATGAGTTAGATGGCGCCTGTTA: AAATGAGTTAGATGGCGCCTGTTAT
ACGCCGATTTGGTAGTTGCTTCTAT: CGCCGATTTGGTAGTTGCTTCTATT
CGTGACAAGGCCGCAGGCAGATGTG: GTGACAAGGCCGCAGGCAGATGTGA
AGTTAGAACGATGCCTGTACGCCTT: GTTAGAACGATGCCTGTACGCCTTT
ACGGCATTGGGATCAGCCGGAGCGG: CGGCATTGGGATCAGCCGGAGCGGT
TTTATAGGGTCCTCACTAAGCACTT: TTATAGGGTCCTCACTAAGCACTTT
CGAGACGGGTTTAAATTGATGTCGC: GAGACGGGTTTAAATTGATGTCGCG
CCGCAGGCAGATGTGAGACTCGAAA: CGCAGGCAGATGTGAGACTCGAAAA
TAGATGTCCTACGTACGGCTAGACC: AGATGTCCTACGTACGGCTAGACCC
CGAACGACGTCGTGCGTACTGACAT: GAACGACGTCGTGCGTACTGACATG
GGAGTTATAGGATCGAGGGAGTCGA: GAGTTATAGGATCGAGGGAGTCGAT
CCTTACGGCTGCAGGGTTAACGATC: CTTACGGCTGCAGGGTTAACGATCA
CACCGTCCTAATCATCAAGAAACAG: ACCGTCCTAATCATCAAGAAACAGA
CTGGCCTTACTCAACGTGTCAGGGC: TGGCCTTACTCAACGTGTCAGGGCT
GAGACCCCTTAGTAATTAATTTTAT: AGACCCCTTAGTAATTAATTTTATG
TACCGTTCTGGCCTCGAGAACTTTA: ACCGTTCTGGCCTCGAGAACTTTAC
TGAATCGTTGACGACCATGCCTGCA: GAATCGTTGACGACCATGCCTGCAC
GCCCATGAGACCCCTTAGTAATTAA: CCCATGAGACCCCTTAGTAATTAAT
TGACAAGGGAGCCGTGACAAGGCCG: GACAAGGGAGCCGTGACAAGGCCGC
GCACGACCTCATTACATCAAACTCT: CACGACCTCATTACATCAAACTCTC
CCGTTCTGGCCTCGAGAACTTTACG: CGTTCTGGCCTCGAGAACTTTACGT
CAGATTTGTAGTACTCAGATAACAC: AGATTTGTAGTACTCAGATAACACT
GCTAATCATGCGGTGGACATGGGCA: CTAATCATGCGGTGGACATGGGCAG
TTACCCATGTTGTCCGAACGACGTC: TACCCATGTTGTCCGAACGACGTCG
CTTTCTGCAAGCCGTATGAGCCTCA: TTTCTGCAAGCCGTATGAGCCTCAT
ACCCCTAAATAAGCTGGCCAAACGG: CCCCTAAATAAGCTGGCCAAACGGA
ACTATTATCCGGTACATCTCCGTAG: CTATTATCCGGTACATCTCCGTAGG
TCTCTGAGTCAGTGGCGCTCGTTAG: CTCTGAGTCAGTGGCGCTCGTTAGC
GCTGTCACTACGGCTTGGCCCCCGG: CTGTCACTACGGCTTGGCCCCCGGG
CGGACGGCATTGGGATCAGCCGGAG: GGACGGCATTGGGATCAGCCGGAGC
GTAGTATGCTCGGATCACGGTATTG: TAGTATGCTCGGATCACGGTATTGT
TGTACGGTCGACACTCTGGCCAAGG: GTACGGTCGACACTCTGGCCAAGGC
TATGGTCAAAAGTACACTCCCAACT: ATGGTCAAAAGTACACTCCCAACTC
GGGGATTTTAGCAGATTTGTAGTAC: GGGATTTTAGCAGATTTGTAGTACT
TAAAAGAGGCGGCAAACGCAGTCAA: AAAAGAGGCGGCAAACGCAGTCAAT
TGGTCCAACCCCTAAATAAGCTGGC: GGTCCAACCCCTAAATAAGCTGGCC
ATCACGGACCATTGCACCTCCGTGA: TCACGGACCATTGCACCTCCGTGAC
TCAACGATTATATCGCGGTTACAAA: CAACGATTATATCGCGGTTACAAAC
GTTATAGGATCGAGGGAGTCGATAC: TTATAGGATCGAGGGAGTCGATACA
GTCTGCGATTGATTTTCGTCAGGCG: TCTGCGATTGATTTTCGTCAGGCGC
TAAGCCTTCGGCCGAGACGGGTTTA: AAGCCTTCGGCCGAGACGGGTTTAA
ATGGGCAGTTCAATCAAGTCACACG: TGGGCAGTTCAATCAAGTCACACGC
GGGAGTAACTGGCTCACACTACCCT: GGAGTAACTGGCTCACACTACCCTA
AGGAAGTAGTCACCAGCCGCGGGAC: GGAAGTAGTCACCAGCCGCGGGACT
TTCCGCACGACCTCATTACATCAAA: TCCGCACGACCTCATTACATCAAAC
GCAGAGGTGGCCTAACCACGACTTG: CAGAGGTGGCCTAACCACGACTTGG
CGACATGGTTTTAGTGGTTCCGCAC: GACATGGTTTTAGTGGTTCCGCACG
GGCCAAACGGAGAATAACTAAATCT: GCCAAACGGAGAATAACTAAATCTA
GGTGAGATCTTATCGATCTAAACTC: GTGAGATCTTATCGATCTAAACTCG
TTCTCTTTCCAGCTGTGACAGTCGT: TCTCTTTCCAGCTGTGACAGTCGTA
CACGAGAGGAAGTAGTCACCAGCCG: ACGAGAGGAAGTAGTCACCAGCCGC
CTTTCATGAAGTACGGGTAGGGGGG: TTTCATGAAGTACGGGTAGGGGGGA
TAGTATACCGTTAATATCTCCTGTA: AGTATACCGTTAATATCTCCTGTAC
TTGCTATCCACGGTCCTATCGCCCA: TGCTATCCACGGTCCTATCGCCCAG
GCATGGATAAGGGGTGAGATCTTAT: CATGGATAAGGGGTGAGATCTTATC
TTAGGCAGAAGACATTGAACGTTAT: TAGGCAGAAGACATTGAACGTTATT
CTATTATCCGGTACATCTCCGTAGG: TATTATCCGGTACATCTCCGTAGGG
CCAGCAGAGCGGACACTCTTATCAT: CAGCAGAGCGGACACTCTTATCATG
AATATCGCCCGAAGGCGGGATGGAA: ATATCGCCCGAAGGCGGGATGGAAT
TTACTCAACGTGTCAGGGCTGGCCT: TACTCAACGTGTCAGGGCTGGCCTT
GGACCGACAAGCAGCTGTTGGTGGG: GACCGACAAGCAGCTGTTGGTGGGT
CAGCAGGCCTTGATGCTTGTCCACA: AGCAGGCCTTGATGCTTGTCCACAG
TATGATCCTTATTGACGTTTGCATT: ATGATCCTTATTGACGTTTGCATTA
TTCAATCAAGTCACACGCCAAATAT: TCAATCAAGTCACACGCCAAATATG
GAATCGGCTGACTGACCAGACATCT: AATCGGCTGACTGACCAGACATCTC
ATCGTGATGCCCGAGGTATTGGGAG: TCGTGATGCCCGAGGTATTGGGAGT
GAGTTGCTTACCCTCCCGCCCACGG: AGTTGCTTACCCTCCCGCCCACGGT
TTTGAAGAAATATGAGTCGCTAATC: TTGAAGAAATATGAGTCGCTAATCA
ACTACGGCTTGGCCCCCGGGTACTC: CTACGGCTTGGCCCCCGGGTACTCA
TAGTCGCTGATATGTCCTTGCGGCC: AGTCGCTGATATGTCCTTGCGGCCC
CTCACGTCTACCTTCCGGGAATGAG: TCACGTCTACCTTCCGGGAATGAGT
ATGCAGGCAACCTAACTATGTCGCA: TGCAGGCAACCTAACTATGTCGCAG
ATGGAATGCATGGATAAGGGGTGAG: TGGAATGCATGGATAAGGGGTGAGA
AGAGGTGGCCTAACCACGACTTGGC: GAGGTGGCCTAACCACGACTTGGCC
GCCGAGCTATTTTAGACGGCACCTT: CCGAGCTATTTTAGACGGCACCTTC
GTCCGAACAGTATTGTCGTACGTCA: TCCGAACAGTATTGTCGTACGTCAA
GGCCCGGTACATTTCTTATCAACAT: GCCCGGTACATTTCTTATCAACATC
TTGTTTGTAATCATGCGGCTACTAT: TGTTTGTAATCATGCGGCTACTATA
ACTCCACGACGTATATGCTCGGTCA: CTCCACGACGTATATGCTCGGTCAC
TTGAAGCCATAGCCACCGGGCGTCA: TGAAGCCATAGCCACCGGGCGTCAC
ATGGAAACCACGAGAGCTGAATAAG: TGGAAACCACGAGAGCTGAATAAGT
GGATAAAATCGCCGCATCCCTATTC: GATAAAATCGCCGCATCCCTATTCG
ACCGCCCTGACCTCGCCGCAGTTGC: CCGCCCTGACCTCGCCGCAGTTGCA
ACAGAAATTAGAAGGGAGTTGCTTA: CAGAAATTAGAAGGGAGTTGCTTAC
CTCCACGACGTATATGCTCGGTCAC: TCCACGACGTATATGCTCGGTCACC
TCGATACATCATAACGCCCTTGTAA: CGATACATCATAACGCCCTTGTAAG
TGGCCATCGGACGAAGATAGAATTG: GGCCATCGGACGAAGATAGAATTGT
AAGATAGAATTGTAGGAGAAAAGTG: AGATAGAATTGTAGGAGAAAAGTGC
CGGGCATTCTGTGCTCGCCATGCTA: GGGCATTCTGTGCTCGCCATGCTAG
GCACAGACTGAAGTCATTCTGTGTC: CACAGACTGAAGTCATTCTGTGTCG
CTTCTATTCATGGAAAACCAAAACA: TTCTATTCATGGAAAACCAAAACAC
CCTCATTACATCAAACTCTCAGAGC: CTCATTACATCAAACTCTCAGAGCC
AAGCCCCTCCGAGCTCTGTAGCTGT: AGCCCCTCCGAGCTCTGTAGCTGTC
ACCAATGGAGTTATAGGATCGAGGG: CCAATGGAGTTATAGGATCGAGGGA
GGACGGGGTCGGCAACTGCAAATTT: GACGGGGTCGGCAACTGCAAATTTG
CGTCTAATACCAGCCTGCACAGACT: GTCTAATACCAGCCTGCACAGACTG
TACGTGCCTAGCTGCTACGTGAGTA: ACGTGCCTAGCTGCTACGTGAGTAC
GTTCGGATAAAATCGCCGCATCCCT: TTCGGATAAAATCGCCGCATCCCTA
AGCACAATCATATTTTCACGCTCCA: GCACAATCATATTTTCACGCTCCAC
GCGTTAGCCCTTCTCCCACTGGGAA: CGTTAGCCCTTCTCCCACTGGGAAT
TAGATGAATCGTTGACGACCATGCC: AGATGAATCGTTGACGACCATGCCT
AAATTCCGCCGTCAACCGCTAAAGC: AATTCCGCCGTCAACCGCTAAAGCA
GCATGTCCCAACGTGCGTGCACTCC: CATGTCCCAACGTGCGTGCACTCCC
CCCCGAGGCCATTGGCAAGGCAGTT: CCCGAGGCCATTGGCAAGGCAGTTA
ACGGAGAATAACTAAATCTATACCA: CGGAGAATAACTAAATCTATACCAA
AAATAACGGTTTACGGCTTTGTAAA: AATAACGGTTTACGGCTTTGTAAAA
GTCGTGCGTACTGACATGCGTCCTG: TCGTGCGTACTGACATGCGTCCTGA
ATAAAATCGCCGCATCCCTATTCGA: TAAAATCGCCGCATCCCTATTCGAC
TGGTTCCGCACGACCTCATTACATC: GGTTCCGCACGACCTCATTACATCA
GGCTGGCCTTGTTGCGCAAAACCTG: GCTGGCCTTGTTGCGCAAAACCTGG
TCTCTCGACGGGCAACCACGGGGAA: CTCTCGACGGGCAACCACGGGGAAT
TACTTCTTGTTCGGTAAGGCAATCC: ACTTCTTGTTCGGTAAGGCAATCCA
AGCACGGACCCGCCCGTGACATGGA: GCACGGACCCGCCCGTGACATGGAA
TGTTAGATCAAGTAGTCCTTTTTGA: GTTAGATCAAGTAGTCCTTTTTGAT
TATTTATGCCGAGAGCGACTACGTG: ATTTATGCCGAGAGCGACTACGTGC
GATTCATTGCAGCCCACCCTAGCAA: ATTCATTGCAGCCCACCCTAGCAAC
CTAGCTGCTACGTGAGTACCACCGC: TAGCTGCTACGTGAGTACCACCGCC
ACGGGCGCTGTTTGGTAGAATCATT: CGGGCGCTGTTTGGTAGAATCATTG
TGTGTCGTGAGGGTGACTAAGTTCT: GTGTCGTGAGGGTGACTAAGTTCTC
TTGGTTCGGATAAAATCGCCGCATC: TGGTTCGGATAAAATCGCCGCATCC
TTACACGCGGCTCACGAGAGGAAGT: TACACGCGGCTCACGAGAGGAAGTA
ATGGAGATGATTAATTCTCTTTCCA: TGGAGATGATTAATTCTCTTTCCAG
GCCAGAAGCCGAGCTATTTTAGACG: CCAGAAGCCGAGCTATTTTAGACGG
CTCCCTTCGGCAGCGCGGTTTCCTA: TCCCTTCGGCAGCGCGGTTTCCTAA
CCTAACCACGACTTGGCCACCGCCC: CTAACCACGACTTGGCCACCGCCCT
CACGTCCGAACAGTATTGTCGTACG: ACGTCCGAACAGTATTGTCGTACGT
TTGAACTGGTGAGTTTAATCACGAA: TGAACTGGTGAGTTTAATCACGAAG
GCTATCCACGGTCCTATCGCCCAGT: CTATCCACGGTCCTATCGCCCAGTG
ATTTTTGGGCGTTTCTGCATGTTTA: TTTTTGGGCGTTTCTGCATGTTTAC
GTTATTACGCCCAGCAGAGCGGACA: TTATTACGCCCAGCAGAGCGGACAC
GGTTAACGATCATTCCCTATGATCA: GTTAACGATCATTCCCTATGATCAA
GTTTACGGCTTTGTAAAAGAGGCGG: TTTACGGCTTTGTAAAAGAGGCGGC
GTCCGCTATAGTCGAATCGGCTGAC: TCCGCTATAGTCGAATCGGCTGACT
TGGGGGAGCCCATGAGACCCCTTAG: GGGGGAGCCCATGAGACCCCTTAGT
CGTCAGGTGAATGGATTAATAGCGG: GTCAGGTGAATGGATTAATAGCGGC
CAGGCCGGCGGGATAAGGGAAATAA: AGGCCGGCGGGATAAGGGAAATAAG
TATTGCCCATCGTGATGCCCGAGGT: ATTGCCCATCGTGATGCCCGAGGTA
TCGTACACCGACACGAAATTCAGTC: CGTACACCGACACGAAATTCAGTCG
TAAGTGAAGGTAGCGTCGCCCTTGT: AAGTGAAGGTAGCGTCGCCCTTGTC
AACGTTATTACGCCCAGCAGAGCGG: ACGTTATTACGCCCAGCAGAGCGGA
GGGTTGTTATATTGTGTCGTGAGGG: GGTTGTTATATTGTGTCGTGAGGGT
CTTTCCAGCTGTGACAGTCGTAACG: TTTCCAGCTGTGACAGTCGTAACGG
AGGCCATTGGCAAGGCAGTTAGTAG: GGCCATTGGCAAGGCAGTTAGTAGA
AATCTTTAGTCGCTGATATGTCCTT: ATCTTTAGTCGCTGATATGTCCTTG
CGTGATGCCCGAGGTATTGGGAGTA: GTGATGCCCGAGGTATTGGGAGTAA
ATTGCCCATCGTGATGCCCGAGGTA: TTGCCCATCGTGATGCCCGAGGTAT
AATTTTATGCCCGGACAGATTCTGT: ATTTTATGCCCGGACAGATTCTGTA
CTGACTGACCAGACATCTCCAGACT: TGACTGACCAGACATCTCCAGACTG
CAATCAAGTCACACGCCAAATATGG: AATCAAGTCACACGCCAAATATGGT
CCAGAAGCCGAGCTATTTTAGACGG: CAGAAGCCGAGCTATTTTAGACGGC
GAGCCAGGGGGATTTTAGCAGATTT: AGCCAGGGGGATTTTAGCAGATTTG
GTTTGTAATCATGCGGCTACTATAT: TTTGTAATCATGCGGCTACTATATA
AGCAAATATAACACAATTTGTTTTG: GCAAATATAACACAATTTGTTTTGT
CGGCTCAAGCCACGTTGGCACTATC: GGCTCAAGCCACGTTGGCACTATCG
TATGTATTTCAGCGATGTCGGTTAA: ATGTATTTCAGCGATGTCGGTTAAA
CGGACACTCTTATCATGTAAGTGTA: GGACACTCTTATCATGTAAGTGTAC
GAACTGGTGAGTTTAATCACGAAGT: AACTGGTGAGTTTAATCACGAAGTC
ATCAAATTCTCTGAGTCAGTGGCGC: TCAAATTCTCTGAGTCAGTGGCGCT
GATTTTCTTTAGATCGTGGAAAGCG: ATTTTCTTTAGATCGTGGAAAGCGT
GTGGCGATCCTGCGCCCTTTCTGCA: TGGCGATCCTGCGCCCTTTCTGCAA
GCAGTTCAATCAAGTCACACGCCAA: CAGTTCAATCAAGTCACACGCCAAA
CATTGCAGCCCACCCTAGCAACGTT: ATTGCAGCCCACCCTAGCAACGTTC
GCAGCGCGGTTTCCTAATTCTTGAG: CAGCGCGGTTTCCTAATTCTTGAGC
TTCTGGCCTCGAGAACTTTACGTCG: TCTGGCCTCGAGAACTTTACGTCGA
CTTTTTGATATGAAAATATCCGGTT: TTTTTGATATGAAAATATCCGGTTA
CAGGGTTAACGATCATTCCCTATGA: AGGGTTAACGATCATTCCCTATGAT
CTATGATCAAACGCCGCACCAAACA: TATGATCAAACGCCGCACCAAACAA
TAACTTGCGGACGGCATTGGGATCA: AACTTGCGGACGGCATTGGGATCAG
GACTCTCCGAGTATTTTTGGGCGTT: ACTCTCCGAGTATTTTTGGGCGTTT
GTCAGTGGCGCTCGTTAGCTTAACA: TCAGTGGCGCTCGTTAGCTTAACAA
TTGCATTATAAAACTCACAATCTTT: TGCATTATAAAACTCACAATCTTTA
GTAGTCACCAGCCGCGGGACTTCTT: TAGTCACCAGCCGCGGGACTTCTTT
CATCAAGAAACAGACAATTCTCAGA: ATCAAGAAACAGACAATTCTCAGAA
AAACAGAACAACGCCATCTCGGACG: AACAGAACAACGCCATCTCGGACGG
TGTCGGTTAAAGCCACTGTCTGAAT: GTCGGTTAAAGCCACTGTCTGAATA
TAAAATCGCCGCATCCCTATTCGAC: AAAATCGCCGCATCCCTATTCGACA
TTTGACATTGACAACGGCTTTGACT: TTGACATTGACAACGGCTTTGACTA
CCCTCGGGTGCTACGGGCGCTGTTT: CCTCGGGTGCTACGGGCGCTGTTTG
ACACCCCATCCTAGCAGACATCGGG: CACCCCATCCTAGCAGACATCGGGA
TCACATGGCTATGGAGATGATTAAT: CACATGGCTATGGAGATGATTAATT
GAAGTCGTCATGGTCACGCCGATTT: AAGTCGTCATGGTCACGCCGATTTG
TTTAGCATCCGTCAGGTGAATGGAT: TTAGCATCCGTCAGGTGAATGGATT
TACTTATCGCATAATCACTGCCATG: ACTTATCGCATAATCACTGCCATGG
CACGAAATTCAGTCGACCAGTGGAA: ACGAAATTCAGTCGACCAGTGGAAC
GTTGATGGAATGCATGGATAAGGGG: TTGATGGAATGCATGGATAAGGGGT
GGTTGGGACTGGCTGAATCCTCATA: GTTGGGACTGGCTGAATCCTCATAA
GACGCGTGCACAGGGACTCACTAAA: ACGCGTGCACAGGGACTCACTAAAG
ACCCTAGCAACGTTCTCTCCCTACG: CCCTAGCAACGTTCTCTCCCTACGT
TGGTTCGGATAAAATCGCCGCATCC: GGTTCGGATAAAATCGCCGCATCCC
CCACCGCCAGAAGCCGAGCTATTTT: CACCGCCAGAAGCCGAGCTATTTTA
ATATCGCCCGAAGGCGGGATGGAAT: TATCGCCCGAAGGCGGGATGGAATT
AACCGCTAAAGCATCAAGTCCCGAA: ACCGCTAAAGCATCAAGTCCCGAAC
CTGTCACCAGTCTCTAGTCACCACA: TGTCACCAGTCTCTAGTCACCACAT
CTCACAGTGTGACAAGGGAGCCGTG: TCACAGTGTGACAAGGGAGCCGTGA
AAGCGTGCTTATCCCTTAGGTATCT: AGCGTGCTTATCCCTTAGGTATCTG
GCTGTTGATGGATTTTCCTAGGTAG: CTGTTGATGGATTTTCCTAGGTAGA
CTGGGAACGAGCGGGGCCCCCCACC: TGGGAACGAGCGGGGCCCCCCACCA
ACATAACCAACGACACTTCCTCCAT: CATAACCAACGACACTTCCTCCATA
TTTTAGACGGCACCTTCGTACGGAG: TTTAGACGGCACCTTCGTACGGAGT
GCAGTTAGTAGATGTCCTACGTACG: CAGTTAGTAGATGTCCTACGTACGG
AGTCCTTTTTGATATGAAAATATCC: GTCCTTTTTGATATGAAAATATCCG
GAATTCCTGAATCTGGCCCGTAAAG: AATTCCTGAATCTGGCCCGTAAAGC
GGGCATTAACCCTACTAGACACGGA: GGCATTAACCCTACTAGACACGGAT
ATCCTAGTGAATAAGAATCAGCCCC: TCCTAGTGAATAAGAATCAGCCCCT
TAGGGCCTGTCCCGAGAGCCAGGGG: AGGGCCTGTCCCGAGAGCCAGGGGG
CCTTCTCCCACTGGGAATAACATCA: CTTCTCCCACTGGGAATAACATCAA
CACGTTGGCACTATCGCCTAAGGTC: ACGTTGGCACTATCGCCTAAGGTCA
ATAACCAGGCGCGACACGTCTATTT: TAACCAGGCGCGACACGTCTATTTA
GCCTGTACGCCTTTCGAAGTTCAAC: CCTGTACGCCTTTCGAAGTTCAACC
TTCCTATTACGGCCCGAGTGAGATG: TCCTATTACGGCCCGAGTGAGATGA
TCAGTCGACCAGTGGAACTGCAGAG: CAGTCGACCAGTGGAACTGCAGAGG
CATCTCCGTAGGGCCTGTCCCGAGA: ATCTCCGTAGGGCCTGTCCCGAGAG
ATCAAGTCACACGCCAAATATGGTA: TCAAGTCACACGCCAAATATGGTAC
ACGTACTCGTACACCGACACGAAAT: CGTACTCGTACACCGACACGAAATT
TTGTGGTCCAACCCCTAAATAAGCT: TGTGGTCCAACCCCTAAATAAGCTG
TTTGACGTATACACTGTAGTATGCT: TTGACGTATACACTGTAGTATGCTC
CTTGGCCACCGCCCTGACCTCGCCG: TTGGCCACCGCCCTGACCTCGCCGC
TCGATGGGCATTAACCCTACTAGAC: CGATGGGCATTAACCCTACTAGACA
GGAGCCCATGAGACCCCTTAGTAAT: GAGCCCATGAGACCCCTTAGTAATT
AAAATACGTCTAATACCAGCCTGCA: AAATACGTCTAATACCAGCCTGCAC
GCGGGATAAGGGAAATAAGGTACCT: CGGGATAAGGGAAATAAGGTACCTG
GTTGCTTCTATTCATGGAAAACCAA: TTGCTTCTATTCATGGAAAACCAAA
CGCCATCTCGGACGGGGTCGGCAAC: GCCATCTCGGACGGGGTCGGCAACT
ATTCTGTATTTAGATATGTATTTCA: TTCTGTATTTAGATATGTATTTCAG
ACTAAGCGCATCAACGATTATATCG: CTAAGCGCATCAACGATTATATCGC
AACAACTCTAGATGTACTTATCGCA: ACAACTCTAGATGTACTTATCGCAT
CCACCGGGCGTCACCTGAACGTGAA: CACCGGGCGTCACCTGAACGTGAAC
GAAATTAGAAGGGAGTTGCTTACCC: AAATTAGAAGGGAGTTGCTTACCCT
TCTCGACGGGCAACCACGGGGAATT: CTCGACGGGCAACCACGGGGAATTG
GCTCGGATCACGGTATTGTAGCAGG: CTCGGATCACGGTATTGTAGCAGGA
TCGCTTTCGCTTGTCTGCCCGAACT: CGCTTTCGCTTGTCTGCCCGAACTA
TGACGGTTAAATCTGAAGGACAATA: GACGGTTAAATCTGAAGGACAATAC
ACATGCTGTCGGCGATTCATTGCAG: CATGCTGTCGGCGATTCATTGCAGC
TAGCTGCTACGTGAGTACCACCGCC: AGCTGCTACGTGAGTACCACCGCCC
GTTTGCATTATAAAACTCACAATCT: TTTGCATTATAAAACTCACAATCTT
GATCATTCCCTATGATCAAACGCCG: ATCATTCCCTATGATCAAACGCCGC
AAGGTTGGACAGTGACACCCCATCC: AGGTTGGACAGTGACACCCCATCCT
ATTGACAACGGCTTTGACTATTATC: TTGACAACGGCTTTGACTATTATCC
GCGTCACCTGAACGTGAACCTCCAT: CGTCACCTGAACGTGAACCTCCATT
CATTTGTGAGAGTGAAGCAGACGCG: ATTTGTGAGAGTGAAGCAGACGCGT
TCCTTTTTGATATGAAAATATCCGG: CCTTTTTGATATGAAAATATCCGGT
CCCTACGTGCCTAGCTGCTACGTGA: CCTACGTGCCTAGCTGCTACGTGAG
ATGTAAGTGTACTCTCTACGGGGGC: TGTAAGTGTACTCTCTACGGGGGCG
GTCGACCAGTGGAACTGCAGAGGTG: TCGACCAGTGGAACTGCAGAGGTGG
TTTGAACTGGTGAGTTTAATCACGA: TTGAACTGGTGAGTTTAATCACGAA
ATCGGCTGACTGACCAGACATCTCC: TCGGCTGACTGACCAGACATCTCCA
GTATACCGTTAATATCTCCTGTACG: TATACCGTTAATATCTCCTGTACGG
CCACCACCGTCCTAATCATCAAGAA: CACCACCGTCCTAATCATCAAGAAA
GATCCTCAACATTCACGTCATCCCT: ATCCTCAACATTCACGTCATCCCTA
CCATTGGCAAGGCAGTTAGTAGATG: CATTGGCAAGGCAGTTAGTAGATGT
AATCCTGACAGAAATTAGAAGGGAG: ATCCTGACAGAAATTAGAAGGGAGT
GGAGCCGTGACAAGGCCGCAGGCAG: GAGCCGTGACAAGGCCGCAGGCAGA
ATGTGAGACTCGAAAATACGTCTAA: TGTGAGACTCGAAAATACGTCTAAT
CGCTGATATGTCCTTGCGGCCCCGC: GCTGATATGTCCTTGCGGCCCCGCC
GCGTGCTTATCCCTTAGGTATCTGA: CGTGCTTATCCCTTAGGTATCTGAC
ATGCCCGGACAGATTCTGTATTTAG: TGCCCGGACAGATTCTGTATTTAGA
GATCACGGTATTGTAGCAGGAAAAC: ATCACGGTATTGTAGCAGGAAAACC
TGCAGCCCACCCTAGCAACGTTCTC: GCAGCCCACCCTAGCAACGTTCTCT
CAGACTGAAGTCATTCTGTGTCGGC: AGACTGAAGTCATTCTGTGTCGGCC
CTGCCATGGTATTGCCCATCGTGAT: TGCCATGGTATTGCCCATCGTGATG
GAAGATAGAATTGTAGGAGAAAAGT: AAGATAGAATTGTAGGAGAAAAGTG
TCACTACGGCTTGGCCCCCGGGTAC: CACTACGGCTTGGCCCCCGGGTACT
TGGTGGGTGACTTAAGCACGGACTC: GGTGGGTGACTTAAGCACGGACTCC
TTCCTAGGTAGAAAAAGGCCTTACG: TCCTAGGTAGAAAAAGGCCTTACGG
GCCCGTGACATGGAAATCACACTGA: CCCGTGACATGGAAATCACACTGAT
CGGATAAAATCGCCGCATCCCTATT: GGATAAAATCGCCGCATCCCTATTC
AGACTCGAAAATACGTCTAATACCA: GACTCGAAAATACGTCTAATACCAG
TGGTTGTTTGAACTGGTGAGTTTAA: GGTTGTTTGAACTGGTGAGTTTAAT
GCGTTTAAGGTTGGACAGTGACACC: CGTTTAAGGTTGGACAGTGACACCC
AGATCTAATCTCGGTGGTCTCTCGA: GATCTAATCTCGGTGGTCTCTCGAC
CTCATAAAATAGCCATGACGGTTAA: TCATAAAATAGCCATGACGGTTAAA
CTGCAAGCCGTATGAGCCTCATAAA: TGCAAGCCGTATGAGCCTCATAAAA
TATGTAAACGGACCCACAGCGTTTA: ATGTAAACGGACCCACAGCGTTTAA
GCCTGTAGCGTTTGGTTCGGATAAA: CCTGTAGCGTTTGGTTCGGATAAAA
ATGTTTACTTGGATTCGGTGCCTGT: TGTTTACTTGGATTCGGTGCCTGTA
TCCTGACAGAAATTAGAAGGGAGTT: CCTGACAGAAATTAGAAGGGAGTTG
AGTGCCGCCCCCACCTTTAGATGAA: GTGCCGCCCCCACCTTTAGATGAAT
AGTAGTCCTTTTTGATATGAAAATA: GTAGTCCTTTTTGATATGAAAATAT
ACATCATAACGCCCTTGTAAGCCTT: CATCATAACGCCCTTGTAAGCCTTC
GATATGAAAATATCCGGTTAAGACC: ATATGAAAATATCCGGTTAAGACCT
AGTCACCACATTAACGTTCGGCAGG: GTCACCACATTAACGTTCGGCAGGC
TCCATTTAGCATCCGTCAGGTGAAT: CCATTTAGCATCCGTCAGGTGAATG
CGGACCCACAGCGTTTAAGGTTGGA: GGACCCACAGCGTTTAAGGTTGGAC
CGACCATGCCTGCACTCGAAATTCC: GACCATGCCTGCACTCGAAATTCCG
CATCTCCTAGCGACCCATTCGCGTG: ATCTCCTAGCGACCCATTCGCGTGG
TTGACGACCATGCCTGCACTCGAAA: TGACGACCATGCCTGCACTCGAAAT
AGGACTCTCCGAGTATTTTTGGGCG: GGACTCTCCGAGTATTTTTGGGCGT
TACGAATCCTGACAGAAATTAGAAG: ACGAATCCTGACAGAAATTAGAAGG
CGGGAATGAGTCCCCATCGAGCGTT: GGGAATGAGTCCCCATCGAGCGTTC
TATCTGACAACATCCAGGGCAGCTA: ATCTGACAACATCCAGGGCAGCTAG
GGCCAAGGCACATATGGGCAGGCGC: GCCAAGGCACATATGGGCAGGCGCC
CTACACACTAAGCGCATCAACGATT: TACACACTAAGCGCATCAACGATTA
CACTGTAGTATGCTCGGATCACGGT: ACTGTAGTATGCTCGGATCACGGTA
TCTGCGATTGATTTTCGTCAGGCGC: CTGCGATTGATTTTCGTCAGGCGCC
CCTTTCCCGGCGTGTCCGACTGATC: CTTTCCCGGCGTGTCCGACTGATCC
ACTATGTCGCAGGACTTACGACATC: CTATGTCGCAGGACTTACGACATCA
GTGGCGCTCGTTAGCTTAACAACTT: TGGCGCTCGTTAGCTTAACAACTTT
GATTGATTGATTTAGCTTGTGGGTC: ATTGATTGATTTAGCTTGTGGGTCG
TCGATTTTATGATCCTTATTGACGT: CGATTTTATGATCCTTATTGACGTT
AAAAATCTCGATGGGCATTAACCCT: AAAATCTCGATGGGCATTAACCCTA
GAAACCACGAGAGCTGAATAAGTGA: AAACCACGAGAGCTGAATAAGTGAA
TTTACTTGGATTCGGTGCCTGTAGC: TTACTTGGATTCGGTGCCTGTAGCG
ATGGCGGGCATTCTGTGCTCGCCAT: TGGCGGGCATTCTGTGCTCGCCATG
TGGTCAGTACATTTTATAACCAGGC: GGTCAGTACATTTTATAACCAGGCG
CAGCTGTGACAGTCGTAACGGCCCG: AGCTGTGACAGTCGTAACGGCCCGG
GTCGTATATACCAATATTAGCCCTG: TCGTATATACCAATATTAGCCCTGC
CAACCTAACTATGTCGCAGGACTTA: AACCTAACTATGTCGCAGGACTTAC
ATACCAATGGAGTTATAGGATCGAG: TACCAATGGAGTTATAGGATCGAGG
CCTTTCTGCAAGCCGTATGAGCCTC: CTTTCTGCAAGCCGTATGAGCCTCA
GTGAATCCTAGTGAATAAGAATCAG: TGAATCCTAGTGAATAAGAATCAGC
CGCAGGACTTACGACATCAAGCGCG: GCAGGACTTACGACATCAAGCGCGA
CATCTTAGCCCCCGAGGCCATTGGC: ATCTTAGCCCCCGAGGCCATTGGCA
CGCCAGAAGCCGAGCTATTTTAGAC: GCCAGAAGCCGAGCTATTTTAGACG
AAACGCCGCACCAAACAACTCTAGA: AACGCCGCACCAAACAACTCTAGAT
ACTCGATTTTATGATCCTTATTGAC: CTCGATTTTATGATCCTTATTGACG
GCCTTTTACACGCGGCTCACGAGAG: CCTTTTACACGCGGCTCACGAGAGG
GCCCGGACAGATTCTGTATTTAGAT: CCCGGACAGATTCTGTATTTAGATA
ACTTGGCCACCGCCCTGACCTCGCC: CTTGGCCACCGCCCTGACCTCGCCG
GGCTTGGCCCCCGGGTACTCAATTG: GCTTGGCCCCCGGGTACTCAATTGT
GGCGTAGCAAACATGAGCGCCCGGA: GCGTAGCAAACATGAGCGCCCGGAC
CCAAACGGAGAATAACTAAATCTAT: CAAACGGAGAATAACTAAATCTATA
CACAATTTGTTTTGTCATCACGGAC: ACAATTTGTTTTGTCATCACGGACC
TCCTTATTGACGTTTGCATTATAAA: CCTTATTGACGTTTGCATTATAAAA
CAACATCTTAGCCCCCGAGGCCATT: AACATCTTAGCCCCCGAGGCCATTG
TATGAGATATATGTGTCATCTCGGC: ATGAGATATATGTGTCATCTCGGCC
GGGTAGGGGGGAGTGTTGTGATCAA: GGTAGGGGGGAGTGTTGTGATCAAA
TATCTCACGTCTACCTTCCGGGAAT: ATCTCACGTCTACCTTCCGGGAATG
CCCGCCCACGGTAATTACTAAAAAA: CCGCCCACGGTAATTACTAAAAAAA
CCTCAAGAGGACTCTCCGAGTATTT: CTCAAGAGGACTCTCCGAGTATTTT
CCATTTAGCATCCGTCAGGTGAATG: CATTTAGCATCCGTCAGGTGAATGG
GGCCTTGTGGTCCAACCCCTAAATA: GCCTTGTGGTCCAACCCCTAAATAA
ATCACGCCGATTTTCTTTAGATCGT: TCACGCCGATTTTCTTTAGATCGTG
CTCGGTCACCGAAAACCTATTTATG: TCGGTCACCGAAAACCTATTTATGC
TCGAGCACGGACCCGCCCGTGACAT: CGAGCACGGACCCGCCCGTGACATG
ATGCACCGCTGTTAGATCAAGTAGT: TGCACCGCTGTTAGATCAAGTAGTC
TGTGAGTTAGAATATCGCCCGAAGG: GTGAGTTAGAATATCGCCCGAAGGC
ACTTTACGTCGATGCCTTCCTATTA: CTTTACGTCGATGCCTTCCTATTAC
ACAGCTGGTCCAGACTTTCTAGAGC: CAGCTGGTCCAGACTTTCTAGAGCA
ATCATTGTCTCCCACCGGTGGTCAG: TCATTGTCTCCCACCGGTGGTCAGT
ACTCGTACACCGACACGAAATTCAG: CTCGTACACCGACACGAAATTCAGT
CATCAAGTCCCGAACTGGCGATGCA: ATCAAGTCCCGAACTGGCGATGCAC
CCCGGACACACATGCTGTCGGCGAT: CCGGACACACATGCTGTCGGCGATT
CAAACGCAGTCAATACCAGAGATCT: AAACGCAGTCAATACCAGAGATCTC
AAATAAGCTGGCCAAACGGAGAATA: AATAAGCTGGCCAAACGGAGAATAA
GCCCGAAGGCGGGATGGAATTCCTG: CCCGAAGGCGGGATGGAATTCCTGA
CGTCCTAATCATCAAGAAACAGACA: GTCCTAATCATCAAGAAACAGACAA
ACTAAAGCATATTTATAGGGTCCTC: CTAAAGCATATTTATAGGGTCCTCA
CCCAGTCGGGGGGTCTCTTTCATCT: CCAGTCGGGGGGTCTCTTTCATCTC
GTGATGCCCGAGGTATTGGGAGTAA: TGATGCCCGAGGTATTGGGAGTAAC
CTTAGTAATTAATTTTATGCCCGGA: TTAGTAATTAATTTTATGCCCGGAC
TTTTACACGCGGCTCACGAGAGGAA: TTTACACGCGGCTCACGAGAGGAAG
TATTTAGATATGTATTTCAGCGATG: ATTTAGATATGTATTTCAGCGATGT
GAGCACAATCATATTTTCACGCTCC: AGCACAATCATATTTTCACGCTCCA
GCTGTCACCAGTCTCTAGTCACCAC: CTGTCACCAGTCTCTAGTCACCACA
CTGACAGAAATTAGAAGGGAGTTGC: TGACAGAAATTAGAAGGGAGTTGCT
TTCTTATCAACATCGTCAGAAGTGA: TCTTATCAACATCGTCAGAAGTGAC
AACGCCTTTCCCGGCGTGTCCGACT: ACGCCTTTCCCGGCGTGTCCGACTG
TAGCCCTGCCTATAGTTACGTTCCT: AGCCCTGCCTATAGTTACGTTCCTC
GCTATTTTAGACGGCACCTTCGTAC: CTATTTTAGACGGCACCTTCGTACG
CATAACCAACGACACTTCCTCCATA: ATAACCAACGACACTTCCTCCATAG
CGCCCCGCTAGCTGCTGTTTATCTC: GCCCCGCTAGCTGCTGTTTATCTCA
ATACATCATAACGCCCTTGTAAGCC: TACATCATAACGCCCTTGTAAGCCT
TTGGACAGTGACACCCCATCCTAGC: TGGACAGTGACACCCCATCCTAGCA
CTAGATGTACTTATCGCATAATCAC: TAGATGTACTTATCGCATAATCACT
CGACCTCATTACATCAAACTCTCAG: GACCTCATTACATCAAACTCTCAGA
CACGAAGTCTGCGATTGATTTTCGT: ACGAAGTCTGCGATTGATTTTCGTC
CGAGCGTTCCAAATGCCCGCTCGGC: GAGCGTTCCAAATGCCCGCTCGGCC
CGAACTGGCTTGCATGTCCCAACGT: GAACTGGCTTGCATGTCCCAACGTG
TGGCAAATTGACCCACTGCTAAGCG: GGCAAATTGACCCACTGCTAAGCGA
CTCTGGCCAAGGCACATATGGGCAG: TCTGGCCAAGGCACATATGGGCAGG
AAGCCGTATGAGCCTCATAAAATAG: AGCCGTATGAGCCTCATAAAATAGC
AGGCCGCAGGCAGATGTGAGACTCG: GGCCGCAGGCAGATGTGAGACTCGA
GTCGATACATCATAACGCCCTTGTA: TCGATACATCATAACGCCCTTGTAA
CATTAACGTTCGGCAGGCCGGCGGG: ATTAACGTTCGGCAGGCCGGCGGGA
ACCTATTTATGCCGAGAGCGACTAC: CCTATTTATGCCGAGAGCGACTACG
TGACATTGACAACGGCTTTGACTAT: GACATTGACAACGGCTTTGACTATT
TAAAGCTGAAACTCACATGGCTATG: AAAGCTGAAACTCACATGGCTATGG
TTAAGGGGTCATCCACCATGCTACA: TAAGGGGTCATCCACCATGCTACAC
TCACACTACCCTAGATGGAAACCAC: CACACTACCCTAGATGGAAACCACG
ACATGGTTTTAGTGGTTCCGCACGA: CATGGTTTTAGTGGTTCCGCACGAC
GTTGTCCGAACGACGTCGTGCGTAC: TTGTCCGAACGACGTCGTGCGTACT
GGTGAATGGATTAATAGCGGCCTTT: GTGAATGGATTAATAGCGGCCTTTT
AGATAGAATTGTAGGAGAAAAGTGC: GATAGAATTGTAGGAGAAAAGTGCC
TTTAGCTTGTGGGTCGTATATACCA: TTAGCTTGTGGGTCGTATATACCAA
GGACTGGCTGAATCCTCATAACTTG: GACTGGCTGAATCCTCATAACTTGC
GAGATCTCTGGCCTTACTCAACGTG: AGATCTCTGGCCTTACTCAACGTGT
GATGTCCTACGTACGGCTAGACCCG: ATGTCCTACGTACGGCTAGACCCGC
ACAAGCAGCTGTTGGTGGGTGACTT: CAAGCAGCTGTTGGTGGGTGACTTA
TCGGCTGACTGACCAGACATCTCCA: CGGCTGACTGACCAGACATCTCCAG
CACTCCCAACTCTTGGTAAATCTGT: ACTCCCAACTCTTGGTAAATCTGTT
TCCTACAGCAGGCCTTGATGCTTGT: CCTACAGCAGGCCTTGATGCTTGTC
GCCGAGCAATGGATATTAATACTTG: CCGAGCAATGGATATTAATACTTGG
TACATCAAACTCTCAGAGCCATGAC: ACATCAAACTCTCAGAGCCATGACG
TAGCCATGACGGTTAAATCTGAAGG: AGCCATGACGGTTAAATCTGAAGGA
TCCTCATAACTTGCGGACGGCATTG: CCTCATAACTTGCGGACGGCATTGG
AAACCCAGTCGGGGGGTCTCTTTCA: AACCCAGTCGGGGGGTCTCTTTCAT
GCCCCCCACCACCGTCCTAATCATC: CCCCCCACCACCGTCCTAATCATCA
TAGCGACCCATTCGCGTGGGGACTC: AGCGACCCATTCGCGTGGGGACTCT
GGTCACCGAAAACCTATTTATGCCG: GTCACCGAAAACCTATTTATGCCGA
CCGAACGACGTCGTGCGTACTGACA: CGAACGACGTCGTGCGTACTGACAT
GTAAACGGACCCACAGCGTTTAAGG: TAAACGGACCCACAGCGTTTAAGGT
GGATCACGGTATTGTAGCAGGAAAA: GATCACGGTATTGTAGCAGGAAAAC
CGTTTGAAGAAATATGAGTCGCTAA: GTTTGAAGAAATATGAGTCGCTAAT
CTAAAGCCCCTCCGAGCTCTGTAGC: TAAAGCCCCTCCGAGCTCTGTAGCT
TTATAGGGTCCTCACTAAGCACTTT: TATAGGGTCCTCACTAAGCACTTTC
GACATCGGGACCGACAAGCAGCTGT: ACATCGGGACCGACAAGCAGCTGTT
GCGCCCGGACACACATGCTGTCGGC: CGCCCGGACACACATGCTGTCGGCG
AAAAGTGCCGCCCCCACCTTTAGAT: AAAGTGCCGCCCCCACCTTTAGATG
CCACGGTAATTACTAAAAAAATCTC: CACGGTAATTACTAAAAAAATCTCG
TGATGTCGCGTTAGCCCTTCTCCCA: GATGTCGCGTTAGCCCTTCTCCCAC
ACGTCAAGTACGGCCTTGTGGTCCA: CGTCAAGTACGGCCTTGTGGTCCAA
TTCGAAATCACGCCGATTTTCTTTA: TCGAAATCACGCCGATTTTCTTTAG
TTGACGTATACACTGTAGTATGCTC: TGACGTATACACTGTAGTATGCTCG
AGCGGACACTCTTATCATGTAAGTG: GCGGACACTCTTATCATGTAAGTGT
GAACGACGTCGTGCGTACTGACATG: AACGACGTCGTGCGTACTGACATGC
TAAGGCTTCTGGGGTGTCCGCTATA: AAGGCTTCTGGGGTGTCCGCTATAG
TCTTATGAGATATATGTGTCATCTC: CTTATGAGATATATGTGTCATCTCG
GTGTTGCCGTGGCGATCCTGCGCCC: TGTTGCCGTGGCGATCCTGCGCCCT
